T32FC 000:004.642   SEGGER J-Link V9.14a Log File
T32FC 000:005.027   DLL Compiled: Jan 28 2026 17:11:52
T32FC 000:005.055   Logging started @ 2026-05-12 08:58
T32FC 000:005.081   Process: C:\Users\admin\.eclipse\com.renesas.platform_1435879475\DebugComp\RA\e2-server-gdb.exe
T32FC 000:005.126 - 5.110ms 
T32FC 000:005.183 JLINK_GetDLLVersion()
T32FC 000:005.209 - 0.030ms returns 91401
T32FC 000:013.930 JLINK_OpenEx(...)
T32FC 000:033.598   Firmware: J-Link OB-S124 compiled Dec 10 2025 15:52:46
T32FC 000:034.729   Firmware: J-Link OB-S124 compiled Dec 10 2025 15:52:46
T32FC 000:059.483   Hardware: V1.00
T32FC 000:059.541   S/N: 831895436
T32FC 000:059.576   OEM: SEGGER
T32FC 000:059.624   Feature(s): None
T32FC 000:060.813   Bootloader: 2019 Oct 15
T32FC 000:061.701   USB speed mode: Full speed (12 MBit/s)
T32FC 000:062.513   TELNET listener socket opened on port 19021
T32FC 000:062.944   WEBSRV WEBSRV_Init(): Starting webserver thread(s)
T32FC 000:063.272   WEBSRV Webserver running on local port 19080
T32FC 000:063.606   Looking for J-Link GUI Server exe at: C:\Users\admin\.eclipse\com.renesas.platform_1435879475\DebugComp\RA\ARM\Segger_v9.14.1\JLinkGUIServer.exe
T32FC 000:063.973   Looking for J-Link GUI Server exe at: C:\Program Files\SEGGER\JLink_V942\JLinkGUIServer.exe
T32FC 000:064.099   Forking J-Link GUI Server: C:\Program Files\SEGGER\JLink_V942\JLinkGUIServer.exe
T32FC 000:144.903   J-Link GUI Server info: "J-Link GUI server V9.42 "
T32FC 000:151.812 - 137.870ms returns "O.K."
T32FC 000:152.094 JLINK_ExecCommand("ProjectFile=C:\Users\admin\e2_studio\workspace\rtos2/rtos2 Debug_Flat.jlink", ...). 
T32FC 000:226.207 - 74.118ms returns 0x00
T32FC 000:227.656 JLINK_ExecCommand("device=R7FA6M5BH", ...). 
T32FC 000:230.434   Flash bank @ 0x0100A100: SFL: Parsing sectorization info from ELF file
T32FC 000:230.514     FlashDevice.SectorInfo[0]: .SectorSize = 0x00000010, .SectorStartAddr = 0x00000000
T32FC 000:230.552   FlashBank @0x0100A100: Sectorization info from SFL ELF file ignored because sectorization override from DLL / XML file is active.
T32FC 000:230.684   Flash bank @ 0x00000000: SFL: Parsing sectorization info from ELF file
T32FC 000:230.726     FlashDevice.SectorInfo[0]: .SectorSize = 0x00002000, .SectorStartAddr = 0x00000000
T32FC 000:230.765   FlashBank @0x00000000: Sectorization info from SFL ELF file ignored because sectorization override from DLL / XML file is active.
T32FC 000:232.035   Flash bank @ 0x08000000: SFL: Parsing sectorization info from ELF file
T32FC 000:232.089     FlashDevice.SectorInfo[0]: .SectorSize = 0x00000040, .SectorStartAddr = 0x00000000
T32FC 000:232.124   FlashBank @0x08000000: Sectorization info from SFL ELF file ignored because sectorization override from DLL / XML file is active.
T32FC 000:232.404   Flash bank @ 0x60000000: SFL: Parsing sectorization info from ELF file
T32FC 000:232.447     FlashDevice.SectorInfo[0]: .SectorSize = 0x00010000, .SectorStartAddr = 0x00000000
T32FC 000:240.578   Device "R7FA6M5BH" selected.
T32FC 000:241.368 - 13.710ms returns 0x00
T32FC 000:241.428 JLINK_TIF_GetAvailable(...)
T32FC 000:243.071 - 1.641ms 
T32FC 000:243.155 JLINK_TIF_Select(JLINKARM_TIF_SWD)
T32FC 000:246.645 - 3.488ms returns 0x00
T32FC 000:246.727 JLINK_SetSpeed(4000)
T32FC 000:246.875 - 0.158ms 
T32FC 000:246.982 JLINK_ReadMem(0xE000EDF0, 0x4 Bytes, ...)
T32FC 000:247.336   ConfigTargetSettings() start
T32FC 000:247.381    J-Link Script File: Executing ConfigTargetSettings()
T32FC 000:247.416   Configuring FlashDLNoRMWThreshold=0x200 in order to make sure that option bytes programming is done via read-modify-write
T32FC 000:322.703   ConfigTargetSettings() end - Took 75.3ms
T32FC 000:322.786   InitTarget() start
T32FC 000:322.825    J-Link Script File: Executing InitTarget()
T32FC 000:322.864   SWD selected. Executing JTAG -> SWD switching sequence.
T32FC 000:349.144   DAP initialized successfully.
T32FC 000:349.208   Determining TrustZone configuration...
T32FC 000:351.740     Secure Debug: Enabled (SSD)
T32FC 000:351.805   Determining currently configured transfer type by reading the AHB-AP CSW register.
T32FC 000:354.470     --> Correct transfer type configured. Done.
T32FC 000:354.548   InitTarget() end - Took 31.7ms
T32FC 000:356.033   Found SW-DP with ID 0x6BA02477
T32FC 000:388.331   DPIDR: 0x6BA02477
T32FC 000:388.395   CoreSight SoC-400 or earlier
T32FC 000:388.442   Scanning AP map to find all available APs
T32FC 000:404.703   AP[2]: Stopped AP scan as end of AP map has been reached
T32FC 000:404.786   AP[0]: AHB-AP (IDR: 0x84770001, ADDR: 0x00000000)
T32FC 000:404.822   AP[1]: APB-AP (IDR: 0x54770002, ADDR: 0x01000000)
T32FC 000:404.861   Iterating through AP map to find AHB-AP to use
T32FC 000:407.619   AP[0]: Core found
T32FC 000:407.855   AP[0]: AHB-AP ROM base: 0xE00FE000
T32FC 000:410.003   CPUID register: 0x410FD214. Implementer code: 0x41 (ARM)
T32FC 000:410.104   Feature set: Mainline
T32FC 000:412.188   Cache: No cache
T32FC 000:412.685   Found Cortex-M33 r0p4, Little endian.
T32FC 000:413.323   -- Max. mem block: 0x00001B60
T32FC 000:414.974   CPU_ReadMem(4 bytes @ 0xE000EDF0)
T32FC 000:415.898   CPU_WriteMem(4 bytes @ 0xE000EDF0)
T32FC 000:416.555   CPU_ReadMem(4 bytes @ 0xE0002000)
T32FC 000:417.168   FPUnit: 8 code (BP) slots and 0 literal slots
T32FC 000:417.216   CPU_ReadMem(4 bytes @ 0xE000EDFC)
T32FC 000:417.843   CPU_WriteMem(4 bytes @ 0xE000EDFC)
T32FC 000:418.509   CPU_ReadMem(4 bytes @ 0xE0001000)
T32FC 000:419.130   CPU_ReadMem(4 bytes @ 0xE0001000)
T32FC 000:419.777   CPU_ReadMem(4 bytes @ 0xE0001028)
T32FC 000:420.381   CPU_ReadMem(4 bytes @ 0xE0001038)
T32FC 000:421.025   CPU_ReadMem(4 bytes @ 0xE0001048)
T32FC 000:421.633   CPU_ReadMem(4 bytes @ 0xE0001058)
T32FC 000:422.311   CPU_WriteMem(4 bytes @ 0xE0001000)
T32FC 000:422.985   CPU_ReadMem(4 bytes @ 0xE000ED88)
T32FC 000:423.601   CPU_WriteMem(4 bytes @ 0xE000ED88)
T32FC 000:424.297   CPU_ReadMem(4 bytes @ 0xE000ED88)
T32FC 000:424.894   CPU_WriteMem(4 bytes @ 0xE000ED88)
T32FC 000:425.797   CPU_ReadMem(4 bytes @ 0xE000EFB8)
T32FC 000:426.418   Security extension: implemented
T32FC 000:426.480   Secure debug: enabled
T32FC 000:426.514   CoreSight components:
T32FC 000:426.548   ROMTbl[0] @ E00FE000
T32FC 000:426.582   CPU_ReadMem(64 bytes @ 0xE00FE000)
T32FC 000:428.150   CPU_ReadMem(32 bytes @ 0xE0044FE0)
T32FC 000:429.166   CPU_ReadMem(4 bytes @ 0xE0044FBC)
T32FC 000:429.816   CPU_ReadMem(4 bytes @ 0xE0044FCC)
T32FC 000:431.243   [0][0]: E0044000 CID B105900D PID 005BB906 DEVARCH 00000000 DEVTYPE 14 CTI (?)
T32FC 000:431.311   CPU_ReadMem(32 bytes @ 0xE0047FE0)
T32FC 000:433.038   CPU_ReadMem(4 bytes @ 0xE0047FBC)
T32FC 000:433.894   CPU_ReadMem(4 bytes @ 0xE0047FCC)
T32FC 000:436.196   [0][1]: E0047000 CID B105900D PID 003BB908 DEVARCH 00000000 DEVTYPE 12 CSTF
T32FC 000:436.273   CPU_ReadMem(32 bytes @ 0xE0048FE0)
T32FC 000:438.144   CPU_ReadMem(4 bytes @ 0xE0048FBC)
T32FC 000:439.717   CPU_ReadMem(4 bytes @ 0xE0048FCC)
T32FC 000:441.593   [0][2]: E0048000 CID B105900D PID 001BB961 DEVARCH 00000000 DEVTYPE 21 TMC
T32FC 000:441.662   CPU_ReadMem(32 bytes @ 0xE0049FE0)
T32FC 000:444.205   [0][3]: E0049000 CID B105F00D PID 001BB101 TSG
T32FC 000:444.274   CPU_ReadMem(32 bytes @ 0xE0040FE0)
T32FC 000:445.347   CPU_ReadMem(4 bytes @ 0xE0040FBC)
T32FC 000:446.160   CPU_ReadMem(4 bytes @ 0xE0040FCC)
T32FC 000:446.820   [0][4]: E0040000 CID B105900D PID 000BBD21 DEVARCH 00000000 DEVTYPE 11 TPIU
T32FC 000:446.869   CPU_ReadMem(32 bytes @ 0xE00FFFE0)
T32FC 000:447.830   [0][5]: E00FF000 CID B105100D PID 000BB4C9 ROM Table
T32FC 000:447.876   ROMTbl[1] @ E00FF000
T32FC 000:447.913   CPU_ReadMem(64 bytes @ 0xE00FF000)
T32FC 000:449.309   CPU_ReadMem(32 bytes @ 0xE000EFE0)
T32FC 000:450.326   CPU_ReadMem(4 bytes @ 0xE000EFBC)
T32FC 000:450.973   CPU_ReadMem(4 bytes @ 0xE000EFCC)
T32FC 000:451.593   [1][0]: E000E000 CID B105900D PID 000BBD21 DEVARCH 47702A04 DEVTYPE 00 Cortex-M33
T32FC 000:451.644   CPU_ReadMem(32 bytes @ 0xE0001FE0)
T32FC 000:452.601   CPU_ReadMem(4 bytes @ 0xE0001FBC)
T32FC 000:453.302   CPU_ReadMem(4 bytes @ 0xE0001FCC)
T32FC 000:453.938   [1][1]: E0001000 CID B105900D PID 000BBD21 DEVARCH 47701A02 DEVTYPE 00 DWT
T32FC 000:453.988   CPU_ReadMem(32 bytes @ 0xE0002FE0)
T32FC 000:454.950   CPU_ReadMem(4 bytes @ 0xE0002FBC)
T32FC 000:455.580   CPU_ReadMem(4 bytes @ 0xE0002FCC)
T32FC 000:456.191   [1][2]: E0002000 CID B105900D PID 000BBD21 DEVARCH 47701A03 DEVTYPE 00 FPB
T32FC 000:456.239   CPU_ReadMem(32 bytes @ 0xE0000FE0)
T32FC 000:457.210   CPU_ReadMem(4 bytes @ 0xE0000FBC)
T32FC 000:457.850   CPU_ReadMem(4 bytes @ 0xE0000FCC)
T32FC 000:458.535   [1][3]: E0000000 CID B105900D PID 000BBD21 DEVARCH 47701A01 DEVTYPE 43 ITM
T32FC 000:458.637   CPU_ReadMem(32 bytes @ 0xE0041FE0)
T32FC 000:459.603   CPU_ReadMem(4 bytes @ 0xE0041FBC)
T32FC 000:460.232   CPU_ReadMem(4 bytes @ 0xE0041FCC)
T32FC 000:460.889   [1][5]: E0041000 CID B105900D PID 002BBD21 DEVARCH 47724A13 DEVTYPE 13 ETM
T32FC 000:460.943   CPU_ReadMem(32 bytes @ 0xE0042FE0)
T32FC 000:461.919   CPU_ReadMem(4 bytes @ 0xE0042FBC)
T32FC 000:462.691   CPU_ReadMem(4 bytes @ 0xE0042FCC)
T32FC 000:463.340   [1][6]: E0042000 CID B105900D PID 000BBD21 DEVARCH 47701A14 DEVTYPE 14 CSS600-CTI
T32FC 000:463.507   CPU_ReadMem(4 bytes @ 0xE000EDF0)
T32FC 000:464.135   Data:  01 00 10 01
T32FC 000:464.172   Debug reg: DHCSR
T32FC 000:464.203 - 217.221ms returns 0
T32FC 000:464.336 JLINK_ReadMem(0x400E002C, 0x4 Bytes, ...)
T32FC 000:464.377   CPU_ReadMem(4 bytes @ 0x400E002C)
T32FC 000:465.049   Data:  02 00 00 00
T32FC 000:465.157 - 0.821ms returns 0
T32FC 000:465.256 JLINK_ReadMem(0xE000EDF0, 0x4 Bytes, ...)
T32FC 000:465.296   CPU_ReadMem(4 bytes @ 0xE000EDF0)
T32FC 000:465.932   Data:  01 00 10 01
T32FC 000:465.989   Debug reg: DHCSR
T32FC 000:466.030 - 0.774ms returns 0
T32FC 000:466.248 JLINK_ReadMem(0xE000EDF0, 0x4 Bytes, ...)
T32FC 000:466.293   CPU_ReadMem(4 bytes @ 0xE000EDF0)
T32FC 000:466.982   Data:  01 00 10 01
T32FC 000:467.028   Debug reg: DHCSR
T32FC 000:467.064 - 0.816ms returns 0
T32FC 000:467.101 JLINK_ReadMem(0x400E001C, 0x4 Bytes, ...)
T32FC 000:467.132   CPU_ReadMem(4 bytes @ 0x400E001C)
T32FC 000:467.778   Data:  00 78 00 00
T32FC 000:467.815 - 0.714ms returns 0
T32FC 000:467.853 JLINK_ReadMem(0xE000EDF0, 0x4 Bytes, ...)
T32FC 000:467.877   CPU_ReadMem(4 bytes @ 0xE000EDF0)
T32FC 000:468.475   Data:  01 00 10 01
T32FC 000:468.509   Debug reg: DHCSR
T32FC 000:468.534 - 0.681ms returns 0
T32FC 000:468.561 JLINK_ReadMem(0x400E0018, 0x4 Bytes, ...)
T32FC 000:468.585   CPU_ReadMem(4 bytes @ 0x400E0018)
T32FC 000:469.170   Data:  00 80 00 00
T32FC 000:469.204 - 0.642ms returns 0
T32FC 000:469.238 JLINK_ReadMem(0xE000EDF0, 0x4 Bytes, ...)
T32FC 000:469.262   CPU_ReadMem(4 bytes @ 0xE000EDF0)
T32FC 000:469.873   Data:  01 00 10 01
T32FC 000:469.906   Debug reg: DHCSR
T32FC 000:469.931 - 0.693ms returns 0
T32FC 000:469.958 JLINK_ReadMem(0x400E0020, 0x4 Bytes, ...)
T32FC 000:469.981   CPU_ReadMem(4 bytes @ 0x400E0020)
T32FC 000:470.574   Data:  00 00 00 00
T32FC 000:470.607 - 0.649ms returns 0
T32FC 000:470.651 JLINK_ReadMem(0xE000EDF0, 0x4 Bytes, ...)
T32FC 000:470.675   CPU_ReadMem(4 bytes @ 0xE000EDF0)
T32FC 000:471.300   Data:  01 00 10 01
T32FC 000:471.333   Debug reg: DHCSR
T32FC 000:471.358 - 0.706ms returns 0
T32FC 000:471.385 JLINK_ReadMem(0x400E0028, 0x4 Bytes, ...)
T32FC 000:471.408   CPU_ReadMem(4 bytes @ 0x400E0028)
T32FC 000:471.991   Data:  00 18 00 00
T32FC 000:472.025 - 0.640ms returns 0
T32FC 000:472.059 JLINK_ReadMem(0xE000EDF0, 0x4 Bytes, ...)
T32FC 000:472.083   CPU_ReadMem(4 bytes @ 0xE000EDF0)
T32FC 000:472.674   Data:  01 00 10 01
T32FC 000:472.707   Debug reg: DHCSR
T32FC 000:472.732 - 0.673ms returns 0
T32FC 000:472.759 JLINK_ReadMem(0x400E0024, 0x4 Bytes, ...)
T32FC 000:472.782   CPU_ReadMem(4 bytes @ 0x400E0024)
T32FC 000:473.376   Data:  00 20 00 00
T32FC 000:473.410 - 0.650ms returns 0
T32FC 000:473.444 JLINK_ReadMem(0xE000EDF0, 0x4 Bytes, ...)
T32FC 000:473.468   CPU_ReadMem(4 bytes @ 0xE000EDF0)
T32FC 000:474.056   Data:  01 00 10 01
T32FC 000:474.089   Debug reg: DHCSR
T32FC 000:474.125 - 0.681ms returns 0
T32FC 000:474.152 JLINK_ReadMem(0x400E002C, 0x4 Bytes, ...)
T32FC 000:474.176   CPU_ReadMem(4 bytes @ 0x400E002C)
T32FC 000:474.783   Data:  02 00 00 00
T32FC 000:474.817 - 0.664ms returns 0
T32FC 000:474.849 JLINK_ReadMem(0xE000EDF0, 0x4 Bytes, ...)
T32FC 000:474.873   CPU_ReadMem(4 bytes @ 0xE000EDF0)
T32FC 000:475.489   Data:  01 00 10 01
T32FC 000:475.536   Debug reg: DHCSR
T32FC 000:475.570 - 0.720ms returns 0
T32FC 000:475.606 JLINK_ReadMem(0x400E002C, 0x4 Bytes, ...)
T32FC 000:475.639   CPU_ReadMem(4 bytes @ 0x400E002C)
T32FC 000:476.355   Data:  02 00 00 00
T32FC 000:476.410 - 0.803ms returns 0
T32FC 000:476.713 JLINK_ReadMem(0xE000EDF0, 0x4 Bytes, ...)
T32FC 000:476.763   CPU_ReadMem(4 bytes @ 0xE000EDF0)
T32FC 000:480.308   Data:  01 00 10 01
T32FC 000:480.369   Debug reg: DHCSR
T32FC 000:480.404 - 3.691ms returns 0
T32FC 000:480.445 JLINK_ReadMem(0x400E002C, 0x4 Bytes, ...)
T32FC 000:480.482   CPU_ReadMem(4 bytes @ 0x400E002C)
T32FC 000:481.112   Data:  02 00 00 00
T32FC 000:481.161 - 0.716ms returns 0
T32FC 000:481.212 JLINK_ReadMem(0xE000EDF0, 0x4 Bytes, ...)
T32FC 000:481.245   CPU_ReadMem(4 bytes @ 0xE000EDF0)
T32FC 000:481.870   Data:  01 00 10 01
T32FC 000:481.914   Debug reg: DHCSR
T32FC 000:481.948 - 0.736ms returns 0
T32FC 000:481.985 JLINK_ReadMem(0x400E001C, 0x4 Bytes, ...)
T32FC 000:482.016   CPU_ReadMem(4 bytes @ 0x400E001C)
T32FC 000:482.608   Data:  00 78 00 00
T32FC 000:482.652 - 0.668ms returns 0
T32FC 000:482.697 JLINK_ReadMem(0xE000EDF0, 0x4 Bytes, ...)
T32FC 000:482.728   CPU_ReadMem(4 bytes @ 0xE000EDF0)
T32FC 000:483.332   Data:  01 00 10 01
T32FC 000:483.376   Debug reg: DHCSR
T32FC 000:483.410 - 0.713ms returns 0
T32FC 000:483.444 JLINK_ReadMem(0x400E0018, 0x4 Bytes, ...)
T32FC 000:483.475   CPU_ReadMem(4 bytes @ 0x400E0018)
T32FC 000:484.123   Data:  00 80 00 00
T32FC 000:484.168 - 0.723ms returns 0
T32FC 000:484.212 JLINK_ReadMem(0xE000EDF0, 0x4 Bytes, ...)
T32FC 000:484.242   CPU_ReadMem(4 bytes @ 0xE000EDF0)
T32FC 000:484.942   Data:  01 00 10 01
T32FC 000:484.985   Debug reg: DHCSR
T32FC 000:485.020 - 0.808ms returns 0
T32FC 000:485.055 JLINK_ReadMem(0x400E0020, 0x4 Bytes, ...)
T32FC 000:485.086   CPU_ReadMem(4 bytes @ 0x400E0020)
T32FC 000:485.776   Data:  00 00 00 00
T32FC 000:485.820 - 0.765ms returns 0
T32FC 000:485.866 JLINK_ReadMem(0xE000EDF0, 0x4 Bytes, ...)
T32FC 000:485.897   CPU_ReadMem(4 bytes @ 0xE000EDF0)
T32FC 000:486.504   Data:  01 00 10 01
T32FC 000:486.548   Debug reg: DHCSR
T32FC 000:486.582 - 0.715ms returns 0
T32FC 000:486.617 JLINK_ReadMem(0x400E0028, 0x4 Bytes, ...)
T32FC 000:486.648   CPU_ReadMem(4 bytes @ 0x400E0028)
T32FC 000:487.303   Data:  00 18 00 00
T32FC 000:487.346 - 0.729ms returns 0
T32FC 000:487.384 JLINK_ReadMem(0xE000EDF0, 0x4 Bytes, ...)
T32FC 000:487.410   CPU_ReadMem(4 bytes @ 0xE000EDF0)
T32FC 000:488.002   Data:  01 00 10 01
T32FC 000:488.036   Debug reg: DHCSR
T32FC 000:488.062 - 0.678ms returns 0
T32FC 000:488.090 JLINK_ReadMem(0x400E0024, 0x4 Bytes, ...)
T32FC 000:488.115   CPU_ReadMem(4 bytes @ 0x400E0024)
T32FC 000:488.772   Data:  00 20 00 00
T32FC 000:488.806 - 0.716ms returns 0
T32FC 000:489.339 JLINK_SetEndian(ARM_ENDIAN_LITTLE)
T32FC 000:489.364 - 0.024ms returns 0
T32FC 000:489.385 JLINK_SetInitRegsOnReset(OFF)
T32FC 000:489.402 - 0.016ms returns 1
T32FC 000:489.423 JLINK_SetResetType(JLINKARM_CM3_RESET_TYPE_CONNECT_UNDER_RESET)
T32FC 000:489.440 - 0.017ms returns JLINKARM_CM3_RESET_TYPE_NORMAL
T32FC 000:489.463 JLINK_ExecCommand("EnableFlashBPs", ...). 
T32FC 000:489.487 - 0.023ms returns 0x00
T32FC 000:489.511 JLINK_ExecCommand("SetAllowFlashCache = 1", ...). 
T32FC 000:489.531 - 0.020ms returns 0x01
T32FC 000:489.555 JLINK_ExecCommand("SetRestartOnClose = 0", ...). 
T32FC 000:489.576 - 0.020ms returns 0x01
T32FC 000:489.599 JLINK_ExecCommand("SetAllowSimulation = 0", ...). 
T32FC 000:489.621 - 0.022ms returns 0x00
T32FC 000:489.681 JLINK_EnableSoftBPs(ON)
T32FC 000:489.697 - 0.020ms 
T32FC 000:489.811 JLINK_Connect()
T32FC 000:490.145   ConfigTargetSettings() start
T32FC 000:490.179    J-Link Script File: Executing ConfigTargetSettings()
T32FC 000:490.199   Configuring FlashDLNoRMWThreshold=0x200 in order to make sure that option bytes programming is done via read-modify-write
T32FC 000:601.818   ConfigTargetSettings() end - Took 111ms
T32FC 000:601.877   InitTarget() start
T32FC 000:601.912    J-Link Script File: Executing InitTarget()
T32FC 000:601.946   SWD selected. Executing JTAG -> SWD switching sequence.
T32FC 000:605.307   DAP initialized successfully.
T32FC 000:605.353   Determining TrustZone configuration...
T32FC 000:607.290     Secure Debug: Enabled (SSD)
T32FC 000:607.326   Determining currently configured transfer type by reading the AHB-AP CSW register.
T32FC 000:608.841     --> Correct transfer type configured. Done.
T32FC 000:608.890   InitTarget() end - Took 6.97ms
T32FC 000:609.919   Found SW-DP with ID 0x6BA02477
T32FC 000:614.056   DPIDR: 0x6BA02477
T32FC 000:614.104   CoreSight SoC-400 or earlier
T32FC 000:614.129   AP map detection skipped. Manually configured AP map found.
T32FC 000:614.155   AP[0]: AHB-AP (IDR: Not set, ADDR: 0x00000000)
T32FC 000:615.818   AP[0]: Core found
T32FC 000:615.852   AP[0]: AHB-AP ROM base: 0xE00FE000
T32FC 000:616.662   CPUID register: 0x410FD214. Implementer code: 0x41 (ARM)
T32FC 000:616.699   Feature set: Mainline
T32FC 000:617.433   Cache: No cache
T32FC 000:617.467   Found Cortex-M33 r0p4, Little endian.
T32FC 000:617.739   -- Max. mem block: 0x000018E8
T32FC 000:617.782   CPU_ReadMem(4 bytes @ 0xE000EDF0)
T32FC 000:618.373   CPU_ReadMem(4 bytes @ 0xE0002000)
T32FC 000:618.963   FPUnit: 8 code (BP) slots and 0 literal slots
T32FC 000:618.998   CPU_ReadMem(4 bytes @ 0xE000EDFC)
T32FC 000:619.597   CPU_ReadMem(4 bytes @ 0xE0001000)
T32FC 000:620.188   CPU_ReadMem(4 bytes @ 0xE0001000)
T32FC 000:620.779   CPU_ReadMem(4 bytes @ 0xE0001028)
T32FC 000:621.372   CPU_ReadMem(4 bytes @ 0xE0001038)
T32FC 000:621.964   CPU_ReadMem(4 bytes @ 0xE0001048)
T32FC 000:622.549   CPU_ReadMem(4 bytes @ 0xE0001058)
T32FC 000:623.141   CPU_WriteMem(4 bytes @ 0xE0001000)
T32FC 000:623.795   CPU_ReadMem(4 bytes @ 0xE000ED88)
T32FC 000:624.398   CPU_WriteMem(4 bytes @ 0xE000ED88)
T32FC 000:625.041   CPU_ReadMem(4 bytes @ 0xE000ED88)
T32FC 000:625.655   CPU_WriteMem(4 bytes @ 0xE000ED88)
T32FC 000:626.312   CPU_ReadMem(4 bytes @ 0xE000EFB8)
T32FC 000:626.931   Security extension: implemented
T32FC 000:626.978   Secure debug: enabled
T32FC 000:627.012   CoreSight components:
T32FC 000:627.046   ROMTbl[0] @ E00FE000
T32FC 000:627.084   CPU_ReadMem(64 bytes @ 0xE00FE000)
T32FC 000:628.564   CPU_ReadMem(32 bytes @ 0xE0044FE0)
T32FC 000:629.542   CPU_ReadMem(4 bytes @ 0xE0044FBC)
T32FC 000:630.209   CPU_ReadMem(4 bytes @ 0xE0044FCC)
T32FC 000:630.823   [0][0]: E0044000 CID B105900D PID 005BB906 DEVARCH 00000000 DEVTYPE 14 CTI (?)
T32FC 000:630.864   CPU_ReadMem(32 bytes @ 0xE0047FE0)
T32FC 000:631.791   CPU_ReadMem(4 bytes @ 0xE0047FBC)
T32FC 000:632.456   CPU_ReadMem(4 bytes @ 0xE0047FCC)
T32FC 000:633.064   [0][1]: E0047000 CID B105900D PID 003BB908 DEVARCH 00000000 DEVTYPE 12 CSTF
T32FC 000:633.100   CPU_ReadMem(32 bytes @ 0xE0048FE0)
T32FC 000:634.044   CPU_ReadMem(4 bytes @ 0xE0048FBC)
T32FC 000:634.701   CPU_ReadMem(4 bytes @ 0xE0048FCC)
T32FC 000:635.302   [0][2]: E0048000 CID B105900D PID 001BB961 DEVARCH 00000000 DEVTYPE 21 TMC
T32FC 000:635.338   CPU_ReadMem(32 bytes @ 0xE0049FE0)
T32FC 000:636.320   [0][3]: E0049000 CID B105F00D PID 001BB101 TSG
T32FC 000:636.357   CPU_ReadMem(32 bytes @ 0xE0040FE0)
T32FC 000:637.319   CPU_ReadMem(4 bytes @ 0xE0040FBC)
T32FC 000:637.986   CPU_ReadMem(4 bytes @ 0xE0040FCC)
T32FC 000:638.575   [0][4]: E0040000 CID B105900D PID 000BBD21 DEVARCH 00000000 DEVTYPE 11 TPIU
T32FC 000:638.611   CPU_ReadMem(32 bytes @ 0xE00FFFE0)
T32FC 000:639.544   [0][5]: E00FF000 CID B105100D PID 000BB4C9 ROM Table
T32FC 000:639.577   ROMTbl[1] @ E00FF000
T32FC 000:639.604   CPU_ReadMem(64 bytes @ 0xE00FF000)
T32FC 000:641.101   CPU_ReadMem(32 bytes @ 0xE000EFE0)
T32FC 000:642.128   CPU_ReadMem(4 bytes @ 0xE000EFBC)
T32FC 000:642.758   CPU_ReadMem(4 bytes @ 0xE000EFCC)
T32FC 000:643.383   [1][0]: E000E000 CID B105900D PID 000BBD21 DEVARCH 47702A04 DEVTYPE 00 Cortex-M33
T32FC 000:643.433   CPU_ReadMem(32 bytes @ 0xE0001FE0)
T32FC 000:644.423   CPU_ReadMem(4 bytes @ 0xE0001FBC)
T32FC 000:645.034   CPU_ReadMem(4 bytes @ 0xE0001FCC)
T32FC 000:645.625   [1][1]: E0001000 CID B105900D PID 000BBD21 DEVARCH 47701A02 DEVTYPE 00 DWT
T32FC 000:645.662   CPU_ReadMem(32 bytes @ 0xE0002FE0)
T32FC 000:646.677   CPU_ReadMem(4 bytes @ 0xE0002FBC)
T32FC 000:647.304   CPU_ReadMem(4 bytes @ 0xE0002FCC)
T32FC 000:647.896   [1][2]: E0002000 CID B105900D PID 000BBD21 DEVARCH 47701A03 DEVTYPE 00 FPB
T32FC 000:647.932   CPU_ReadMem(32 bytes @ 0xE0000FE0)
T32FC 000:648.879   CPU_ReadMem(4 bytes @ 0xE0000FBC)
T32FC 000:649.498   CPU_ReadMem(4 bytes @ 0xE0000FCC)
T32FC 000:650.088   [1][3]: E0000000 CID B105900D PID 000BBD21 DEVARCH 47701A01 DEVTYPE 43 ITM
T32FC 000:650.123   CPU_ReadMem(32 bytes @ 0xE0041FE0)
T32FC 000:651.114   CPU_ReadMem(4 bytes @ 0xE0041FBC)
T32FC 000:651.747   CPU_ReadMem(4 bytes @ 0xE0041FCC)
T32FC 000:652.364   [1][5]: E0041000 CID B105900D PID 002BBD21 DEVARCH 47724A13 DEVTYPE 13 ETM
T32FC 000:652.416   CPU_ReadMem(32 bytes @ 0xE0042FE0)
T32FC 000:653.384   CPU_ReadMem(4 bytes @ 0xE0042FBC)
T32FC 000:654.025   CPU_ReadMem(4 bytes @ 0xE0042FCC)
T32FC 000:654.640   [1][6]: E0042000 CID B105900D PID 000BBD21 DEVARCH 47701A14 DEVTYPE 14 CSS600-CTI
T32FC 000:654.681 - 164.869ms returns 0x00
T32FC 000:654.815 JLINK_Halt()
T32FC 000:661.081 - 6.262ms returns 0x00
T32FC 000:661.140 JLINK_IsHalted()
T32FC 000:661.813 - 0.671ms returns TRUE
T32FC 000:661.877 JLINK_ResetPullsRESET(ON)
T32FC 000:661.900 - 0.022ms 
T32FC 000:661.924 JLINK_Reset()
T32FC 000:661.959   ResetTarget() start
T32FC 000:661.985    J-Link Script File: Executing ResetTarget()
T32FC 000:662.013   CPU_ReadMem(4 bytes @ 0xE000ED44)
T32FC 000:662.683   CPU_ReadMem(4 bytes @ 0xE000EE08)
T32FC 000:663.381   CPU_WriteMem(4 bytes @ 0xE000EE08)
T32FC 000:664.101   CPU_ReadMem(4 bytes @ 0xE000EE08)
T32FC 000:664.810   Reset: ARMv8M core with Security Extension enabled detected. Switch to secure domain.
T32FC 000:664.847   Reset: Halt core after reset via DEMCR.VC_CORERESET.
T32FC 000:664.881   CPU_WriteMem(4 bytes @ 0xE000EDF0)
T32FC 000:665.584   CPU_WriteMem(4 bytes @ 0xE000EDFC)
T32FC 000:666.831   Reset: Reset device via AIRCR.SYSRESETREQ.
T32FC 000:666.879   CPU_WriteMem(4 bytes @ 0xE000ED0C)
T32FC 000:719.778   CPU_ReadMem(4 bytes @ 0xE000EDF0)
T32FC 000:720.521   CPU_ReadMem(4 bytes @ 0xE000EDF0)
T32FC 000:721.218   CPU_WriteMem(4 bytes @ 0xE000EDFC)
T32FC 000:721.969   ResetTarget() end - Took 59.9ms
T32FC 000:722.005   Device specific reset executed.
T32FC 000:728.889   CPU_WriteMem(4 bytes @ 0xE0002000)
T32FC 000:729.633   CPU_ReadMem(4 bytes @ 0xE000EDFC)
T32FC 000:730.358   CPU_ReadMem(4 bytes @ 0xE0001000)
T32FC 000:731.048   CPU_ReadMem(4 bytes @ 0xE000EE08)
T32FC 000:731.728 - 69.802ms 
T32FC 000:731.923 JLINK_ReadMem(0xE000EDF0, 0x4 Bytes, ...)
T32FC 000:731.964   CPU_ReadMem(4 bytes @ 0xE000EDF0)
T32FC 000:732.629   Data:  03 00 13 00
T32FC 000:732.672   Debug reg: DHCSR
T32FC 000:732.698 - 0.775ms returns 0
T32FC 000:732.744 JLINK_ReadMem(0x010080F0, 0x10 Bytes, ...)
T32FC 000:732.770   CPU_ReadMem(16 bytes @ 0x010080F0)
T32FC 000:733.562   Data:  52 37 46 41 36 4D 35 42 48 33 43 46 43 20 20 20
T32FC 000:733.600 - 0.856ms returns 0
T32FC 000:733.634 JLINK_IsHalted()
T32FC 000:733.660 - 0.024ms returns TRUE
T32FC 000:734.449 JLINK_IsHalted()
T32FC 000:734.477 - 0.027ms returns TRUE
T32FC 000:734.506 JLINK_ReadMem(0xE000EDF0, 0x4 Bytes, ...)
T32FC 000:734.531   CPU_ReadMem(4 bytes @ 0xE000EDF0)
T32FC 000:735.212   Data:  03 00 13 00
T32FC 000:735.252   Debug reg: DHCSR
T32FC 000:735.278 - 0.771ms returns 0
T32FC 000:735.307 JLINK_ReadMem(0x400E002C, 0x4 Bytes, ...)
T32FC 000:735.338   CPU_ReadMem(4 bytes @ 0x400E002C)
T32FC 000:736.039   Data:  02 00 00 00
T32FC 000:736.085 - 0.778ms returns 0
T32FC 000:736.152 JLINK_MeasureCPUSpeed(RAMAddr = 0x20000000)
T32FC 000:736.184   CPU_ReadMem(16 bytes @ 0x20000000)
T32FC 000:737.018   CPU_ReadMem(4 bytes @ 0xE000EDFC)
T32FC 000:737.638   CPU_ReadMem(4 bytes @ 0xE0001000)
T32FC 000:738.462   CPU_ReadMem(6 bytes @ 0x20000000)
T32FC 000:739.198   CPU_ReadMem(4 bytes @ 0xE000ED90)
T32FC 000:739.858   CPU_ReadMem(4 bytes @ 0xE000ED94)
T32FC 000:740.514   CPU_WriteMem(16 bytes @ 0x20000000)
T32FC 000:741.389   CPU_WriteMem(6 bytes @ 0x20000000)
T32FC 000:742.137   CPU_ReadMem(6 bytes @ 0x20000000)
T32FC 000:742.855   CPU_ReadMem(4 bytes @ 0xE000EE08)
T32FC 000:743.549   CPU_WriteMem(4 bytes @ 0xE0002008)
T32FC 000:743.607   CPU_WriteMem(4 bytes @ 0xE000200C)
T32FC 000:743.653   CPU_WriteMem(4 bytes @ 0xE0002010)
T32FC 000:743.690   CPU_WriteMem(4 bytes @ 0xE0002014)
T32FC 000:743.726   CPU_WriteMem(4 bytes @ 0xE0002018)
T32FC 000:743.759   CPU_WriteMem(4 bytes @ 0xE000201C)
T32FC 000:743.849   CPU_WriteMem(4 bytes @ 0xE0002020)
T32FC 000:743.887   CPU_WriteMem(4 bytes @ 0xE0002024)
T32FC 000:747.896   CPU_WriteMem(4 bytes @ 0xE0001004)
T32FC 000:758.717   CPU_ReadMem(4 bytes @ 0xE0001004)
T32FC 000:759.465   CPU_ReadMem(4 bytes @ 0xE000EE08)
T32FC 000:760.139   CPU_WriteMem(4 bytes @ 0xE0002008)
T32FC 000:760.833   CPU_WriteMem(4 bytes @ 0xE000200C)
T32FC 000:761.606   CPU_WriteMem(4 bytes @ 0xE0002010)
T32FC 000:762.350   CPU_WriteMem(4 bytes @ 0xE0002014)
T32FC 000:763.057   CPU_WriteMem(4 bytes @ 0xE0002018)
T32FC 000:763.777   CPU_WriteMem(4 bytes @ 0xE000201C)
T32FC 000:764.473   CPU_WriteMem(4 bytes @ 0xE0002020)
T32FC 000:765.185   CPU_WriteMem(4 bytes @ 0xE0002024)
T32FC 000:765.850   CPU_ReadMem(4 bytes @ 0xE000EE08)
T32FC 000:766.539   CPU_ReadMem(4 bytes @ 0xE000EE08)
T32FC 000:767.235   CPU_WriteMem(4 bytes @ 0xE0001004)
T32FC 000:797.908   CPU_ReadMem(4 bytes @ 0xE0001004)
T32FC 000:798.594   CPU_WriteMem(6 bytes @ 0x20000000)
T32FC 000:799.435   ClockFreq: 2085600 Hz
T32FC 000:799.475 - 63.322ms returns 2085600
T32FC 000:799.522 JLINK_ReadReg(XPSR)
T32FC 000:799.563   CPU_ReadMem(4 bytes @ 0xE000EE08)
T32FC 000:800.219 - 0.695ms returns 0xF9000000
T1E68 003:238.404 JLINK_WriteMem(0x20000C78, 0x4 Bytes, ...)
T1E68 003:238.435   Data:  00 00 00 00
T1E68 003:238.790   CPU_WriteMem(4 bytes @ 0x20000C78)
T1E68 003:239.537 - 1.134ms returns 0x4
T1E68 003:239.578 JLINK_ReadMem(0x20000C78, 0x4 Bytes, ...)
T1E68 003:239.606   CPU_ReadMem(4 bytes @ 0x20000C78)
T1E68 003:240.219   Data:  00 00 00 00
T1E68 003:240.249 - 0.670ms returns 0
T1E68 003:240.274 JLINK_ReadMem(0x20000C54, 0x4 Bytes, ...)
T1E68 003:240.294   CPU_ReadMem(4 bytes @ 0x20000C54)
T1E68 003:240.952   Data:  36 EC 04 1E
T1E68 003:241.004 - 0.729ms returns 0
T1E68 003:241.045 JLINK_ReadMem(0x00007034, 0x4 Bytes, ...)
T1E68 003:241.078   CPU_ReadMem(64 bytes @ 0x00007000)
T1E68 003:242.500    -- Updating C cache (64 bytes @ 0x00007000)
T1E68 003:242.534    -- Read from C cache (4 bytes @ 0x00007034)
T1E68 003:242.555   Data:  39 60 39 68
T1E68 003:242.574 - 1.530ms returns 0
T1E68 003:773.044 JLINK_ResetPullsRESET(ON)
T1E68 003:773.098 - 0.054ms 
T1E68 003:773.124 JLINK_Halt()
T1E68 003:773.726 - 0.600ms returns 0x00
T1E68 003:773.776 JLINK_IsHalted()
T1E68 003:773.801 - 0.023ms returns TRUE
T1E68 003:773.825 JLINK_Reset()
T1E68 003:773.858   ResetTarget() start
T1E68 003:773.889    J-Link Script File: Executing ResetTarget()
T1E68 003:773.922   CPU_ReadMem(4 bytes @ 0xE000ED44)
T1E68 003:774.536   CPU_ReadMem(4 bytes @ 0xE000EE08)
T1E68 003:775.181   CPU_WriteMem(4 bytes @ 0xE000EE08)
T1E68 003:776.320   CPU_ReadMem(4 bytes @ 0xE000EE08)
T1E68 003:776.965   Reset: ARMv8M core with Security Extension enabled detected. Switch to secure domain.
T1E68 003:777.021   Reset: Halt core after reset via DEMCR.VC_CORERESET.
T1E68 003:777.070   CPU_WriteMem(4 bytes @ 0xE000EDF0)
T1E68 003:777.740   CPU_WriteMem(4 bytes @ 0xE000EDFC)
T1E68 003:778.872   Reset: Reset device via AIRCR.SYSRESETREQ.
T1E68 003:778.915   CPU_WriteMem(4 bytes @ 0xE000ED0C)
T1E68 003:832.050   CPU_ReadMem(4 bytes @ 0xE000EDF0)
T1E68 003:832.709   CPU_ReadMem(4 bytes @ 0xE000EDF0)
T1E68 003:833.304   CPU_WriteMem(4 bytes @ 0xE000EDFC)
T1E68 003:833.936   ResetTarget() end - Took 60.0ms
T1E68 003:833.963   Device specific reset executed.
T1E68 003:840.598   CPU_WriteMem(4 bytes @ 0xE0002000)
T1E68 003:841.329   CPU_ReadMem(4 bytes @ 0xE000EDFC)
T1E68 003:841.919   CPU_ReadMem(4 bytes @ 0xE0001000)
T1E68 003:842.551   CPU_ReadMem(4 bytes @ 0xE000EE08)
T1E68 003:843.138 - 69.311ms 
T1E68 003:843.180 JLINK_SetEndian(ARM_ENDIAN_LITTLE)
T1E68 003:843.196 - 0.016ms returns 0
T1E68 003:843.558 JLINK_BeginDownload(Flags = 0x00000000)
T1E68 003:843.590 - 0.032ms 
T1E68 003:869.829 JLINK_ReadMem(0xE000EDF0, 0x4 Bytes, ...)
T1E68 003:869.898   CPU_ReadMem(4 bytes @ 0xE000EDF0)
T1E68 003:870.567   Data:  03 00 13 00
T1E68 003:870.608   Debug reg: DHCSR
T1E68 003:870.638 - 0.809ms returns 0
T1E68 003:872.583 JLINK_WriteMem(0x00000000, 0x64 Bytes, ...)
T1E68 003:872.642   Data:  40 04 00 20 D1 1F 00 00 65 1E 00 00 DB 1F 00 00 ...
T1E68 003:873.206   completely In flash
T1E68 003:873.254 - 0.671ms returns 0x64
T1E68 003:874.407 JLINK_WriteMem(0x00000064, 0x24 Bytes, ...)
T1E68 003:874.460   Data:  6E 6F 74 69 6D 65 00 00 00 00 00 00 00 00 00 00 ...
T1E68 003:874.505   completely In flash
T1E68 003:874.539 - 0.133ms returns 0x24
T1E68 003:876.268 JLINK_WriteMem(0x00000088, 0xBB8 Bytes, ...)
T1E68 003:876.319   Data:  00 79 01 38 02 28 88 BF 70 47 40 F2 64 40 C2 F2 ...
T1E68 003:876.378   completely In flash
T1E68 003:876.412 - 0.145ms returns 0xBB8
T1E68 003:878.347 JLINK_WriteMem(0x00000C40, 0xBC0 Bytes, ...)
T1E68 003:878.411   Data:  00 6A 41 F4 7E 41 C1 81 02 E0 09 78 00 6A C1 70 ...
T1E68 003:878.452   completely In flash
T1E68 003:878.486 - 0.139ms returns 0xBC0
T1E68 003:879.781 JLINK_WriteMem(0x00001800, 0xBD0 Bytes, ...)
T1E68 003:879.828   Data:  20 69 01 79 41 F0 40 01 01 71 E0 69 01 28 0E D1 ...
T1E68 003:879.885   completely In flash
T1E68 003:879.921 - 0.140ms returns 0xBD0
T1E68 003:880.977 JLINK_WriteMem(0x000023D0, 0xBD0 Bytes, ...)
T1E68 003:881.019   Data:  94 F8 44 00 FF 28 08 BF 84 F8 44 B0 94 F8 45 00 ...
T1E68 003:881.060   completely In flash
T1E68 003:881.094 - 0.117ms returns 0xBD0
T1E68 003:882.309 JLINK_WriteMem(0x00002FA0, 0xBD0 Bytes, ...)
T1E68 003:882.347   Data:  C2 F2 00 02 10 60 CC F8 00 10 10 68 80 BD 46 F6 ...
T1E68 003:882.383   completely In flash
T1E68 003:882.413 - 0.104ms returns 0xBD0
T1E68 003:883.737 JLINK_WriteMem(0x00003B70, 0xBC0 Bytes, ...)
T1E68 003:883.778   Data:  C1 F1 0B 03 B1 F1 0B 0C 22 FA 03 F3 58 BF 02 FA ...
T1E68 003:883.819   completely In flash
T1E68 003:883.851 - 0.115ms returns 0xBC0
T1E68 003:885.064 JLINK_WriteMem(0x00004730, 0xBC0 Bytes, ...)
T1E68 003:885.104   Data:  4E D4 02 9E 2B 20 51 46 00 2E 48 BF 2D 20 0C 9A ...
T1E68 003:885.143   completely In flash
T1E68 003:885.178 - 0.114ms returns 0xBC0
T1E68 003:886.530 JLINK_WriteMem(0x000052F0, 0xBD0 Bytes, ...)
T1E68 003:886.574   Data:  0B D0 0F A9 00 F0 71 F9 86 46 91 48 70 44 90 F8 ...
T1E68 003:886.613   completely In flash
T1E68 003:886.646 - 0.117ms returns 0xBD0
T1E68 003:887.724 JLINK_WriteMem(0x00005EC0, 0xBD0 Bytes, ...)
T1E68 003:887.760   Data:  B8 BF 30 46 04 B2 00 25 26 1D A5 42 12 DA 38 46 ...
T1E68 003:887.798   completely In flash
T1E68 003:887.830 - 0.107ms returns 0xBD0
T1E68 003:889.004 JLINK_WriteMem(0x00006A90, 0xAC6 Bytes, ...)
T1E68 003:889.047   Data:  78 65 73 48 65 6C 64 00 53 65 6E 73 6F 72 5F 54 ...
T1E68 003:889.081   completely In flash
T1E68 003:889.109 - 0.106ms returns 0xAC6
T1E68 003:890.144 JLINK_WriteMem(0x0100A100, 0x4 Bytes, ...)
T1E68 003:890.183   Data:  FF FF FF FF
T1E68 003:890.634   completely In flash
T1E68 003:890.673 - 0.530ms returns 0x4
T1E68 003:891.633 JLINK_WriteMem(0x0100A200, 0x4 Bytes, ...)
T1E68 003:891.678   Data:  FF FD FF FF
T1E68 003:891.728   completely In flash
T1E68 003:891.758 - 0.125ms returns 0x4
T1E68 003:894.640 JLINK_WriteMem(0x0100A280, 0x4 Bytes, ...)
T1E68 003:894.691   Data:  F8 F8 FF FF
T1E68 003:894.729   completely In flash
T1E68 003:894.760 - 0.122ms returns 0x4
T1E68 003:902.795 JLINK_EndDownload()
T1E68 003:903.320   CPU_ReadMem(4 bytes @ 0xE000ED90)
T1E68 003:903.950   CPU_ReadMem(4 bytes @ 0xE000ED94)
T1E68 003:904.601    -- --------------------------------------
T1E68 003:904.662    -- Start of determining flash info (Bank @ 0x0100A100)
T1E68 003:904.707    -- End of determining flash info
T1E68 003:904.743    -- Start of determining dirty areas in flash cache
T1E68 003:904.779    -- Filling invalid ranges in sector buffer (flash cache) for sector @ 0x0100A100 if necessary
T1E68 003:904.856    -- Filling invalid ranges in sector buffer (flash cache) for sector @ 0x0100A200 if necessary
T1E68 003:904.897    -- Filling invalid ranges in sector buffer (flash cache) for sector @ 0x0100A280 if necessary
T1E68 003:904.931    -- End of determining dirty areas
T1E68 003:904.964    -- Start of preparing flash programming
T1E68 003:905.005    -- Preparing RAMCode
T1E68 003:905.039    -- Calculating RAM usage
T1E68 003:905.072    -- RAM usage = 5112 Bytes
T1E68 003:905.103    -- Preserving CPU registers
T1E68 003:905.885    -- Preparing memory
T1E68 003:905.931    -- Determining CPU clock frequency
T1E68 003:964.482    -- CPU frequency = 2083 kHz
T1E68 003:964.550    -- Preparing target
T1E68 003:964.582    -- Preserving target RAM temporarily used for programming
T1E68 004:024.617    -- Downloading RAMCode
T1E68 004:104.810    -- Initializing RAMCode (InitType: 3 = Verify)
T1E68 004:104.864    -- Executing Init(3)
T1E68 004:124.671    -- End of preparing flash programming
T1E68 004:175.981   
  ***** Warning: 
T1E68 004:176.048   CPU is running at low speed (2083 kHz).
T1E68 004:176.078    -- CPU is running at 2083 kHz.
T1E68 004:176.117    -- Start of comparing flash
T1E68 004:176.149    -- Flash algorithm supports a native verify function which is used to compare the flash content.
T1E68 004:252.883    -- Comparing range 0x100A100 - 0x100A10F (1 Sector, 16 Bytes), using verify function of the RAMCode
T1E68 004:255.351    -- Data matches for sector 0
T1E68 004:265.795    -- Comparing range 0x100A200 - 0x100A20F (1 Sector, 16 Bytes), using verify function of the RAMCode
T1E68 004:268.329    -- Data does not match for sector 16
T1E68 004:269.100    -- Comparing range 0x100A280 - 0x100A28F (1 Sector, 16 Bytes), using verify function of the RAMCode
T1E68 004:271.474    -- Data does not match for sector 24
T1E68 004:271.516    -- End of comparing flash
T1E68 004:271.542    -- Start of erasing sectors
T1E68 004:271.569    -- Erasing range 0x0100A200 - 0x0100A20F (  1 Sector, 16 Bytes)
T1E68 004:271.595    -- Initializing RAMCode (InitType: 1 = Erase)
T1E68 004:271.619    -- Executing UnInit()
T1E68 004:281.228    -- Executing Init(1)
T1E68 004:306.595    -- Erasing range 0x0100A280 - 0x0100A28F (  1 Sector, 16 Bytes)
T1E68 004:323.307    -- End of erasing sectors
T1E68 004:323.362    -- Start of flash programming
T1E68 004:323.389    -- Programming range 0x0100A200 - 0x0100A20F (  1 Sector, 16 Bytes)
T1E68 004:326.335    -- Initializing RAMCode (InitType: 2 = Program)
T1E68 004:326.483    -- Executing UnInit()
T1E68 004:339.805    -- Executing Init(2)
T1E68 004:349.295    -- Programming range 0x0100A280 - 0x0100A28F (  1 Sector, 16 Bytes)
T1E68 004:350.029    -- End of flash programming
T1E68 004:350.079    -- 0x100A200 - 0x100A20F (  1 Sector, 16 Bytes)
T1E68 004:350.113    -- 0x100A280 - 0x100A28F (  1 Sector, 16 Bytes)
T1E68 004:350.149    -- Start of verifying flash
T1E68 004:350.181    -- Flash algorithm supports a native verify function which is used during flash programming.
T1E68 004:350.217    -- Initializing RAMCode (InitType: 3 = Verify)
T1E68 004:350.252    -- Executing UnInit()
T1E68 004:381.241    -- Executing Init(3)
T1E68 004:392.172    -- Flash algorithm supports a native verify function which is used during flash programming.
T1E68 004:394.800    -- End of verifying flash
T1E68 004:394.892    -- Start of restoring
T1E68 004:394.921    -- Executing UnInit()
T1E68 004:404.250    -- Restoring target memory
T1E68 004:456.850    -- Restoring CPU registers
T1E68 004:457.617    -- End of restoring
T1E68 004:457.659    -- Bank 0 @ 0x0100A100: 2 ranges affected (32 bytes)
T1E68 004:457.687    -- Total: 0.552s (Prepare: 0.271s, Compare: 0.095s, Erase: 0.051s, Program: 0.048s, Verify: 0.023s, Restore: 0.062s)
T1E68 004:457.712    -- Program speed: 0 KB/s
T1E68 004:464.503    -- --------------------------------------
T1E68 004:464.571    -- Start of determining flash info (Bank @ 0x00000000)
T1E68 004:464.607    -- End of determining flash info
T1E68 004:464.641    -- Start of determining dirty areas in flash cache
T1E68 004:464.677    -- Filling invalid ranges in sector buffer (flash cache) for sector @ 0x00000000 if necessary
T1E68 004:464.714    -- Filling invalid ranges in sector buffer (flash cache) for sector @ 0x00002000 if necessary
T1E68 004:464.750    -- Filling invalid ranges in sector buffer (flash cache) for sector @ 0x00004000 if necessary
T1E68 004:464.786    -- Filling invalid ranges in sector buffer (flash cache) for sector @ 0x00006000 if necessary
T1E68 004:465.783    -- End of determining dirty areas
T1E68 004:465.825    -- Start of preparing flash programming
T1E68 004:465.859    -- Preparing RAMCode
T1E68 004:465.892    -- Calculating RAM usage
T1E68 004:465.934    -- RAM usage = 11120 Bytes
T1E68 004:465.968    -- Preserving CPU registers
T1E68 004:466.154    -- Preparing memory
T1E68 004:466.189    -- Determining CPU clock frequency
T1E68 004:524.003    -- CPU frequency = 2082 kHz
T1E68 004:524.061    -- Preparing target
T1E68 004:524.095    -- Preserving target RAM temporarily used for programming
T1E68 004:666.305    -- Downloading RAMCode
T1E68 004:720.131    -- Initializing RAMCode (InitType: 3 = Verify)
T1E68 004:720.197    -- Executing Init(3)
T1E68 004:739.694    -- End of preparing flash programming
T1E68 004:747.613   
  ***** Warning: 
T1E68 004:747.724   CPU is running at low speed (2082 kHz).
T1E68 004:747.756    -- CPU is running at 2082 kHz.
T1E68 004:747.789    -- Start of comparing flash
T1E68 004:747.824    -- CRC check was estimated as fastest method
T1E68 004:769.171    -- Comparing range 0x0000 - 0x7FFF (4 Sectors, 32 KB), using single-block CRC calculation
T1E68 004:805.288    -- CRC does not match, checking individual sectors
T1E68 004:832.750    -- CRC does not match for sectors 0-3
T1E68 004:832.826    -- End of comparing flash
T1E68 004:832.861    -- Start of erasing sectors
T1E68 004:832.906    -- Erasing range 0x00000000 - 0x00007FFF (  4 Sectors, 32 KB)
T1E68 004:832.953    -- Initializing RAMCode (InitType: 1 = Erase)
T1E68 004:832.989    -- Executing UnInit()
T1E68 004:842.234    -- Executing Init(1)
T1E68 005:022.084    -- End of erasing sectors
T1E68 005:022.153    -- Start of flash programming
T1E68 005:022.191    -- Programming range 0x00000000 - 0x00001FFF (  1 Sector, 8 KB)
T1E68 005:028.485    -- Initializing RAMCode (InitType: 2 = Program)
T1E68 005:028.614    -- Executing UnInit()
T1E68 005:040.245    -- Executing Init(2)
T1E68 005:048.678    -- Programming range 0x00002000 - 0x00003FFF (  1 Sector, 8 KB)
T1E68 005:187.639    -- Programming range 0x00004000 - 0x00005FFF (  1 Sector, 8 KB)
T1E68 005:282.080    -- Programming range 0x00006000 - 0x00007FFF (  1 Sector, 8 KB)
T1E68 005:379.965    -- End of flash programming
T1E68 005:380.018    -- 0x0000 - 0x7FFF (  4 Sectors, 32 KB)
T1E68 005:380.045    -- Start of verifying flash
T1E68 005:380.069    -- Checksum calculation was estimated as fastest method
T1E68 005:380.092    -- Checksum is not supported by this flash bank. Switched to read back method.
T1E68 005:380.118    -- Initializing RAMCode (InitType: 3 = Verify)
T1E68 005:380.141    -- Executing UnInit()
T1E68 005:446.869    -- Executing Init(3)
T1E68 005:479.995    -- End of verifying flash
T1E68 005:480.048    -- Start of restoring
T1E68 005:480.072    -- Executing UnInit()
T1E68 005:489.092    -- Restoring target memory
T1E68 005:601.863    -- Restoring CPU registers
T1E68 005:602.662    -- End of restoring
T1E68 005:602.721    -- Bank 1 @ 0x00000000: 1 range affected (32768 bytes)
T1E68 005:602.775    -- Total: 1.136s (Prepare: 0.281s, Compare: 0.085s, Erase: 0.189s, Program: 0.415s, Verify: 0.042s, Restore: 0.122s)
T1E68 005:602.824    -- Program speed: 76 KB/s
T1E68 005:648.033 - 1745.235ms returns 32800 (0x8020)
T1E68 005:648.805 JLINK_WriteReg(R15 (PC), 0x00001FD0)
T1E68 005:648.867 - 0.062ms returns 0
T1E68 005:648.925 JLINK_WriteReg(XPSR, 0x01000000)
T1E68 005:648.954 - 0.029ms returns 0
T1E68 005:649.000 JLINK_WriteMem(0x20000C78, 0x4 Bytes, ...)
T1E68 005:649.025   Data:  00 00 00 00
T1E68 005:649.081   CPU_WriteMem(4 bytes @ 0x20000C78)
T1E68 005:649.813 - 0.812ms returns 0x4
T1E68 005:649.893 JLINK_ReadMem(0x20000C78, 0x4 Bytes, ...)
T1E68 005:649.931   CPU_ReadMem(4 bytes @ 0x20000C78)
T1E68 005:650.559   Data:  00 00 00 00
T1E68 005:650.602 - 0.709ms returns 0
T1E68 005:650.641 JLINK_ReadMem(0x20000C54, 0x4 Bytes, ...)
T1E68 005:650.672   CPU_ReadMem(4 bytes @ 0x20000C54)
T1E68 005:651.304   Data:  36 EC 04 1E
T1E68 005:651.349 - 0.708ms returns 0
T1E68 005:651.389 JLINK_ReadMem(0x00007034, 0x4 Bytes, ...)
T1E68 005:651.417    -- Read from flash cache (4 bytes @ 0x00007034)
T1E68 005:651.449   Data:  04 00 00 00
T1E68 005:651.480 - 0.091ms returns 0
T1E68 005:652.675 JLINK_ResetPullsRESET(ON)
T1E68 005:652.724 - 0.049ms 
T1E68 005:652.753 JLINK_Halt()
T1E68 005:652.777 - 0.023ms returns 0x00
T1E68 005:652.802 JLINK_IsHalted()
T1E68 005:652.827 - 0.023ms returns TRUE
T1E68 005:652.853 JLINK_Reset()
T1E68 005:652.885   ResetTarget() start
T1E68 005:652.917    J-Link Script File: Executing ResetTarget()
T1E68 005:652.952   CPU_ReadMem(4 bytes @ 0xE000ED44)
T1E68 005:653.600   CPU_ReadMem(4 bytes @ 0xE000EE08)
T1E68 005:654.324   CPU_WriteMem(4 bytes @ 0xE000EE08)
T1E68 005:655.039   CPU_ReadMem(4 bytes @ 0xE000EE08)
T1E68 005:655.761   Reset: ARMv8M core with Security Extension enabled detected. Switch to secure domain.
T1E68 005:655.810   Reset: Halt core after reset via DEMCR.VC_CORERESET.
T1E68 005:655.856   CPU_WriteMem(4 bytes @ 0xE000EDF0)
T1E68 005:656.545   CPU_WriteMem(4 bytes @ 0xE000EDFC)
T1E68 005:657.685   Reset: Reset device via AIRCR.SYSRESETREQ.
T1E68 005:657.748   CPU_WriteMem(4 bytes @ 0xE000ED0C)
T1E68 005:710.310   CPU_ReadMem(4 bytes @ 0xE000EDF0)
T1E68 005:711.076   CPU_ReadMem(4 bytes @ 0xE000EDF0)
T1E68 005:711.806   CPU_WriteMem(4 bytes @ 0xE000EDFC)
T1E68 005:712.596   ResetTarget() end - Took 59.6ms
T1E68 005:712.653   Device specific reset executed.
T1E68 005:719.413   CPU_WriteMem(4 bytes @ 0xE0002000)
T1E68 005:720.115   CPU_ReadMem(4 bytes @ 0xE000EDFC)
T1E68 005:720.787   CPU_ReadMem(4 bytes @ 0xE0001000)
T1E68 005:721.443   CPU_ReadMem(4 bytes @ 0xE000EE08)
T1E68 005:722.054 - 69.199ms 
T1E68 005:722.179 JLINK_SetEndian(ARM_ENDIAN_LITTLE)
T1E68 005:722.205 - 0.026ms returns 0
T1E68 005:722.291 JLINK_ReadMem(0x20000C78, 0x4 Bytes, ...)
T1E68 005:722.320   CPU_ReadMem(4 bytes @ 0x20000C78)
T1E68 005:723.011   Data:  00 00 00 00
T1E68 005:723.045 - 0.753ms returns 0
T1E68 005:723.073 JLINK_ReadMem(0x20000C54, 0x4 Bytes, ...)
T1E68 005:723.096   CPU_ReadMem(4 bytes @ 0x20000C54)
T1E68 005:723.799   Data:  36 EC 04 1E
T1E68 005:723.832 - 0.759ms returns 0
T1E68 005:723.861 JLINK_ReadMem(0x00007034, 0x4 Bytes, ...)
T1E68 005:723.880    -- Read from flash cache (4 bytes @ 0x00007034)
T1E68 005:723.901   Data:  04 00 00 00
T1E68 005:723.923 - 0.062ms returns 0
T1E68 005:736.047 JLINK_WriteMem(0x20000C78, 0x4 Bytes, ...)
T1E68 005:736.094   Data:  00 00 00 00
T1E68 005:736.146   CPU_WriteMem(4 bytes @ 0x20000C78)
T1E68 005:736.860 - 0.813ms returns 0x4
T1E68 005:736.915 JLINK_ReadMem(0x20000C78, 0x4 Bytes, ...)
T1E68 005:736.949   CPU_ReadMem(4 bytes @ 0x20000C78)
T1E68 005:737.582   Data:  00 00 00 00
T1E68 005:737.626 - 0.710ms returns 0
T1E68 005:737.668 JLINK_ReadMem(0x20000C54, 0x4 Bytes, ...)
T1E68 005:737.705   CPU_ReadMem(4 bytes @ 0x20000C54)
T1E68 005:738.331   Data:  36 EC 04 1E
T1E68 005:738.376 - 0.708ms returns 0
T1E68 005:738.416 JLINK_ReadMem(0x00007034, 0x4 Bytes, ...)
T1E68 005:738.443    -- Read from flash cache (4 bytes @ 0x00007034)
T1E68 005:738.480   Data:  04 00 00 00
T1E68 005:738.510 - 0.094ms returns 0
T1E68 005:741.731 JLINK_ReadMem(0x20000C78, 0x4 Bytes, ...)
T1E68 005:741.816   CPU_ReadMem(4 bytes @ 0x20000C78)
T1E68 005:742.771   Data:  00 00 00 00
T1E68 005:742.823 - 1.093ms returns 0
T1E68 005:742.865 JLINK_ReadMem(0x20000C54, 0x4 Bytes, ...)
T1E68 005:742.899   CPU_ReadMem(4 bytes @ 0x20000C54)
T1E68 005:743.506   Data:  36 EC 04 1E
T1E68 005:743.549 - 0.684ms returns 0
T1E68 005:743.588 JLINK_ReadMem(0x00007034, 0x4 Bytes, ...)
T1E68 005:743.613    -- Read from flash cache (4 bytes @ 0x00007034)
T1E68 005:743.642   Data:  04 00 00 00
T1E68 005:743.673 - 0.085ms returns 0
T1E68 005:743.714 JLINK_ReadMem(0x20000C78, 0x4 Bytes, ...)
T1E68 005:743.741   CPU_ReadMem(4 bytes @ 0x20000C78)
T1E68 005:744.369   Data:  00 00 00 00
T1E68 005:744.440 - 0.725ms returns 0
T1E68 005:744.497 JLINK_ReadMem(0x20000C54, 0x4 Bytes, ...)
T1E68 005:744.540   CPU_ReadMem(4 bytes @ 0x20000C54)
T1E68 005:745.275   Data:  36 EC 04 1E
T1E68 005:745.365 - 0.867ms returns 0
T1E68 005:745.419 JLINK_ReadMem(0x00007034, 0x4 Bytes, ...)
T1E68 005:745.457    -- Read from flash cache (4 bytes @ 0x00007034)
T1E68 005:745.497   Data:  04 00 00 00
T1E68 005:745.536 - 0.116ms returns 0
T1E68 005:747.467 JLINK_ReadMem(0x00001FD0, 0x4 Bytes, ...)
T1E68 005:747.524    -- Read from flash cache (4 bytes @ 0x00001FD0)
T1E68 005:747.564   Data:  00 F0 06 F8
T1E68 005:747.599 - 0.132ms returns 0
T1E68 005:755.358 JLINK_ReadMem(0x20000C78, 0x4 Bytes, ...)
T1E68 005:755.433   CPU_ReadMem(4 bytes @ 0x20000C78)
T1E68 005:756.105   Data:  00 00 00 00
T1E68 005:756.158 - 0.801ms returns 0
T1E68 005:756.202 JLINK_ReadMem(0x20000C54, 0x4 Bytes, ...)
T1E68 005:756.237   CPU_ReadMem(4 bytes @ 0x20000C54)
T1E68 005:756.877   Data:  36 EC 04 1E
T1E68 005:756.928 - 0.725ms returns 0
T1E68 005:756.974 JLINK_ReadMem(0x00007034, 0x4 Bytes, ...)
T1E68 005:757.003    -- Read from flash cache (4 bytes @ 0x00007034)
T1E68 005:757.036   Data:  04 00 00 00
T1E68 005:757.068 - 0.094ms returns 0
T1E68 005:757.113 JLINK_ReadMem(0x20000C78, 0x4 Bytes, ...)
T1E68 005:757.142   CPU_ReadMem(4 bytes @ 0x20000C78)
T1E68 005:757.755   Data:  00 00 00 00
T1E68 005:757.804 - 0.691ms returns 0
T1E68 005:757.839 JLINK_ReadMem(0x20000C54, 0x4 Bytes, ...)
T1E68 005:757.869   CPU_ReadMem(4 bytes @ 0x20000C54)
T1E68 005:758.701   Data:  36 EC 04 1E
T1E68 005:758.749 - 0.910ms returns 0
T1E68 005:758.788 JLINK_ReadMem(0x00007034, 0x4 Bytes, ...)
T1E68 005:758.813    -- Read from flash cache (4 bytes @ 0x00007034)
T1E68 005:758.925   Data:  04 00 00 00
T1E68 005:759.088 - 0.221ms returns 0
T1E68 005:761.379 JLINK_ReadMem(0x00001FD0, 0x4 Bytes, ...)
T1E68 005:761.466    -- Read from flash cache (4 bytes @ 0x00001FD0)
T1E68 005:761.501   Data:  00 F0 06 F8
T1E68 005:761.538 - 0.161ms returns 0
T1E68 006:015.659 JLINK_GetNumBPUnits(Type = 0xFFFFFF00)
T1E68 006:015.719 - 0.059ms returns 0x08
T1E68 006:015.745 JLINK_GetNumWPUnits()
T1E68 006:015.767 - 0.020ms returns 4
T1E68 006:015.804 JLINK_GetNumBPUnits(Type = 0xFFFFFF00)
T1E68 006:015.826 - 0.021ms returns 0x08
T1E68 006:015.852 JLINK_GetNumWPUnits()
T1E68 006:015.872 - 0.019ms returns 4
T1E68 006:015.906 JLINK_GetNumBPUnits(Type = 0xFFFFFF00)
T1E68 006:015.927 - 0.021ms returns 0x08
T1E68 006:015.952 JLINK_GetNumWPUnits()
T1E68 006:015.972 - 0.019ms returns 4
T1E68 006:016.062 JLINK_SetBPEx(Addr = 0x00000592, Type = 0xFFFFFF00)
T1E68 006:016.095 - 0.033ms returns 0x00000001
T1E68 006:016.130 JLINK_ClrBPEx(BPHandle = 0x00000001)
T1E68 006:016.153 - 0.022ms returns 0x00
T1E68 006:019.227 JLINK_ReadMem(0x00000594, 0x2 Bytes, ...)
T1E68 006:019.297    -- Read from flash cache (2 bytes @ 0x00000594)
T1E68 006:019.330   Data:  40 F2
T1E68 006:019.361 - 0.134ms returns 0
T1E68 006:020.271 JLINK_SetBPEx(Addr = 0x00000594, Type = 0xFFFFFF00)
T1E68 006:020.317 - 0.047ms returns 0x00000002
T1E68 006:116.734 JLINK_ReadMem(0x20000C78, 0x4 Bytes, ...)
T1E68 006:116.799   CPU_ReadMem(4 bytes @ 0x20000C78)
T1E68 006:117.465   Data:  00 00 00 00
T1E68 006:117.515 - 0.783ms returns 0
T1E68 006:117.561 JLINK_ReadMem(0x20000C54, 0x4 Bytes, ...)
T1E68 006:117.596   CPU_ReadMem(4 bytes @ 0x20000C54)
T1E68 006:118.307   Data:  36 EC 04 1E
T1E68 006:118.353 - 0.792ms returns 0
T1E68 006:118.395 JLINK_ReadMem(0x00007034, 0x4 Bytes, ...)
T1E68 006:118.425    -- Read from flash cache (4 bytes @ 0x00007034)
T1E68 006:118.457   Data:  04 00 00 00
T1E68 006:118.491 - 0.095ms returns 0
T1E68 006:118.538 JLINK_ReadMem(0x20000C78, 0x4 Bytes, ...)
T1E68 006:118.572   CPU_ReadMem(4 bytes @ 0x20000C78)
T1E68 006:119.189   Data:  00 00 00 00
T1E68 006:119.235 - 0.697ms returns 0
T1E68 006:119.277 JLINK_ReadMem(0x20000C54, 0x4 Bytes, ...)
T1E68 006:119.309   CPU_ReadMem(4 bytes @ 0x20000C54)
T1E68 006:119.935   Data:  36 EC 04 1E
T1E68 006:119.979 - 0.702ms returns 0
T1E68 006:120.021 JLINK_ReadMem(0x00007034, 0x4 Bytes, ...)
T1E68 006:120.050    -- Read from flash cache (4 bytes @ 0x00007034)
T1E68 006:120.084   Data:  04 00 00 00
T1E68 006:120.118 - 0.096ms returns 0
T1E68 006:470.443 JLINK_ReadMem(0x20000C78, 0x4 Bytes, ...)
T1E68 006:470.521   CPU_ReadMem(4 bytes @ 0x20000C78)
T1E68 006:471.179   Data:  00 00 00 00
T1E68 006:471.235 - 0.792ms returns 0
T1E68 006:471.281 JLINK_ReadMem(0x20000C54, 0x4 Bytes, ...)
T1E68 006:471.321   CPU_ReadMem(4 bytes @ 0x20000C54)
T1E68 006:471.980   Data:  36 EC 04 1E
T1E68 006:472.027 - 0.746ms returns 0
T1E68 006:472.069 JLINK_ReadMem(0x00007034, 0x4 Bytes, ...)
T1E68 006:472.097    -- Read from flash cache (4 bytes @ 0x00007034)
T1E68 006:472.129   Data:  04 00 00 00
T1E68 006:472.161 - 0.091ms returns 0
T1E68 006:473.069 JLINK_ReadMem(0x20000C78, 0x4 Bytes, ...)
T1E68 006:473.137   CPU_ReadMem(4 bytes @ 0x20000C78)
T1E68 006:473.866   Data:  00 00 00 00
T1E68 006:473.913 - 0.845ms returns 0
T1E68 006:473.952 JLINK_ReadMem(0x20000C54, 0x4 Bytes, ...)
T1E68 006:473.983   CPU_ReadMem(4 bytes @ 0x20000C54)
T1E68 006:474.616   Data:  36 EC 04 1E
T1E68 006:474.668 - 0.716ms returns 0
T1E68 006:474.709 JLINK_ReadMem(0x00007034, 0x4 Bytes, ...)
T1E68 006:474.737    -- Read from flash cache (4 bytes @ 0x00007034)
T1E68 006:474.769   Data:  04 00 00 00
T1E68 006:474.803 - 0.093ms returns 0
T1E68 006:474.896 JLINK_ReadRegs(NumRegs = 20)
T1E68 006:475.044   CPU_ReadMem(4 bytes @ 0xE000EE08)
T1E68 006:475.995   
  R0 (0)        = 0x00                 R1 (1)        = 0x00                 R2 (2)        = 0x00                 R3 (3)        = 0x00              
  R4 (4)        = 0x00                 R5 (5)        = 0x00                 R6 (6)        = 0x00                 R7 (7)        = 0x00              
  R8 (8)        = 0x2000FB38           R9 (9)        = 0x2000FB38           R10 (10)      = 0x00                 R11 (11)      = 0x00              
  R12 (12)      = 0x00                 R13 (SP) (13) = 0x20000440           R14 (14)      = 0xFFFFFFFF           R15 (PC) (15) = 0x1FD0            
  XPSR (16)     = 0xF9000000           MSPLIM (86)   = 0x00                 PSPLIM (87)   = 0x00                 CFBP (20)     = 0x00              
T1E68 006:476.050 - 1.153ms returns 0x00
T1E68 006:476.990 JLINK_ReadMem(0x20000C78, 0x4 Bytes, ...)
T1E68 006:477.059   CPU_ReadMem(4 bytes @ 0x20000C78)
T1E68 006:477.805   Data:  00 00 00 00
T1E68 006:477.864 - 0.874ms returns 0
T1E68 006:477.913 JLINK_ReadMem(0x20000C54, 0x4 Bytes, ...)
T1E68 006:477.954   CPU_ReadMem(4 bytes @ 0x20000C54)
T1E68 006:478.657   Data:  36 EC 04 1E
T1E68 006:478.747 - 0.833ms returns 0
T1E68 006:478.804 JLINK_ReadMem(0x00007034, 0x4 Bytes, ...)
T1E68 006:478.840    -- Read from flash cache (4 bytes @ 0x00007034)
T1E68 006:478.902   Data:  04 00 00 00
T1E68 006:478.938 - 0.133ms returns 0
T1E68 006:479.006 JLINK_ReadMem(0x20000C78, 0x4 Bytes, ...)
T1E68 006:479.055   CPU_ReadMem(4 bytes @ 0x20000C78)
T1E68 006:479.815   Data:  00 00 00 00
T1E68 006:479.868 - 0.862ms returns 0
T1E68 006:479.909 JLINK_ReadMem(0x20000C54, 0x4 Bytes, ...)
T1E68 006:479.942   CPU_ReadMem(4 bytes @ 0x20000C54)
T1E68 006:480.561   Data:  36 EC 04 1E
T1E68 006:480.606 - 0.696ms returns 0
T1E68 006:480.645 JLINK_ReadMem(0x00007034, 0x4 Bytes, ...)
T1E68 006:480.671    -- Read from flash cache (4 bytes @ 0x00007034)
T1E68 006:480.702   Data:  04 00 00 00
T1E68 006:480.734 - 0.089ms returns 0
T1E68 006:482.443 JLINK_ReadMem(0x00001FD0, 0x4 Bytes, ...)
T1E68 006:482.491    -- Read from flash cache (4 bytes @ 0x00001FD0)
T1E68 006:482.523   Data:  00 F0 06 F8
T1E68 006:482.555 - 0.113ms returns 0
T1E68 006:501.657 JLINK_ReadMem(0x00001FD0, 0x4 Bytes, ...)
T1E68 006:501.722    -- Read from flash cache (4 bytes @ 0x00001FD0)
T1E68 006:501.759   Data:  00 F0 06 F8
T1E68 006:501.793 - 0.136ms returns 0
T0658 006:584.500 JLINK_GetNumBPUnits(Type = 0xFFFFFF00)
T0658 006:584.552 - 0.052ms returns 0x08
T0658 006:584.580 JLINK_GetNumWPUnits()
T0658 006:584.603 - 0.022ms returns 4
T0658 006:585.548 JLINK_GetNumBPUnits(Type = 0xFFFFFF00)
T0658 006:585.602 - 0.054ms returns 0x08
T0658 006:585.633 JLINK_GetNumWPUnits()
T0658 006:585.655 - 0.021ms returns 4
T0658 006:588.344 JLINK_GetNumBPUnits(Type = 0xFFFFFF00)
T0658 006:588.397 - 0.053ms returns 0x08
T0658 006:588.426 JLINK_GetNumWPUnits()
T0658 006:588.450 - 0.023ms returns 4
T0658 006:598.309 JLINK_GetNumBPUnits(Type = 0xFFFFFF00)
T0658 006:598.801 - 0.492ms returns 0x08
T0658 006:598.835 JLINK_GetNumWPUnits()
T0658 006:598.859 - 0.023ms returns 4
T0658 006:599.700 JLINK_ReadReg(XPSR)
T0658 006:600.650 - 0.949ms returns 0xF9000000
T0658 006:600.704 JLINK_ReadReg(R15 (PC))
T0658 006:600.732 - 0.027ms returns 0x00001FD0
T0658 006:601.237 JLINK_GetNumBPUnits(Type = 0xFFFFFF00)
T0658 006:601.277 - 0.040ms returns 0x08
T0658 006:601.304 JLINK_GetNumWPUnits()
T0658 006:601.326 - 0.021ms returns 4
T0658 006:601.739 JLINK_GetNumBPUnits(Type = 0xFFFFFF00)
T0658 006:601.775 - 0.036ms returns 0x08
T0658 006:601.802 JLINK_GetNumWPUnits()
T0658 006:601.824 - 0.021ms returns 4
T0658 006:602.199 JLINK_GetNumBPUnits(Type = 0xFFFFFF00)
T0658 006:602.234 - 0.035ms returns 0x08
T0658 006:602.261 JLINK_GetNumWPUnits()
T0658 006:602.283 - 0.021ms returns 4
T0658 006:602.657 JLINK_GetNumBPUnits(Type = 0xFFFFFF00)
T0658 006:602.696 - 0.038ms returns 0x08
T0658 006:602.725 JLINK_GetNumWPUnits()
T0658 006:602.749 - 0.023ms returns 4
T1E68 007:785.050 JLINK_ReadMem(0x20000C78, 0x4 Bytes, ...)
T1E68 007:785.142   CPU_ReadMem(4 bytes @ 0x20000C78)
T1E68 007:785.817   Data:  00 00 00 00
T1E68 007:785.870 - 0.821ms returns 0
T1E68 007:785.925 JLINK_ReadMem(0x20000C54, 0x4 Bytes, ...)
T1E68 007:785.969   CPU_ReadMem(4 bytes @ 0x20000C54)
T1E68 007:786.621   Data:  36 EC 04 1E
T1E68 007:786.672 - 0.747ms returns 0
T1E68 007:786.803 JLINK_ReadMem(0x00007034, 0x4 Bytes, ...)
T1E68 007:786.873    -- Read from flash cache (4 bytes @ 0x00007034)
T1E68 007:786.904   Data:  04 00 00 00
T1E68 007:786.936 - 0.133ms returns 0
T1E68 007:786.982 JLINK_ReadMem(0x20000C78, 0x4 Bytes, ...)
T1E68 007:787.014   CPU_ReadMem(4 bytes @ 0x20000C78)
T1E68 007:787.637   Data:  00 00 00 00
T1E68 007:787.692 - 0.709ms returns 0
T1E68 007:787.750 JLINK_ReadMem(0x20000C54, 0x4 Bytes, ...)
T1E68 007:787.789   CPU_ReadMem(4 bytes @ 0x20000C54)
T1E68 007:788.437   Data:  36 EC 04 1E
T1E68 007:788.485 - 0.734ms returns 0
T1E68 007:788.526 JLINK_ReadMem(0x00007034, 0x4 Bytes, ...)
T1E68 007:788.554    -- Read from flash cache (4 bytes @ 0x00007034)
T1E68 007:788.589   Data:  04 00 00 00
T1E68 007:788.624 - 0.098ms returns 0
T1E68 007:834.819 JLINK_ReadMem(0x20000C78, 0x4 Bytes, ...)
T1E68 007:834.898   CPU_ReadMem(4 bytes @ 0x20000C78)
T1E68 007:835.568   Data:  00 00 00 00
T1E68 007:835.675 - 0.857ms returns 0
T1E68 007:835.717 JLINK_ReadMem(0x20000C54, 0x4 Bytes, ...)
T1E68 007:835.753   CPU_ReadMem(4 bytes @ 0x20000C54)
T1E68 007:836.412   Data:  36 EC 04 1E
T1E68 007:836.469 - 0.752ms returns 0
T1E68 007:836.515 JLINK_ReadMem(0x00007034, 0x4 Bytes, ...)
T1E68 007:836.547    -- Read from flash cache (4 bytes @ 0x00007034)
T1E68 007:836.584   Data:  04 00 00 00
T1E68 007:836.625 - 0.110ms returns 0
T1E68 007:836.675 JLINK_ReadMem(0x20000C78, 0x4 Bytes, ...)
T1E68 007:836.713   CPU_ReadMem(4 bytes @ 0x20000C78)
T1E68 007:837.363   Data:  00 00 00 00
T1E68 007:837.414 - 0.738ms returns 0
T1E68 007:837.454 JLINK_ReadMem(0x20000C54, 0x4 Bytes, ...)
T1E68 007:837.489   CPU_ReadMem(4 bytes @ 0x20000C54)
T1E68 007:861.358   Data:  36 EC 04 1E
T1E68 007:861.427 - 23.973ms returns 0
T1E68 007:861.546 JLINK_ReadMem(0x00007034, 0x4 Bytes, ...)
T1E68 007:861.617    -- Read from flash cache (4 bytes @ 0x00007034)
T1E68 007:861.653   Data:  04 00 00 00
T1E68 007:861.689 - 0.142ms returns 0
T1E68 099:619.040 JLINK_ReadMem(0x20000C78, 0x4 Bytes, ...)
T1E68 099:619.120   CPU_ReadMem(4 bytes @ 0x20000C78)
T1E68 099:619.816   Data:  00 00 00 00
T1E68 099:619.856 - 0.817ms returns 0
T1E68 099:619.888 JLINK_ReadMem(0x20000C54, 0x4 Bytes, ...)
T1E68 099:619.912   CPU_ReadMem(4 bytes @ 0x20000C54)
T1E68 099:620.648   Data:  36 EC 04 1E
T1E68 099:620.680 - 0.794ms returns 0
T1E68 099:620.712 JLINK_ReadMem(0x00007034, 0x4 Bytes, ...)
T1E68 099:620.720    -- Read from flash cache (4 bytes @ 0x00007034)
T1E68 099:620.744   Data:  04 00 00 00
T1E68 099:620.760 - 0.055ms returns 0
T1E68 099:620.816 JLINK_IsHalted()
T1E68 099:621.448 - 0.628ms returns TRUE
T1E68 099:621.488 JLINK_GoEx(MaxEmulInsts = 0, Flags = 0x01)
T1E68 099:621.504   CPU_WriteMem(4 bytes @ 0xE0002000)
T1E68 099:622.144   CPU_ReadMem(4 bytes @ 0xE0001000)
T1E68 099:622.768   CPU_WriteMem(4 bytes @ 0xE0002008)
T1E68 099:622.800   CPU_WriteMem(4 bytes @ 0xE000200C)
T1E68 099:622.808   CPU_WriteMem(4 bytes @ 0xE0002010)
T1E68 099:622.824   CPU_WriteMem(4 bytes @ 0xE0002014)
T1E68 099:622.832   CPU_WriteMem(4 bytes @ 0xE0002018)
T1E68 099:622.856   CPU_WriteMem(4 bytes @ 0xE000201C)
T1E68 099:622.864   CPU_WriteMem(4 bytes @ 0xE0002020)
T1E68 099:622.880   CPU_WriteMem(4 bytes @ 0xE0002024)
T1E68 099:626.736   CPU_WriteMem(4 bytes @ 0xE0001004)
T1E68 099:628.496   Memory map 'after startup completion point' is active
T1E68 099:628.552 - 7.068ms 
T1E68 099:727.912 JLINK_IsHalted()
T1E68 099:734.160 - 6.245ms returns TRUE
T1E68 099:734.200 JLINK_ReadReg(XPSR)
T1E68 099:734.224   CPU_ReadMem(4 bytes @ 0xE000EE08)
T1E68 099:734.840 - 0.638ms returns 0x69000000
T1E68 099:734.872 JLINK_ReadReg(R15 (PC))
T1E68 099:734.896 - 0.019ms returns 0x00000594
T1E68 099:734.968 JLINK_ReadReg(XPSR)
T1E68 099:734.992 - 0.025ms returns 0x69000000
T1E68 099:735.016 JLINK_ReadReg(XPSR)
T1E68 099:735.032 - 0.016ms returns 0x69000000
T1E68 099:735.056 JLINK_ReadReg(R15 (PC))
T1E68 099:735.064 - 0.017ms returns 0x00000594
T1E68 099:735.088 JLINK_ReadReg(XPSR)
T1E68 099:735.104 - 0.017ms returns 0x69000000
T1E68 099:735.120 JLINK_ReadReg(XPSR)
T1E68 099:735.144 - 0.016ms returns 0x69000000
T1E68 099:735.160 JLINK_ReadMem(0x00000594, 0x1 Bytes, ...)
T1E68 099:735.184    -- Read from flash cache (1 bytes @ 0x00000594)
T1E68 099:735.200   Data:  40
T1E68 099:735.224 - 0.062ms returns 0
T1E68 099:735.248 JLINK_IsHalted()
T1E68 099:735.256 - 0.016ms returns TRUE
T1E68 099:735.280 JLINK_ReadReg(XPSR)
T1E68 099:735.296 - 0.018ms returns 0x69000000
T1E68 099:735.312 JLINK_ReadReg(XPSR)
T1E68 099:735.336 - 0.017ms returns 0x69000000
T1E68 099:735.352 JLINK_ReadReg(R15 (PC))
T1E68 099:735.376 - 0.017ms returns 0x00000594
T1E68 099:735.392 JLINK_ReadReg(XPSR)
T1E68 099:735.408 - 0.017ms returns 0x69000000
T1E68 099:735.432 JLINK_ReadReg(XPSR)
T1E68 099:735.440 - 0.016ms returns 0x69000000
T1E68 099:735.464 JLINK_ReadMem(0x00000594, 0x1 Bytes, ...)
T1E68 099:735.480    -- Read from flash cache (1 bytes @ 0x00000594)
T1E68 099:735.512   Data:  40
T1E68 099:735.536 - 0.071ms returns 0
T1E68 099:735.640 JLINK_IsHalted()
T1E68 099:735.664 - 0.019ms returns TRUE
T1E68 099:735.680 JLINK_ReadReg(XPSR)
T1E68 099:735.696 - 0.018ms returns 0x69000000
T1E68 099:735.720 JLINK_ReadReg(R15 (PC))
T1E68 099:735.728 - 0.016ms returns 0x00000594
T1E68 099:735.752 JLINK_ReadReg(XPSR)
T1E68 099:735.768 - 0.016ms returns 0x69000000
T1E68 099:735.792 JLINK_ReadReg(XPSR)
T1E68 099:735.808 - 0.019ms returns 0x69000000
T1E68 099:735.840 JLINK_ReadReg(R15 (PC))
T1E68 099:735.856 - 0.023ms returns 0x00000594
T1E68 099:735.880 JLINK_ReadReg(XPSR)
T1E68 099:735.888 - 0.015ms returns 0x69000000
T1E68 099:735.912 JLINK_ReadReg(XPSR)
T1E68 099:735.920 - 0.015ms returns 0x69000000
T1E68 099:735.944 JLINK_ReadMem(0x00000594, 0x1 Bytes, ...)
T1E68 099:735.960    -- Read from flash cache (1 bytes @ 0x00000594)
T1E68 099:735.984   Data:  40
T1E68 099:736.000 - 0.056ms returns 0
T1E68 099:736.016 JLINK_IsHalted()
T1E68 099:736.032 - 0.013ms returns TRUE
T1E68 099:736.048 JLINK_ReadReg(XPSR)
T1E68 099:736.064 - 0.015ms returns 0x69000000
T1E68 099:736.080 JLINK_ReadReg(XPSR)
T1E68 099:736.096 - 0.015ms returns 0x69000000
T1E68 099:736.112 JLINK_ReadReg(R15 (PC))
T1E68 099:736.128 - 0.015ms returns 0x00000594
T1E68 099:736.144 JLINK_ReadReg(XPSR)
T1E68 099:736.160 - 0.014ms returns 0x69000000
T1E68 099:736.176 JLINK_ReadReg(XPSR)
T1E68 099:736.192 - 0.014ms returns 0x69000000
T1E68 099:736.208 JLINK_ReadMem(0x00000594, 0x1 Bytes, ...)
T1E68 099:736.224    -- Read from flash cache (1 bytes @ 0x00000594)
T1E68 099:736.240   Data:  40
T1E68 099:736.264 - 0.054ms returns 0
T1E68 099:736.296 JLINK_ReadMem(0x20000C78, 0x4 Bytes, ...)
T1E68 099:736.312   CPU_ReadMem(4 bytes @ 0x20000C78)
T1E68 099:736.880   Data:  00 00 00 00
T1E68 099:736.912 - 0.624ms returns 0
T1E68 099:736.944 JLINK_ReadMem(0x20000C54, 0x4 Bytes, ...)
T1E68 099:736.968   CPU_ReadMem(4 bytes @ 0x20000C54)
T1E68 099:737.536   Data:  00 00 00 00
T1E68 099:737.568 - 0.625ms returns 0
T1E68 099:737.592 JLINK_ReadMem(0x00007034, 0x4 Bytes, ...)
T1E68 099:737.616    -- Read from flash cache (4 bytes @ 0x00007034)
T1E68 099:737.640   Data:  04 00 00 00
T1E68 099:737.656 - 0.062ms returns 0
T1E68 099:738.392 JLINK_ReadMem(0x20000C78, 0x4 Bytes, ...)
T1E68 099:738.424   CPU_ReadMem(4 bytes @ 0x20000C78)
T1E68 099:739.008   Data:  00 00 00 00
T1E68 099:739.040 - 0.643ms returns 0
T1E68 099:739.056 JLINK_ReadMem(0x20000C54, 0x4 Bytes, ...)
T1E68 099:739.088   CPU_ReadMem(4 bytes @ 0x20000C54)
T1E68 099:739.736   Data:  00 00 00 00
T1E68 099:739.768 - 0.710ms returns 0
T1E68 099:739.808 JLINK_ReadMem(0x00007034, 0x4 Bytes, ...)
T1E68 099:739.832    -- Read from flash cache (4 bytes @ 0x00007034)
T1E68 099:739.856   Data:  04 00 00 00
T1E68 099:739.872 - 0.064ms returns 0
T1E68 099:739.936 JLINK_ReadRegs(NumRegs = 20)
T1E68 099:740.008   
  R0 (0)        = 0x00                 R1 (1)        = 0x40006300           R2 (2)        = 0x56                 R3 (3)        = 0x10              
  R4 (4)        = 0x00                 R5 (5)        = 0x00                 R6 (6)        = 0x00                 R7 (7)        = 0x00              
  R8 (8)        = 0x2000FB38           R9 (9)        = 0x2000FB38           R10 (10)      = 0x00                 R11 (11)      = 0x00              
  R12 (12)      = 0x4001E3FE           R13 (SP) (13) = 0x20000438           R14 (14)      = 0x1FD9               R15 (PC) (15) = 0x594             
  XPSR (16)     = 0x69000000           MSPLIM (86)   = 0x20000040           PSPLIM (87)   = 0x00                 CFBP (20)     = 0x00              
T1E68 099:740.032 - 0.095ms returns 0x00
T1E68 099:741.152 JLINK_ReadMem(0x20000C78, 0x4 Bytes, ...)
T1E68 099:741.200   CPU_ReadMem(4 bytes @ 0x20000C78)
T1E68 099:741.832   Data:  00 00 00 00
T1E68 099:741.872 - 0.716ms returns 0
T1E68 099:741.912 JLINK_ReadMem(0x20000C54, 0x4 Bytes, ...)
T1E68 099:741.936   CPU_ReadMem(4 bytes @ 0x20000C54)
T1E68 099:742.928   Data:  00 00 00 00
T1E68 099:743.064 - 1.151ms returns 0
T1E68 099:743.096 JLINK_ReadMem(0x00007034, 0x4 Bytes, ...)
T1E68 099:743.120    -- Read from flash cache (4 bytes @ 0x00007034)
T1E68 099:743.144   Data:  04 00 00 00
T1E68 099:743.160 - 0.066ms returns 0
T1E68 099:743.192 JLINK_ReadMem(0x20000C78, 0x4 Bytes, ...)
T1E68 099:743.216   CPU_ReadMem(4 bytes @ 0x20000C78)
T1E68 099:743.856   Data:  00 00 00 00
T1E68 099:743.888 - 0.696ms returns 0
T1E68 099:743.920 JLINK_ReadMem(0x20000C54, 0x4 Bytes, ...)
T1E68 099:743.936   CPU_ReadMem(4 bytes @ 0x20000C54)
T1E68 099:744.536   Data:  00 00 00 00
T1E68 099:744.568 - 0.650ms returns 0
T1E68 099:744.592 JLINK_ReadMem(0x00007034, 0x4 Bytes, ...)
T1E68 099:744.608    -- Read from flash cache (4 bytes @ 0x00007034)
T1E68 099:744.624   Data:  04 00 00 00
T1E68 099:744.656 - 0.058ms returns 0
T1E68 099:745.840 JLINK_ReadMem(0x00000594, 0x4 Bytes, ...)
T1E68 099:745.880    -- Read from flash cache (4 bytes @ 0x00000594)
T1E68 099:745.904   Data:  40 F2 68 60
T1E68 099:745.936 - 0.093ms returns 0
T1E68 099:747.904 JLINK_ClrBPEx(BPHandle = 0x00000002)
T1E68 099:747.944 - 0.038ms returns 0x00
T0658 099:749.384 JLINK_ReadReg(XPSR)
T0658 099:749.456 - 0.073ms returns 0x69000000
T0658 099:749.488 JLINK_ReadReg(R15 (PC))
T0658 099:749.512 - 0.025ms returns 0x00000594
T0658 099:749.728 JLINK_IsHalted()
T0658 099:749.752 - 0.023ms returns TRUE
T0658 099:749.776 JLINK_ReadReg(XPSR)
T0658 099:749.800 - 0.018ms returns 0x69000000
T0658 099:749.808 JLINK_ReadReg(R15 (PC))
T0658 099:749.832 - 0.015ms returns 0x00000594
T0658 099:749.848 JLINK_ReadReg(XPSR)
T0658 099:749.864 - 0.015ms returns 0x69000000
T0658 099:749.880 JLINK_ReadReg(XPSR)
T0658 099:749.896 - 0.015ms returns 0x69000000
T0658 099:749.912 JLINK_ReadReg(R15 (PC))
T0658 099:749.936 - 0.015ms returns 0x00000594
T0658 099:749.944 JLINK_ReadReg(XPSR)
T0658 099:749.968 - 0.015ms returns 0x69000000
T0658 099:749.976 JLINK_ReadReg(XPSR)
T0658 099:750.000 - 0.015ms returns 0x69000000
T0658 099:750.016 JLINK_ReadMem(0x00000594, 0x1 Bytes, ...)
T0658 099:750.032    -- Read from flash cache (1 bytes @ 0x00000594)
T0658 099:750.056   Data:  40
T0658 099:750.072 - 0.061ms returns 0
T0658 099:750.096 JLINK_IsHalted()
T0658 099:750.104 - 0.014ms returns TRUE
T0658 099:750.128 JLINK_ReadReg(XPSR)
T0658 099:750.136 - 0.015ms returns 0x69000000
T0658 099:750.160 JLINK_ReadReg(XPSR)
T0658 099:750.168 - 0.015ms returns 0x69000000
T0658 099:750.192 JLINK_ReadReg(R15 (PC))
T0658 099:750.208 - 0.015ms returns 0x00000594
T0658 099:750.224 JLINK_ReadReg(XPSR)
T0658 099:750.240 - 0.015ms returns 0x69000000
T0658 099:750.256 JLINK_ReadReg(XPSR)
T0658 099:750.272 - 0.015ms returns 0x69000000
T0658 099:750.288 JLINK_ReadMem(0x00000594, 0x1 Bytes, ...)
T0658 099:750.304    -- Read from flash cache (1 bytes @ 0x00000594)
T0658 099:750.320   Data:  40
T0658 099:750.344 - 0.055ms returns 0
T0658 099:750.440 JLINK_ReadMem(0xE0001000, 0x4 Bytes, ...)
T0658 099:750.456   CPU_ReadMem(4 bytes @ 0xE0001000)
T0658 099:751.056   Data:  01 00 00 40
T0658 099:751.088   Debug reg: DWT_CTRL
T0658 099:751.112 - 0.675ms returns 0
T0658 099:751.144 JLINK_WriteMem(0xE0001FB0, 0x8 Bytes, ...)
T0658 099:751.152   Data:  00 00 00 00 55 CE AC C5
T0658 099:751.544   CPU_WriteMem(8 bytes @ 0xE0001FB0)
T0658 099:752.296 - 1.150ms returns 0x8
T0658 099:752.328 JLINK_ReadMem(0xE000EDFC, 0x4 Bytes, ...)
T0658 099:752.352   CPU_ReadMem(4 bytes @ 0xE000EDFC)
T0658 099:752.952   Data:  00 00 10 01
T0658 099:752.984   Debug reg: DEMCR
T0658 099:753.008 - 0.681ms returns 0
T0658 099:754.848 JLINK_ReadMem(0xE0001004, 0x4 Bytes, ...)
T0658 099:754.896   CPU_ReadMem(4 bytes @ 0xE0001004)
T0658 099:755.528   Data:  31 64 00 00
T0658 099:755.568   Debug reg: DWT_CYCCNT
T0658 099:755.584 - 0.739ms returns 0
T1E68 099:793.112 JLINK_ReadMem(0x00000594, 0x4 Bytes, ...)
T1E68 099:793.176    -- Read from flash cache (4 bytes @ 0x00000594)
T1E68 099:793.224   Data:  40 F2 68 60
T1E68 099:793.264 - 0.149ms returns 0
T1E68 099:854.040 JLINK_ReadMem(0x20000C78, 0x4 Bytes, ...)
T1E68 099:854.112   CPU_ReadMem(4 bytes @ 0x20000C78)
T1E68 099:854.944   Data:  00 00 00 00
T1E68 099:854.976 - 0.935ms returns 0
T1E68 099:855.008 JLINK_ReadMem(0x20000C54, 0x4 Bytes, ...)
T1E68 099:855.032   CPU_ReadMem(4 bytes @ 0x20000C54)
T1E68 099:855.664   Data:  00 00 00 00
T1E68 099:855.712 - 0.704ms returns 0
T1E68 099:855.752 JLINK_ReadMem(0x00007034, 0x4 Bytes, ...)
T1E68 099:855.768    -- Read from flash cache (4 bytes @ 0x00007034)
T1E68 099:855.792   Data:  04 00 00 00
T1E68 099:855.816 - 0.063ms returns 0
T1E68 099:855.848 JLINK_ReadMem(0x20000C78, 0x4 Bytes, ...)
T1E68 099:855.872   CPU_ReadMem(4 bytes @ 0x20000C78)
T1E68 099:856.440   Data:  00 00 00 00
T1E68 099:856.480 - 0.636ms returns 0
T1E68 099:856.520 JLINK_ReadMem(0x20000C54, 0x4 Bytes, ...)
T1E68 099:856.536   CPU_ReadMem(4 bytes @ 0x20000C54)
T1E68 099:857.216   Data:  00 00 00 00
T1E68 099:857.256 - 0.737ms returns 0
T1E68 099:857.288 JLINK_ReadMem(0x00007034, 0x4 Bytes, ...)
T1E68 099:857.304    -- Read from flash cache (4 bytes @ 0x00007034)
T1E68 099:857.328   Data:  04 00 00 00
T1E68 099:857.352 - 0.064ms returns 0
T1E68 099:862.008 JLINK_ReadMem(0x20000C78, 0x4 Bytes, ...)
T1E68 099:862.096   CPU_ReadMem(4 bytes @ 0x20000C78)
T1E68 099:862.808   Data:  00 00 00 00
T1E68 099:862.864 - 0.848ms returns 0
T1E68 099:862.896 JLINK_ReadMem(0x20000C54, 0x4 Bytes, ...)
T1E68 099:862.920   CPU_ReadMem(4 bytes @ 0x20000C54)
T1E68 099:863.656   Data:  00 00 00 00
T1E68 099:863.696 - 0.807ms returns 0
T1E68 099:863.728 JLINK_ReadMem(0x00007034, 0x4 Bytes, ...)
T1E68 099:863.760    -- Read from flash cache (4 bytes @ 0x00007034)
T1E68 099:863.784   Data:  04 00 00 00
T1E68 099:863.800 - 0.068ms returns 0
T1E68 099:863.840 JLINK_ReadMem(0x20000C78, 0x4 Bytes, ...)
T1E68 099:863.864   CPU_ReadMem(4 bytes @ 0x20000C78)
T1E68 099:864.496   Data:  00 00 00 00
T1E68 099:864.536 - 0.700ms returns 0
T1E68 099:864.672 JLINK_ReadMem(0x20000C54, 0x4 Bytes, ...)
T1E68 099:864.704   CPU_ReadMem(4 bytes @ 0x20000C54)
T1E68 099:865.328   Data:  00 00 00 00
T1E68 099:865.368 - 0.697ms returns 0
T1E68 099:865.400 JLINK_ReadMem(0x00007034, 0x4 Bytes, ...)
T1E68 099:865.424    -- Read from flash cache (4 bytes @ 0x00007034)
T1E68 099:865.440   Data:  04 00 00 00
T1E68 099:865.480 - 0.076ms returns 0
T1E68 100:782.880 JLINK_ReadMem(0x20000C78, 0x4 Bytes, ...)
T1E68 100:782.936   CPU_ReadMem(4 bytes @ 0x20000C78)
T1E68 100:784.712   Data:  00 00 00 00
T1E68 100:784.760 - 1.885ms returns 0
T1E68 100:784.800 JLINK_ReadMem(0x20000C54, 0x4 Bytes, ...)
T1E68 100:784.824   CPU_ReadMem(4 bytes @ 0x20000C54)
T1E68 100:785.472   Data:  00 00 00 00
T1E68 100:785.504 - 0.709ms returns 0
T1E68 100:785.536 JLINK_ReadMem(0x00007034, 0x4 Bytes, ...)
T1E68 100:785.552    -- Read from flash cache (4 bytes @ 0x00007034)
T1E68 100:785.576   Data:  04 00 00 00
T1E68 100:785.592 - 0.058ms returns 0
T1E68 100:786.744 JLINK_ReadMem(0xE0001004, 0x4 Bytes, ...)
T1E68 100:786.824   Data:  31 64 00 00
T1E68 100:786.880   Debug reg: DWT_CYCCNT
T1E68 100:786.904 - 0.163ms returns 0
T1E68 100:786.928 JLINK_IsHalted()
T1E68 100:787.488 - 0.557ms returns TRUE
T1E68 100:788.720 JLINK_ReadMem(0xE0001004, 0x4 Bytes, ...)
T1E68 100:788.768   Data:  31 64 00 00
T1E68 100:788.792   Debug reg: DWT_CYCCNT
T1E68 100:788.816 - 0.087ms returns 0
T1E68 100:788.832 JLINK_GoEx(MaxEmulInsts = 0, Flags = 0x01)
T1E68 100:789.384   CPU_ReadMem(4 bytes @ 0xE0001000)
T1E68 100:794.368   CPU_WriteMem(4 bytes @ 0xE0002008)
T1E68 100:796.144 - 7.312ms 
T1E68 100:899.744 JLINK_IsHalted()
T1E68 100:900.344 - 0.598ms returns FALSE
T1E68 100:900.384 JLINK_IsHalted()
T1E68 100:900.928 - 0.542ms returns FALSE
T1E68 101:008.456 JLINK_IsHalted()
T1E68 101:009.184 - 0.727ms returns FALSE
T1E68 101:009.232 JLINK_IsHalted()
T1E68 101:009.792 - 0.554ms returns FALSE
T1E68 101:118.224 JLINK_IsHalted()
T1E68 101:118.816 - 0.588ms returns FALSE
T1E68 101:118.848 JLINK_IsHalted()
T1E68 101:119.384 - 0.531ms returns FALSE
T1E68 101:227.168 JLINK_IsHalted()
T1E68 101:227.832 - 0.663ms returns FALSE
T1E68 101:227.864 JLINK_IsHalted()
T1E68 101:228.464 - 0.592ms returns FALSE
T1E68 101:336.464 JLINK_IsHalted()
T1E68 101:337.160 - 0.696ms returns FALSE
T1E68 101:337.200 JLINK_IsHalted()
T1E68 101:337.832 - 0.624ms returns FALSE
T1E68 101:446.440 JLINK_IsHalted()
T1E68 101:447.128 - 0.693ms returns FALSE
T1E68 101:447.168 JLINK_IsHalted()
T1E68 101:447.768 - 0.606ms returns FALSE
T1E68 101:556.144 JLINK_IsHalted()
T1E68 101:556.824 - 0.680ms returns FALSE
T1E68 101:556.872 JLINK_IsHalted()
T1E68 101:557.528 - 0.655ms returns FALSE
T1E68 101:664.848 JLINK_IsHalted()
T1E68 101:665.472 - 0.627ms returns FALSE
T1E68 101:665.488 JLINK_IsHalted()
T1E68 101:666.040 - 0.548ms returns FALSE
T1E68 101:774.664 JLINK_IsHalted()
T1E68 101:775.360 - 0.694ms returns FALSE
T1E68 101:775.424 JLINK_IsHalted()
T1E68 101:776.072 - 0.649ms returns FALSE
T0658 101:794.816 JLINK_IsHalted()
T0658 101:795.472 - 0.649ms returns FALSE
T0658 101:795.512 JLINK_IsHalted()
T0658 101:796.088 - 0.579ms returns FALSE
T1E68 101:883.424 JLINK_IsHalted()
T1E68 101:884.048 - 0.628ms returns FALSE
T1E68 101:884.080 JLINK_IsHalted()
T1E68 101:884.728 - 0.645ms returns FALSE
T1E68 101:993.104 JLINK_IsHalted()
T1E68 101:993.744 - 0.640ms returns FALSE
T1E68 101:993.776 JLINK_IsHalted()
T1E68 101:994.336 - 0.555ms returns FALSE
T1E68 102:102.864 JLINK_IsHalted()
T1E68 102:103.536 - 0.679ms returns FALSE
T1E68 102:103.584 JLINK_IsHalted()
T1E68 102:104.208 - 0.624ms returns FALSE
T1E68 102:211.656 JLINK_IsHalted()
T1E68 102:212.344 - 0.695ms returns FALSE
T1E68 102:212.400 JLINK_IsHalted()
T1E68 102:213.032 - 0.631ms returns FALSE
T1E68 102:321.368 JLINK_IsHalted()
T1E68 102:322.040 - 0.675ms returns FALSE
T1E68 102:322.064 JLINK_IsHalted()
T1E68 102:322.608 - 0.541ms returns FALSE
T1E68 102:430.504 JLINK_IsHalted()
T1E68 102:431.192 - 0.688ms returns FALSE
T1E68 102:431.232 JLINK_IsHalted()
T1E68 102:431.824 - 0.595ms returns FALSE
T1E68 102:540.168 JLINK_IsHalted()
T1E68 102:540.816 - 0.651ms returns FALSE
T1E68 102:540.848 JLINK_IsHalted()
T1E68 102:541.464 - 0.611ms returns FALSE
T1E68 102:649.904 JLINK_IsHalted()
T1E68 102:650.608 - 0.704ms returns FALSE
T1E68 102:650.648 JLINK_IsHalted()
T1E68 102:651.320 - 0.668ms returns FALSE
T1E68 102:758.704 JLINK_IsHalted()
T1E68 102:759.368 - 0.654ms returns FALSE
T1E68 102:759.400 JLINK_IsHalted()
T1E68 102:759.976 - 0.580ms returns FALSE
T0658 102:795.824 JLINK_IsHalted()
T0658 102:796.488 - 0.664ms returns FALSE
T0658 102:796.544 JLINK_IsHalted()
T0658 102:797.144 - 0.606ms returns FALSE
T1E68 102:868.400 JLINK_IsHalted()
T1E68 102:869.152 - 0.750ms returns FALSE
T1E68 102:869.208 JLINK_IsHalted()
T1E68 102:869.816 - 0.611ms returns FALSE
T1E68 102:977.160 JLINK_IsHalted()
T1E68 102:977.872 - 0.709ms returns FALSE
T1E68 102:977.904 JLINK_IsHalted()
T1E68 102:978.544 - 0.631ms returns FALSE
T1E68 103:086.952 JLINK_IsHalted()
T1E68 103:087.640 - 0.694ms returns FALSE
T1E68 103:087.688 JLINK_IsHalted()
T1E68 103:088.320 - 0.627ms returns FALSE
T1E68 103:195.888 JLINK_IsHalted()
T1E68 103:196.528 - 0.636ms returns FALSE
T1E68 103:196.560 JLINK_IsHalted()
T1E68 103:197.144 - 0.584ms returns FALSE
T1E68 103:305.688 JLINK_IsHalted()
T1E68 103:306.376 - 0.683ms returns FALSE
T1E68 103:306.416 JLINK_IsHalted()
T1E68 103:307.048 - 0.626ms returns FALSE
T1E68 103:415.344 JLINK_IsHalted()
T1E68 103:416.016 - 0.674ms returns FALSE
T1E68 103:416.072 JLINK_IsHalted()
T1E68 103:416.720 - 0.652ms returns FALSE
T1E68 103:524.136 JLINK_IsHalted()
T1E68 103:524.800 - 0.668ms returns FALSE
T1E68 103:524.848 JLINK_IsHalted()
T1E68 103:525.432 - 0.590ms returns FALSE
T1E68 103:633.848 JLINK_IsHalted()
T1E68 103:634.576 - 0.732ms returns FALSE
T1E68 103:634.608 JLINK_IsHalted()
T1E68 103:635.176 - 0.564ms returns FALSE
T1E68 103:743.528 JLINK_IsHalted()
T1E68 103:744.176 - 0.656ms returns FALSE
T1E68 103:744.216 JLINK_IsHalted()
T1E68 103:744.808 - 0.589ms returns FALSE
T0658 103:797.520 JLINK_IsHalted()
T0658 103:798.184 - 0.661ms returns FALSE
T0658 103:798.208 JLINK_IsHalted()
T0658 103:798.800 - 0.592ms returns FALSE
T1E68 103:852.280 JLINK_IsHalted()
T1E68 103:852.968 - 0.686ms returns FALSE
T1E68 103:853.000 JLINK_IsHalted()
T1E68 103:853.560 - 0.564ms returns FALSE
T1E68 103:962.152 JLINK_IsHalted()
T1E68 103:962.880 - 0.730ms returns FALSE
T1E68 103:962.920 JLINK_IsHalted()
T1E68 103:963.504 - 0.585ms returns FALSE
T1E68 104:070.864 JLINK_IsHalted()
T1E68 104:071.584 - 0.721ms returns FALSE
T1E68 104:071.632 JLINK_IsHalted()
T1E68 104:072.312 - 0.679ms returns FALSE
T1E68 104:180.768 JLINK_IsHalted()
T1E68 104:181.448 - 0.678ms returns FALSE
T1E68 104:181.488 JLINK_IsHalted()
T1E68 104:182.088 - 0.602ms returns FALSE
T1E68 104:289.624 JLINK_IsHalted()
T1E68 104:290.320 - 0.696ms returns FALSE
T1E68 104:290.360 JLINK_IsHalted()
T1E68 104:290.992 - 0.632ms returns FALSE
T1E68 104:399.312 JLINK_IsHalted()
T1E68 104:399.896 - 0.590ms returns FALSE
T1E68 104:399.920 JLINK_IsHalted()
T1E68 104:400.456 - 0.534ms returns FALSE
T1E68 104:508.304 JLINK_IsHalted()
T1E68 104:508.936 - 0.622ms returns FALSE
T1E68 104:508.992 JLINK_IsHalted()
T1E68 104:509.544 - 0.552ms returns FALSE
T1E68 104:618.160 JLINK_IsHalted()
T1E68 104:618.832 - 0.678ms returns FALSE
T1E68 104:618.864 JLINK_IsHalted()
T1E68 104:619.416 - 0.552ms returns FALSE
T1E68 104:727.344 JLINK_IsHalted()
T1E68 104:727.960 - 0.610ms returns FALSE
T1E68 104:727.984 JLINK_IsHalted()
T1E68 104:728.576 - 0.593ms returns FALSE
T0658 104:799.664 JLINK_IsHalted()
T0658 104:800.336 - 0.673ms returns FALSE
T0658 104:800.352 JLINK_IsHalted()
T0658 104:800.912 - 0.562ms returns FALSE
T1E68 104:836.400 JLINK_IsHalted()
T1E68 104:837.072 - 0.670ms returns FALSE
T1E68 104:837.120 JLINK_IsHalted()
T1E68 104:837.768 - 0.647ms returns FALSE
T1E68 104:946.248 JLINK_IsHalted()
T1E68 104:946.952 - 0.701ms returns FALSE
T1E68 104:946.984 JLINK_IsHalted()
T1E68 104:947.584 - 0.598ms returns FALSE
T1E68 105:055.936 JLINK_IsHalted()
T1E68 105:056.648 - 0.710ms returns FALSE
T1E68 105:056.680 JLINK_IsHalted()
T1E68 105:057.312 - 0.630ms returns FALSE
T1E68 105:164.744 JLINK_IsHalted()
T1E68 105:165.448 - 0.701ms returns FALSE
T1E68 105:165.488 JLINK_IsHalted()
T1E68 105:166.128 - 0.632ms returns FALSE
T1E68 105:274.576 JLINK_IsHalted()
T1E68 105:275.336 - 0.755ms returns FALSE
T1E68 105:275.392 JLINK_IsHalted()
T1E68 105:276.008 - 0.612ms returns FALSE
T1E68 105:383.424 JLINK_IsHalted()
T1E68 105:384.120 - 0.696ms returns FALSE
T1E68 105:384.160 JLINK_IsHalted()
T1E68 105:384.784 - 0.627ms returns FALSE
T1E68 105:493.176 JLINK_IsHalted()
T1E68 105:493.864 - 0.685ms returns FALSE
T1E68 105:493.904 JLINK_IsHalted()
T1E68 105:494.520 - 0.609ms returns FALSE
T1E68 105:602.944 JLINK_IsHalted()
T1E68 105:603.648 - 0.700ms returns FALSE
T1E68 105:603.696 JLINK_IsHalted()
T1E68 105:604.320 - 0.626ms returns FALSE
T1E68 105:711.856 JLINK_IsHalted()
T1E68 105:712.624 - 0.767ms returns FALSE
T1E68 105:712.672 JLINK_IsHalted()
T1E68 105:713.312 - 0.640ms returns FALSE
T0658 105:800.824 JLINK_IsHalted()
T0658 105:801.552 - 0.730ms returns FALSE
T0658 105:801.624 JLINK_IsHalted()
T0658 105:802.320 - 0.698ms returns FALSE
T1E68 105:821.584 JLINK_IsHalted()
T1E68 105:822.200 - 0.619ms returns FALSE
T1E68 105:822.224 JLINK_IsHalted()
T1E68 105:822.808 - 0.578ms returns FALSE
T1E68 105:930.352 JLINK_IsHalted()
T1E68 105:931.048 - 0.699ms returns FALSE
T1E68 105:931.088 JLINK_IsHalted()
T1E68 105:931.744 - 0.662ms returns FALSE
T1E68 106:040.104 JLINK_IsHalted()
T1E68 106:040.784 - 0.676ms returns FALSE
T1E68 106:040.816 JLINK_IsHalted()
T1E68 106:041.416 - 0.600ms returns FALSE
T1E68 106:149.832 JLINK_IsHalted()
T1E68 106:150.456 - 0.630ms returns FALSE
T1E68 106:150.488 JLINK_IsHalted()
T1E68 106:151.064 - 0.581ms returns FALSE
T1E68 106:258.672 JLINK_IsHalted()
T1E68 106:259.344 - 0.673ms returns FALSE
T1E68 106:259.376 JLINK_IsHalted()
T1E68 106:259.952 - 0.581ms returns FALSE
T1E68 106:368.384 JLINK_IsHalted()
T1E68 106:369.112 - 0.725ms returns FALSE
T1E68 106:369.144 JLINK_IsHalted()
T1E68 106:369.752 - 0.604ms returns FALSE
T1E68 106:477.168 JLINK_IsHalted()
T1E68 106:477.808 - 0.635ms returns FALSE
T1E68 106:477.840 JLINK_IsHalted()
T1E68 106:478.400 - 0.565ms returns FALSE
T1E68 106:586.808 JLINK_IsHalted()
T1E68 106:587.440 - 0.625ms returns FALSE
T1E68 106:587.464 JLINK_IsHalted()
T1E68 106:588.048 - 0.582ms returns FALSE
T1E68 106:695.880 JLINK_IsHalted()
T1E68 106:696.560 - 0.678ms returns FALSE
T1E68 106:696.592 JLINK_IsHalted()
T1E68 106:697.192 - 0.602ms returns FALSE
T0658 106:803.160 JLINK_IsHalted()
T0658 106:803.792 - 0.624ms returns FALSE
T0658 106:803.824 JLINK_IsHalted()
T0658 106:804.384 - 0.567ms returns FALSE
T1E68 106:806.008 JLINK_IsHalted()
T1E68 106:806.592 - 0.577ms returns FALSE
T1E68 106:806.608 JLINK_IsHalted()
T1E68 106:807.168 - 0.554ms returns FALSE
T1E68 106:914.760 JLINK_IsHalted()
T1E68 106:915.472 - 0.711ms returns FALSE
T1E68 106:915.512 JLINK_IsHalted()
T1E68 106:916.144 - 0.630ms returns FALSE
T1E68 107:024.544 JLINK_IsHalted()
T1E68 107:025.232 - 0.681ms returns FALSE
T1E68 107:025.280 JLINK_IsHalted()
T1E68 107:025.864 - 0.586ms returns FALSE
T1E68 107:133.248 JLINK_IsHalted()
T1E68 107:133.936 - 0.693ms returns FALSE
T1E68 107:133.984 JLINK_IsHalted()
T1E68 107:134.600 - 0.609ms returns FALSE
T1E68 107:243.344 JLINK_IsHalted()
T1E68 107:243.992 - 0.652ms returns FALSE
T1E68 107:244.024 JLINK_IsHalted()
T1E68 107:244.648 - 0.616ms returns FALSE
T1E68 107:352.032 JLINK_IsHalted()
T1E68 107:352.720 - 0.686ms returns FALSE
T1E68 107:352.760 JLINK_IsHalted()
T1E68 107:353.392 - 0.623ms returns FALSE
T1E68 107:461.864 JLINK_IsHalted()
T1E68 107:462.512 - 0.657ms returns FALSE
T1E68 107:462.544 JLINK_IsHalted()
T1E68 107:463.104 - 0.552ms returns FALSE
T1E68 107:571.608 JLINK_IsHalted()
T1E68 107:572.328 - 0.709ms returns FALSE
T1E68 107:572.368 JLINK_IsHalted()
T1E68 107:572.992 - 0.622ms returns FALSE
T1E68 107:680.424 JLINK_IsHalted()
T1E68 107:681.112 - 0.693ms returns FALSE
T1E68 107:681.152 JLINK_IsHalted()
T1E68 107:681.808 - 0.645ms returns FALSE
T1E68 107:790.016 JLINK_IsHalted()
T1E68 107:790.760 - 0.730ms returns FALSE
T1E68 107:790.800 JLINK_IsHalted()
T1E68 107:791.424 - 0.622ms returns FALSE
T0658 107:805.224 JLINK_IsHalted()
T0658 107:805.864 - 0.632ms returns FALSE
T0658 107:805.888 JLINK_IsHalted()
T0658 107:806.504 - 0.606ms returns FALSE
T1E68 107:899.856 JLINK_IsHalted()
T1E68 107:900.520 - 0.670ms returns FALSE
T1E68 107:900.560 JLINK_IsHalted()
T1E68 107:901.168 - 0.602ms returns FALSE
T1E68 108:008.720 JLINK_IsHalted()
T1E68 108:009.432 - 0.712ms returns FALSE
T1E68 108:009.472 JLINK_IsHalted()
T1E68 108:010.096 - 0.626ms returns FALSE
T1E68 108:117.744 JLINK_IsHalted()
T1E68 108:118.480 - 0.726ms returns FALSE
T1E68 108:118.512 JLINK_IsHalted()
T1E68 108:119.192 - 0.662ms returns FALSE
T1E68 108:227.800 JLINK_IsHalted()
T1E68 108:228.496 - 0.687ms returns FALSE
T1E68 108:228.544 JLINK_IsHalted()
T1E68 108:229.144 - 0.596ms returns FALSE
T1E68 108:336.512 JLINK_IsHalted()
T1E68 108:337.232 - 0.712ms returns FALSE
T1E68 108:337.264 JLINK_IsHalted()
T1E68 108:337.904 - 0.633ms returns FALSE
T1E68 108:446.248 JLINK_IsHalted()
T1E68 108:446.936 - 0.697ms returns FALSE
T1E68 108:446.976 JLINK_IsHalted()
T1E68 108:447.592 - 0.614ms returns FALSE
T1E68 108:555.920 JLINK_IsHalted()
T1E68 108:556.624 - 0.703ms returns FALSE
T1E68 108:556.656 JLINK_IsHalted()
T1E68 108:557.312 - 0.652ms returns FALSE
T1E68 108:664.936 JLINK_IsHalted()
T1E68 108:665.624 - 0.693ms returns FALSE
T1E68 108:665.664 JLINK_IsHalted()
T1E68 108:666.320 - 0.658ms returns FALSE
T1E68 108:774.632 JLINK_IsHalted()
T1E68 108:775.344 - 0.717ms returns FALSE
T1E68 108:775.400 JLINK_IsHalted()
T1E68 108:776.016 - 0.610ms returns FALSE
T0658 108:806.736 JLINK_IsHalted()
T0658 108:807.400 - 0.666ms returns FALSE
T0658 108:807.464 JLINK_IsHalted()
T0658 108:808.088 - 0.630ms returns FALSE
T1E68 108:883.312 JLINK_IsHalted()
T1E68 108:884.096 - 0.780ms returns FALSE
T1E68 108:884.136 JLINK_IsHalted()
T1E68 108:884.720 - 0.593ms returns FALSE
T1E68 108:992.984 JLINK_IsHalted()
T1E68 108:993.744 - 0.750ms returns FALSE
T1E68 108:993.776 JLINK_IsHalted()
T1E68 108:994.384 - 0.605ms returns FALSE
T1E68 109:102.096 JLINK_IsHalted()
T1E68 109:102.736 - 0.639ms returns FALSE
T1E68 109:102.760 JLINK_IsHalted()
T1E68 109:103.296 - 0.530ms returns FALSE
T1E68 109:211.984 JLINK_IsHalted()
T1E68 109:212.632 - 0.658ms returns FALSE
T1E68 109:212.672 JLINK_IsHalted()
T1E68 109:213.312 - 0.639ms returns FALSE
T1E68 109:321.744 JLINK_IsHalted()
T1E68 109:322.384 - 0.639ms returns FALSE
T1E68 109:322.416 JLINK_IsHalted()
T1E68 109:322.968 - 0.551ms returns FALSE
T1E68 109:430.656 JLINK_IsHalted()
T1E68 109:431.312 - 0.645ms returns FALSE
T1E68 109:431.336 JLINK_IsHalted()
T1E68 109:431.912 - 0.575ms returns FALSE
T1E68 109:540.248 JLINK_IsHalted()
T1E68 109:540.928 - 0.680ms returns FALSE
T1E68 109:540.976 JLINK_IsHalted()
T1E68 109:541.584 - 0.600ms returns FALSE
T1E68 109:649.008 JLINK_IsHalted()
T1E68 109:649.744 - 0.732ms returns FALSE
T1E68 109:649.792 JLINK_IsHalted()
T1E68 109:650.416 - 0.628ms returns FALSE
T1E68 109:758.384 JLINK_IsHalted()
T1E68 109:759.040 - 0.658ms returns FALSE
T1E68 109:759.088 JLINK_IsHalted()
T1E68 109:759.728 - 0.643ms returns FALSE
T0658 109:809.304 JLINK_IsHalted()
T0658 109:809.944 - 0.633ms returns FALSE
T0658 109:809.968 JLINK_IsHalted()
T0658 109:810.576 - 0.600ms returns FALSE
T1E68 109:868.336 JLINK_IsHalted()
T1E68 109:868.952 - 0.621ms returns FALSE
T1E68 109:868.976 JLINK_IsHalted()
T1E68 109:869.544 - 0.560ms returns FALSE
T1E68 109:977.216 JLINK_IsHalted()
T1E68 109:977.856 - 0.638ms returns FALSE
T1E68 109:977.896 JLINK_IsHalted()
T1E68 109:978.456 - 0.560ms returns FALSE
T1E68 110:087.016 JLINK_IsHalted()
T1E68 110:087.744 - 0.722ms returns FALSE
T1E68 110:087.768 JLINK_IsHalted()
T1E68 110:088.368 - 0.594ms returns FALSE
T1E68 110:196.008 JLINK_IsHalted()
T1E68 110:196.736 - 0.734ms returns FALSE
T1E68 110:196.784 JLINK_IsHalted()
T1E68 110:197.416 - 0.626ms returns FALSE
T1E68 110:305.768 JLINK_IsHalted()
T1E68 110:306.448 - 0.679ms returns FALSE
T1E68 110:306.496 JLINK_IsHalted()
T1E68 110:307.152 - 0.653ms returns FALSE
T1E68 110:415.440 JLINK_IsHalted()
T1E68 110:416.144 - 0.704ms returns FALSE
T1E68 110:416.176 JLINK_IsHalted()
T1E68 110:416.808 - 0.625ms returns FALSE
T1E68 110:524.120 JLINK_IsHalted()
T1E68 110:524.824 - 0.697ms returns FALSE
T1E68 110:524.864 JLINK_IsHalted()
T1E68 110:525.456 - 0.575ms returns FALSE
T1E68 110:633.840 JLINK_IsHalted()
T1E68 110:634.560 - 0.714ms returns FALSE
T1E68 110:634.600 JLINK_IsHalted()
T1E68 110:635.200 - 0.597ms returns FALSE
T1E68 110:743.040 JLINK_IsHalted()
T1E68 110:743.600 - 0.568ms returns FALSE
T1E68 110:743.632 JLINK_IsHalted()
T1E68 110:744.152 - 0.532ms returns FALSE
T0658 110:811.072 JLINK_IsHalted()
T0658 110:811.712 - 0.645ms returns FALSE
T0658 110:811.736 JLINK_IsHalted()
T0658 110:812.288 - 0.548ms returns FALSE
T1E68 110:852.880 JLINK_IsHalted()
T1E68 110:853.592 - 0.714ms returns FALSE
T1E68 110:853.616 JLINK_IsHalted()
T1E68 110:854.232 - 0.605ms returns FALSE
T1E68 110:961.648 JLINK_IsHalted()
T1E68 110:962.320 - 0.657ms returns FALSE
T1E68 110:962.352 JLINK_IsHalted()
T1E68 110:962.944 - 0.599ms returns FALSE
T1E68 111:071.600 JLINK_IsHalted()
T1E68 111:072.296 - 0.695ms returns FALSE
T1E68 111:072.344 JLINK_IsHalted()
T1E68 111:072.912 - 0.567ms returns FALSE
T1E68 111:180.304 JLINK_IsHalted()
T1E68 111:181.008 - 0.700ms returns FALSE
T1E68 111:181.040 JLINK_IsHalted()
T1E68 111:181.736 - 0.690ms returns FALSE
T1E68 111:290.344 JLINK_IsHalted()
T1E68 111:291.048 - 0.706ms returns FALSE
T1E68 111:291.088 JLINK_IsHalted()
T1E68 111:291.736 - 0.643ms returns FALSE
T1E68 111:399.280 JLINK_IsHalted()
T1E68 111:400.000 - 0.707ms returns FALSE
T1E68 111:400.040 JLINK_IsHalted()
T1E68 111:400.744 - 0.698ms returns FALSE
T1E68 111:508.976 JLINK_IsHalted()
T1E68 111:509.656 - 0.671ms returns FALSE
T1E68 111:509.696 JLINK_IsHalted()
T1E68 111:510.296 - 0.606ms returns FALSE
T1E68 111:617.808 JLINK_IsHalted()
T1E68 111:618.432 - 0.627ms returns FALSE
T1E68 111:618.456 JLINK_IsHalted()
T1E68 111:619.048 - 0.577ms returns FALSE
T1E68 111:727.664 JLINK_IsHalted()
T1E68 111:728.424 - 0.758ms returns FALSE
T1E68 111:728.464 JLINK_IsHalted()
T1E68 111:729.104 - 0.629ms returns FALSE
T0658 111:813.592 JLINK_IsHalted()
T0658 111:814.312 - 0.727ms returns FALSE
T0658 111:814.360 JLINK_IsHalted()
T0658 111:814.976 - 0.606ms returns FALSE
T1E68 111:836.568 JLINK_IsHalted()
T1E68 111:837.200 - 0.634ms returns FALSE
T1E68 111:837.232 JLINK_IsHalted()
T1E68 111:837.840 - 0.598ms returns FALSE
T1E68 111:946.280 JLINK_IsHalted()
T1E68 111:946.904 - 0.626ms returns FALSE
T1E68 111:946.944 JLINK_IsHalted()
T1E68 111:947.568 - 0.632ms returns FALSE
T1E68 112:055.760 JLINK_IsHalted()
T1E68 112:056.512 - 0.746ms returns FALSE
T1E68 112:056.552 JLINK_IsHalted()
T1E68 112:057.128 - 0.570ms returns FALSE
T1E68 112:164.544 JLINK_IsHalted()
T1E68 112:165.312 - 0.774ms returns FALSE
T1E68 112:165.360 JLINK_IsHalted()
T1E68 112:165.992 - 0.624ms returns FALSE
T1E68 112:274.664 JLINK_IsHalted()
T1E68 112:275.352 - 0.681ms returns FALSE
T1E68 112:275.408 JLINK_IsHalted()
T1E68 112:276.008 - 0.596ms returns FALSE
T1E68 112:383.376 JLINK_IsHalted()
T1E68 112:384.080 - 0.709ms returns FALSE
T1E68 112:384.128 JLINK_IsHalted()
T1E68 112:384.768 - 0.637ms returns FALSE
T1E68 112:493.096 JLINK_IsHalted()
T1E68 112:493.784 - 0.687ms returns FALSE
T1E68 112:493.824 JLINK_IsHalted()
T1E68 112:494.416 - 0.589ms returns FALSE
T1E68 112:602.864 JLINK_IsHalted()
T1E68 112:603.480 - 0.621ms returns FALSE
T1E68 112:603.504 JLINK_IsHalted()
T1E68 112:604.048 - 0.533ms returns FALSE
T1E68 112:711.640 JLINK_IsHalted()
T1E68 112:712.304 - 0.664ms returns FALSE
T1E68 112:712.336 JLINK_IsHalted()
T1E68 112:712.912 - 0.579ms returns FALSE
T0658 112:814.784 JLINK_IsHalted()
T0658 112:815.400 - 0.615ms returns FALSE
T0658 112:815.424 JLINK_IsHalted()
T0658 112:815.976 - 0.555ms returns FALSE
T1E68 112:821.672 JLINK_IsHalted()
T1E68 112:822.320 - 0.650ms returns FALSE
T1E68 112:822.360 JLINK_IsHalted()
T1E68 112:823.000 - 0.638ms returns FALSE
T1E68 112:930.408 JLINK_IsHalted()
T1E68 112:931.176 - 0.758ms returns FALSE
T1E68 112:931.216 JLINK_IsHalted()
T1E68 112:931.864 - 0.645ms returns FALSE
T1E68 113:040.016 JLINK_IsHalted()
T1E68 113:040.728 - 0.713ms returns FALSE
T1E68 113:040.752 JLINK_IsHalted()
T1E68 113:041.344 - 0.585ms returns FALSE
T1E68 113:148.904 JLINK_IsHalted()
T1E68 113:149.592 - 0.696ms returns FALSE
T1E68 113:149.648 JLINK_IsHalted()
T1E68 113:150.312 - 0.670ms returns FALSE
T1E68 113:258.600 JLINK_IsHalted()
T1E68 113:259.312 - 0.715ms returns FALSE
T1E68 113:259.352 JLINK_IsHalted()
T1E68 113:259.928 - 0.574ms returns FALSE
T1E68 113:368.408 JLINK_IsHalted()
T1E68 113:369.152 - 0.748ms returns FALSE
T1E68 113:369.192 JLINK_IsHalted()
T1E68 113:369.792 - 0.596ms returns FALSE
T1E68 113:477.040 JLINK_IsHalted()
T1E68 113:477.720 - 0.677ms returns FALSE
T1E68 113:477.744 JLINK_IsHalted()
T1E68 113:478.320 - 0.573ms returns FALSE
T1E68 113:586.752 JLINK_IsHalted()
T1E68 113:587.344 - 0.584ms returns FALSE
T1E68 113:587.368 JLINK_IsHalted()
T1E68 113:587.920 - 0.554ms returns FALSE
T1E68 113:696.640 JLINK_IsHalted()
T1E68 113:697.320 - 0.678ms returns FALSE
T1E68 113:697.360 JLINK_IsHalted()
T1E68 113:697.944 - 0.592ms returns FALSE
T1E68 113:805.480 JLINK_IsHalted()
T1E68 113:806.168 - 0.688ms returns FALSE
T1E68 113:806.208 JLINK_IsHalted()
T1E68 113:806.848 - 0.634ms returns FALSE
T0658 113:816.688 JLINK_IsHalted()
T0658 113:817.360 - 0.658ms returns FALSE
T0658 113:817.392 JLINK_IsHalted()
T0658 113:818.008 - 0.613ms returns FALSE
T1E68 113:915.120 JLINK_IsHalted()
T1E68 113:915.736 - 0.609ms returns FALSE
T1E68 113:915.760 JLINK_IsHalted()
T1E68 113:916.312 - 0.543ms returns FALSE
T1E68 114:024.168 JLINK_IsHalted()
T1E68 114:024.792 - 0.631ms returns FALSE
T1E68 114:024.832 JLINK_IsHalted()
T1E68 114:025.360 - 0.528ms returns FALSE
T1E68 114:133.968 JLINK_IsHalted()
T1E68 114:134.744 - 0.777ms returns FALSE
T1E68 114:134.784 JLINK_IsHalted()
T1E68 114:135.384 - 0.598ms returns FALSE
T1E68 114:243.688 JLINK_IsHalted()
T1E68 114:244.312 - 0.633ms returns FALSE
T1E68 114:244.336 JLINK_IsHalted()
T1E68 114:244.904 - 0.553ms returns FALSE
T1E68 114:352.752 JLINK_IsHalted()
T1E68 114:353.472 - 0.706ms returns FALSE
T1E68 114:353.512 JLINK_IsHalted()
T1E68 114:354.152 - 0.636ms returns FALSE
T1E68 114:461.456 JLINK_IsHalted()
T1E68 114:462.104 - 0.646ms returns FALSE
T1E68 114:462.128 JLINK_IsHalted()
T1E68 114:462.744 - 0.603ms returns FALSE
T1E68 114:571.520 JLINK_IsHalted()
T1E68 114:572.200 - 0.684ms returns FALSE
T1E68 114:572.248 JLINK_IsHalted()
T1E68 114:572.904 - 0.650ms returns FALSE
T1E68 114:680.320 JLINK_IsHalted()
T1E68 114:681.024 - 0.708ms returns FALSE
T1E68 114:681.064 JLINK_IsHalted()
T1E68 114:681.728 - 0.661ms returns FALSE
T1E68 114:789.976 JLINK_IsHalted()
T1E68 114:813.616 - 23.632ms returns FALSE
T1E68 114:813.648 JLINK_IsHalted()
T1E68 114:814.312 - 0.661ms returns FALSE
T0658 114:819.096 JLINK_IsHalted()
T0658 114:819.736 - 0.637ms returns FALSE
T0658 114:819.760 JLINK_IsHalted()
T0658 114:820.376 - 0.613ms returns FALSE
T1E68 114:914.664 JLINK_IsHalted()
T1E68 114:915.368 - 0.698ms returns FALSE
T1E68 114:915.416 JLINK_IsHalted()
T1E68 114:916.048 - 0.637ms returns FALSE
T1E68 115:024.080 JLINK_IsHalted()
T1E68 115:024.720 - 0.637ms returns FALSE
T1E68 115:024.768 JLINK_IsHalted()
T1E68 115:025.320 - 0.548ms returns FALSE
T1E68 115:133.840 JLINK_IsHalted()
T1E68 115:134.504 - 0.675ms returns FALSE
T1E68 115:134.544 JLINK_IsHalted()
T1E68 115:135.088 - 0.557ms returns FALSE
T1E68 115:243.600 JLINK_IsHalted()
T1E68 115:244.312 - 0.715ms returns FALSE
T1E68 115:244.368 JLINK_IsHalted()
T1E68 115:245.008 - 0.644ms returns FALSE
T1E68 115:352.240 JLINK_IsHalted()
T1E68 115:352.880 - 0.637ms returns FALSE
T1E68 115:352.920 JLINK_IsHalted()
T1E68 115:353.472 - 0.557ms returns FALSE
T1E68 115:462.400 JLINK_IsHalted()
T1E68 115:463.080 - 0.681ms returns FALSE
T1E68 115:463.128 JLINK_IsHalted()
T1E68 115:463.768 - 0.640ms returns FALSE
T1E68 115:571.344 JLINK_IsHalted()
T1E68 115:572.008 - 0.668ms returns FALSE
T1E68 115:572.032 JLINK_IsHalted()
T1E68 115:572.592 - 0.560ms returns FALSE
T1E68 115:681.024 JLINK_IsHalted()
T1E68 115:681.816 - 0.793ms returns FALSE
T1E68 115:681.856 JLINK_IsHalted()
T1E68 115:682.512 - 0.646ms returns FALSE
T1E68 115:789.928 JLINK_IsHalted()
T1E68 115:790.576 - 0.656ms returns FALSE
T1E68 115:790.608 JLINK_IsHalted()
T1E68 115:791.184 - 0.568ms returns FALSE
T0658 115:821.080 JLINK_IsHalted()
T0658 115:821.744 - 0.662ms returns FALSE
T0658 115:821.800 JLINK_IsHalted()
T0658 115:822.424 - 0.619ms returns FALSE
T1E68 115:899.696 JLINK_IsHalted()
T1E68 115:900.392 - 0.687ms returns FALSE
T1E68 115:900.432 JLINK_IsHalted()
T1E68 115:901.032 - 0.601ms returns FALSE
T1E68 116:008.624 JLINK_IsHalted()
T1E68 116:009.296 - 0.672ms returns FALSE
T1E68 116:009.320 JLINK_IsHalted()
T1E68 116:009.880 - 0.556ms returns FALSE
T1E68 116:118.296 JLINK_IsHalted()
T1E68 116:118.928 - 0.632ms returns FALSE
T1E68 116:118.960 JLINK_IsHalted()
T1E68 116:119.528 - 0.562ms returns FALSE
T1E68 116:227.688 JLINK_IsHalted()
T1E68 116:228.392 - 0.703ms returns FALSE
T1E68 116:228.432 JLINK_IsHalted()
T1E68 116:229.016 - 0.596ms returns FALSE
T1E68 116:336.576 JLINK_IsHalted()
T1E68 116:337.320 - 0.742ms returns FALSE
T1E68 116:337.360 JLINK_IsHalted()
T1E68 116:337.984 - 0.629ms returns FALSE
T1E68 116:446.376 JLINK_IsHalted()
T1E68 116:447.040 - 0.663ms returns FALSE
T1E68 116:447.080 JLINK_IsHalted()
T1E68 116:447.720 - 0.648ms returns FALSE
T1E68 116:555.264 JLINK_IsHalted()
T1E68 116:555.880 - 0.613ms returns FALSE
T1E68 116:555.904 JLINK_IsHalted()
T1E68 116:556.456 - 0.553ms returns FALSE
T1E68 116:665.024 JLINK_IsHalted()
T1E68 116:665.728 - 0.708ms returns FALSE
T1E68 116:665.768 JLINK_IsHalted()
T1E68 116:666.352 - 0.588ms returns FALSE
T1E68 116:773.928 JLINK_IsHalted()
T1E68 116:774.616 - 0.692ms returns FALSE
T1E68 116:774.656 JLINK_IsHalted()
T1E68 116:775.336 - 0.671ms returns FALSE
T0658 116:823.016 JLINK_IsHalted()
T0658 116:823.728 - 0.712ms returns FALSE
T0658 116:823.768 JLINK_IsHalted()
T0658 116:824.400 - 0.630ms returns FALSE
T1E68 116:883.800 JLINK_IsHalted()
T1E68 116:884.520 - 0.709ms returns FALSE
T1E68 116:884.560 JLINK_IsHalted()
T1E68 116:885.184 - 0.624ms returns FALSE
T1E68 116:993.664 JLINK_IsHalted()
T1E68 116:994.304 - 0.644ms returns FALSE
T1E68 116:994.328 JLINK_IsHalted()
T1E68 116:994.864 - 0.534ms returns FALSE
T1E68 117:102.656 JLINK_IsHalted()
T1E68 117:103.312 - 0.651ms returns FALSE
T1E68 117:103.336 JLINK_IsHalted()
T1E68 117:103.896 - 0.560ms returns FALSE
T1E68 117:211.352 JLINK_IsHalted()
T1E68 117:211.992 - 0.639ms returns FALSE
T1E68 117:212.032 JLINK_IsHalted()
T1E68 117:212.624 - 0.592ms returns FALSE
T1E68 117:321.240 JLINK_IsHalted()
T1E68 117:321.936 - 0.686ms returns FALSE
T1E68 117:321.968 JLINK_IsHalted()
T1E68 117:322.584 - 0.606ms returns FALSE
T1E68 117:430.936 JLINK_IsHalted()
T1E68 117:431.616 - 0.675ms returns FALSE
T1E68 117:431.664 JLINK_IsHalted()
T1E68 117:432.304 - 0.646ms returns FALSE
T1E68 117:539.568 JLINK_IsHalted()
T1E68 117:547.312 - 7.739ms returns FALSE
T1E68 117:547.352 JLINK_IsHalted()
T1E68 117:547.952 - 0.607ms returns FALSE
T1E68 117:649.280 JLINK_IsHalted()
T1E68 117:649.968 - 0.689ms returns FALSE
T1E68 117:650.024 JLINK_IsHalted()
T1E68 117:650.624 - 0.612ms returns FALSE
T1E68 117:758.800 JLINK_IsHalted()
T1E68 117:759.488 - 0.698ms returns FALSE
T1E68 117:759.528 JLINK_IsHalted()
T1E68 117:760.144 - 0.609ms returns FALSE
T0658 117:824.856 JLINK_IsHalted()
T0658 117:825.520 - 0.670ms returns FALSE
T0658 117:825.584 JLINK_IsHalted()
T0658 117:826.216 - 0.631ms returns FALSE
T1E68 117:868.480 JLINK_IsHalted()
T1E68 117:869.200 - 0.724ms returns FALSE
T1E68 117:869.248 JLINK_IsHalted()
T1E68 117:869.888 - 0.636ms returns FALSE
T1E68 117:977.280 JLINK_IsHalted()
T1E68 117:977.984 - 0.701ms returns FALSE
T1E68 117:978.008 JLINK_IsHalted()
T1E68 117:978.608 - 0.591ms returns FALSE
T1E68 118:086.960 JLINK_IsHalted()
T1E68 118:087.600 - 0.644ms returns FALSE
T1E68 118:087.656 JLINK_IsHalted()
T1E68 118:088.272 - 0.609ms returns FALSE
T1E68 118:195.992 JLINK_IsHalted()
T1E68 118:196.752 - 0.753ms returns FALSE
T1E68 118:196.800 JLINK_IsHalted()
T1E68 118:197.424 - 0.628ms returns FALSE
T1E68 118:306.000 JLINK_IsHalted()
T1E68 118:306.792 - 0.787ms returns FALSE
T1E68 118:306.832 JLINK_IsHalted()
T1E68 118:307.496 - 0.654ms returns FALSE
T1E68 118:414.640 JLINK_IsHalted()
T1E68 118:415.280 - 0.642ms returns FALSE
T1E68 118:415.312 JLINK_IsHalted()
T1E68 118:415.872 - 0.557ms returns FALSE
T1E68 118:524.480 JLINK_IsHalted()
T1E68 118:525.136 - 0.654ms returns FALSE
T1E68 118:525.160 JLINK_IsHalted()
T1E68 118:525.744 - 0.581ms returns FALSE
T1E68 118:634.224 JLINK_IsHalted()
T1E68 118:634.904 - 0.684ms returns FALSE
T1E68 118:634.944 JLINK_IsHalted()
T1E68 118:635.536 - 0.586ms returns FALSE
T1E68 118:742.976 JLINK_IsHalted()
T1E68 118:743.576 - 0.595ms returns FALSE
T1E68 118:743.600 JLINK_IsHalted()
T1E68 118:744.176 - 0.574ms returns FALSE
T0658 118:825.936 JLINK_IsHalted()
T0658 118:826.640 - 0.703ms returns FALSE
T0658 118:826.688 JLINK_IsHalted()
T0658 118:827.328 - 0.643ms returns FALSE
T1E68 118:852.720 JLINK_IsHalted()
T1E68 118:853.416 - 0.691ms returns FALSE
T1E68 118:853.464 JLINK_IsHalted()
T1E68 118:854.096 - 0.629ms returns FALSE
T1E68 118:962.008 JLINK_IsHalted()
T1E68 118:962.752 - 0.742ms returns FALSE
T1E68 118:962.800 JLINK_IsHalted()
T1E68 118:963.408 - 0.598ms returns FALSE
T1E68 119:071.472 JLINK_IsHalted()
T1E68 119:072.176 - 0.707ms returns FALSE
T1E68 119:072.232 JLINK_IsHalted()
T1E68 119:072.832 - 0.599ms returns FALSE
T1E68 119:180.224 JLINK_IsHalted()
T1E68 119:180.928 - 0.705ms returns FALSE
T1E68 119:180.976 JLINK_IsHalted()
T1E68 119:181.616 - 0.636ms returns FALSE
T1E68 119:289.936 JLINK_IsHalted()
T1E68 119:290.648 - 0.711ms returns FALSE
T1E68 119:290.688 JLINK_IsHalted()
T1E68 119:291.312 - 0.618ms returns FALSE
T1E68 119:399.704 JLINK_IsHalted()
T1E68 119:400.424 - 0.707ms returns FALSE
T1E68 119:400.464 JLINK_IsHalted()
T1E68 119:401.104 - 0.633ms returns FALSE
T1E68 119:508.688 JLINK_IsHalted()
T1E68 119:509.360 - 0.667ms returns FALSE
T1E68 119:509.392 JLINK_IsHalted()
T1E68 119:509.952 - 0.567ms returns FALSE
T1E68 119:618.368 JLINK_IsHalted()
T1E68 119:618.984 - 0.612ms returns FALSE
T1E68 119:619.008 JLINK_IsHalted()
T1E68 119:619.560 - 0.556ms returns FALSE
T1E68 119:727.184 JLINK_IsHalted()
T1E68 119:727.856 - 0.680ms returns FALSE
T1E68 119:727.896 JLINK_IsHalted()
T1E68 119:728.488 - 0.591ms returns FALSE
T0658 119:827.056 JLINK_IsHalted()
T0658 119:827.736 - 0.679ms returns FALSE
T0658 119:827.792 JLINK_IsHalted()
T0658 119:828.392 - 0.610ms returns FALSE
T1E68 119:836.880 JLINK_IsHalted()
T1E68 119:837.520 - 0.635ms returns FALSE
T1E68 119:837.544 JLINK_IsHalted()
T1E68 119:838.160 - 0.607ms returns FALSE
T1E68 119:946.608 JLINK_IsHalted()
T1E68 119:947.312 - 0.700ms returns FALSE
T1E68 119:947.352 JLINK_IsHalted()
T1E68 119:947.984 - 0.620ms returns FALSE
T1E68 120:055.344 JLINK_IsHalted()
T1E68 120:056.080 - 0.725ms returns FALSE
T1E68 120:056.112 JLINK_IsHalted()
T1E68 120:056.728 - 0.620ms returns FALSE
T1E68 120:165.120 JLINK_IsHalted()
T1E68 120:165.776 - 0.654ms returns FALSE
T1E68 120:165.824 JLINK_IsHalted()
T1E68 120:166.440 - 0.617ms returns FALSE
T1E68 120:274.416 JLINK_IsHalted()
T1E68 120:275.024 - 0.602ms returns FALSE
T1E68 120:275.032 JLINK_IsHalted()
T1E68 120:275.544 - 0.512ms returns FALSE
T1E68 120:383.248 JLINK_IsHalted()
T1E68 120:383.936 - 0.684ms returns FALSE
T1E68 120:383.984 JLINK_IsHalted()
T1E68 120:384.600 - 0.625ms returns FALSE
T1E68 120:492.624 JLINK_IsHalted()
T1E68 120:493.288 - 0.663ms returns FALSE
T1E68 120:493.312 JLINK_IsHalted()
T1E68 120:493.864 - 0.545ms returns FALSE
T1E68 120:602.032 JLINK_IsHalted()
T1E68 120:602.752 - 0.715ms returns FALSE
T1E68 120:602.792 JLINK_IsHalted()
T1E68 120:603.416 - 0.618ms returns FALSE
T1E68 120:711.888 JLINK_IsHalted()
T1E68 120:712.536 - 0.649ms returns FALSE
T1E68 120:712.560 JLINK_IsHalted()
T1E68 120:713.112 - 0.550ms returns FALSE
T1E68 120:821.592 JLINK_IsHalted()
T1E68 120:822.160 - 0.579ms returns FALSE
T1E68 120:822.184 JLINK_IsHalted()
T1E68 120:822.696 - 0.511ms returns FALSE
T0658 120:828.776 JLINK_IsHalted()
T0658 120:829.504 - 0.722ms returns FALSE
T0658 120:829.584 JLINK_IsHalted()
T0658 120:830.224 - 0.639ms returns FALSE
T1E68 120:930.448 JLINK_IsHalted()
T1E68 120:931.112 - 0.663ms returns FALSE
T1E68 120:931.152 JLINK_IsHalted()
T1E68 120:931.736 - 0.593ms returns FALSE
T1E68 121:039.744 JLINK_IsHalted()
T1E68 121:040.432 - 0.686ms returns FALSE
T1E68 121:040.464 JLINK_IsHalted()
T1E68 121:041.064 - 0.595ms returns FALSE
T1E68 121:149.784 JLINK_IsHalted()
T1E68 121:150.376 - 0.588ms returns FALSE
T1E68 121:150.400 JLINK_IsHalted()
T1E68 121:150.912 - 0.511ms returns FALSE
T1E68 121:258.768 JLINK_IsHalted()
T1E68 121:259.496 - 0.728ms returns FALSE
T1E68 121:259.536 JLINK_IsHalted()
T1E68 121:260.120 - 0.597ms returns FALSE
T1E68 121:368.496 JLINK_IsHalted()
T1E68 121:369.192 - 0.689ms returns FALSE
T1E68 121:369.232 JLINK_IsHalted()
T1E68 121:369.832 - 0.606ms returns FALSE
T1E68 121:477.648 JLINK_IsHalted()
T1E68 121:478.336 - 0.693ms returns FALSE
T1E68 121:478.376 JLINK_IsHalted()
T1E68 121:478.976 - 0.598ms returns FALSE
T1E68 121:587.048 JLINK_IsHalted()
T1E68 121:587.736 - 0.695ms returns FALSE
T1E68 121:587.776 JLINK_IsHalted()
T1E68 121:588.312 - 0.539ms returns FALSE
T1E68 121:696.688 JLINK_IsHalted()
T1E68 121:697.384 - 0.690ms returns FALSE
T1E68 121:697.432 JLINK_IsHalted()
T1E68 121:698.064 - 0.617ms returns FALSE
T1E68 121:806.120 JLINK_IsHalted()
T1E68 121:806.832 - 0.715ms returns FALSE
T1E68 121:806.872 JLINK_IsHalted()
T1E68 121:807.512 - 0.636ms returns FALSE
T0658 121:830.232 JLINK_IsHalted()
T0658 121:830.928 - 0.690ms returns FALSE
T0658 121:830.976 JLINK_IsHalted()
T0658 121:831.576 - 0.604ms returns FALSE
T1E68 121:914.816 JLINK_IsHalted()
T1E68 121:915.504 - 0.695ms returns FALSE
T1E68 121:915.560 JLINK_IsHalted()
T1E68 121:916.200 - 0.633ms returns FALSE
T1E68 122:024.528 JLINK_IsHalted()
T1E68 122:025.216 - 0.691ms returns FALSE
T1E68 122:025.256 JLINK_IsHalted()
T1E68 122:025.880 - 0.622ms returns FALSE
T1E68 122:134.232 JLINK_IsHalted()
T1E68 122:134.936 - 0.710ms returns FALSE
T1E68 122:134.992 JLINK_IsHalted()
T1E68 122:135.600 - 0.615ms returns FALSE
T1E68 122:243.992 JLINK_IsHalted()
T1E68 122:244.632 - 0.641ms returns FALSE
T1E68 122:244.672 JLINK_IsHalted()
T1E68 122:245.200 - 0.535ms returns FALSE
T1E68 122:352.792 JLINK_IsHalted()
T1E68 122:353.488 - 0.689ms returns FALSE
T1E68 122:353.536 JLINK_IsHalted()
T1E68 122:354.160 - 0.627ms returns FALSE
T1E68 122:461.544 JLINK_IsHalted()
T1E68 122:462.208 - 0.659ms returns FALSE
T1E68 122:462.248 JLINK_IsHalted()
T1E68 122:462.848 - 0.600ms returns FALSE
T1E68 122:571.344 JLINK_IsHalted()
T1E68 122:571.984 - 0.637ms returns FALSE
T1E68 122:572.008 JLINK_IsHalted()
T1E68 122:572.568 - 0.560ms returns FALSE
T1E68 122:680.232 JLINK_IsHalted()
T1E68 122:680.832 - 0.591ms returns FALSE
T1E68 122:680.856 JLINK_IsHalted()
T1E68 122:681.368 - 0.513ms returns FALSE
T1E68 122:790.096 JLINK_IsHalted()
T1E68 122:790.800 - 0.711ms returns FALSE
T1E68 122:790.848 JLINK_IsHalted()
T1E68 122:791.488 - 0.634ms returns FALSE
T0658 122:832.112 JLINK_IsHalted()
T0658 122:832.832 - 0.719ms returns FALSE
T0658 122:832.872 JLINK_IsHalted()
T0658 122:833.456 - 0.584ms returns FALSE
T1E68 122:899.776 JLINK_IsHalted()
T1E68 122:900.440 - 0.664ms returns FALSE
T1E68 122:900.480 JLINK_IsHalted()
T1E68 122:901.104 - 0.622ms returns FALSE
T1E68 123:008.720 JLINK_IsHalted()
T1E68 123:009.368 - 0.657ms returns FALSE
T1E68 123:009.424 JLINK_IsHalted()
T1E68 123:010.048 - 0.625ms returns FALSE
T1E68 123:118.552 JLINK_IsHalted()
T1E68 123:119.168 - 0.617ms returns FALSE
T1E68 123:119.192 JLINK_IsHalted()
T1E68 123:119.784 - 0.589ms returns FALSE
T1E68 123:228.080 JLINK_IsHalted()
T1E68 123:228.720 - 0.647ms returns FALSE
T1E68 123:228.760 JLINK_IsHalted()
T1E68 123:229.352 - 0.588ms returns FALSE
T1E68 123:336.816 JLINK_IsHalted()
T1E68 123:337.512 - 0.698ms returns FALSE
T1E68 123:337.560 JLINK_IsHalted()
T1E68 123:338.192 - 0.627ms returns FALSE
T1E68 123:446.736 JLINK_IsHalted()
T1E68 123:447.472 - 0.739ms returns FALSE
T1E68 123:447.512 JLINK_IsHalted()
T1E68 123:448.168 - 0.642ms returns FALSE
T1E68 123:555.648 JLINK_IsHalted()
T1E68 123:556.336 - 0.697ms returns FALSE
T1E68 123:556.392 JLINK_IsHalted()
T1E68 123:557.016 - 0.634ms returns FALSE
T1E68 123:665.472 JLINK_IsHalted()
T1E68 123:666.160 - 0.689ms returns FALSE
T1E68 123:666.200 JLINK_IsHalted()
T1E68 123:666.800 - 0.601ms returns FALSE
T1E68 123:774.056 JLINK_IsHalted()
T1E68 123:774.736 - 0.677ms returns FALSE
T1E68 123:774.760 JLINK_IsHalted()
T1E68 123:775.312 - 0.547ms returns FALSE
T0658 123:834.160 JLINK_IsHalted()
T0658 123:834.864 - 0.700ms returns FALSE
T0658 123:834.896 JLINK_IsHalted()
T0658 123:835.496 - 0.601ms returns FALSE
T1E68 123:883.864 JLINK_IsHalted()
T1E68 123:884.560 - 0.691ms returns FALSE
T1E68 123:884.592 JLINK_IsHalted()
T1E68 123:885.168 - 0.573ms returns FALSE
T1E68 123:993.560 JLINK_IsHalted()
T1E68 123:994.320 - 0.751ms returns FALSE
T1E68 123:994.344 JLINK_IsHalted()
T1E68 123:994.944 - 0.590ms returns FALSE
T1E68 124:102.272 JLINK_IsHalted()
T1E68 124:103.000 - 0.718ms returns FALSE
T1E68 124:103.040 JLINK_IsHalted()
T1E68 124:103.728 - 0.694ms returns FALSE
T1E68 124:212.032 JLINK_IsHalted()
T1E68 124:212.696 - 0.665ms returns FALSE
T1E68 124:212.720 JLINK_IsHalted()
T1E68 124:213.272 - 0.545ms returns FALSE
T1E68 124:321.648 JLINK_IsHalted()
T1E68 124:361.896 - 40.243ms returns FALSE
T1E68 124:361.944 JLINK_IsHalted()
T1E68 124:362.584 - 0.638ms returns FALSE
T1E68 124:461.464 JLINK_IsHalted()
T1E68 124:462.056 - 0.587ms returns FALSE
T1E68 124:462.080 JLINK_IsHalted()
T1E68 124:462.672 - 0.594ms returns FALSE
T1E68 124:570.832 JLINK_IsHalted()
T1E68 124:571.520 - 0.687ms returns FALSE
T1E68 124:571.544 JLINK_IsHalted()
T1E68 124:572.144 - 0.592ms returns FALSE
T1E68 124:680.576 JLINK_IsHalted()
T1E68 124:681.304 - 0.726ms returns FALSE
T1E68 124:681.344 JLINK_IsHalted()
T1E68 124:681.944 - 0.601ms returns FALSE
T1E68 124:790.352 JLINK_IsHalted()
T1E68 124:791.064 - 0.705ms returns FALSE
T1E68 124:791.104 JLINK_IsHalted()
T1E68 124:791.744 - 0.634ms returns FALSE
T0658 124:836.392 JLINK_IsHalted()
T0658 124:837.080 - 0.695ms returns FALSE
T0658 124:837.144 JLINK_IsHalted()
T0658 124:837.784 - 0.640ms returns FALSE
T1E68 124:899.136 JLINK_IsHalted()
T1E68 124:899.816 - 0.679ms returns FALSE
T1E68 124:899.840 JLINK_IsHalted()
T1E68 124:900.416 - 0.575ms returns FALSE
T1E68 125:009.168 JLINK_IsHalted()
T1E68 125:009.872 - 0.707ms returns FALSE
T1E68 125:009.904 JLINK_IsHalted()
T1E68 125:010.536 - 0.618ms returns FALSE
T1E68 125:117.912 JLINK_IsHalted()
T1E68 125:118.616 - 0.693ms returns FALSE
T1E68 125:118.656 JLINK_IsHalted()
T1E68 125:119.320 - 0.659ms returns FALSE
T1E68 125:227.712 JLINK_IsHalted()
T1E68 125:228.416 - 0.699ms returns FALSE
T1E68 125:228.456 JLINK_IsHalted()
T1E68 125:229.096 - 0.632ms returns FALSE
T1E68 125:336.488 JLINK_IsHalted()
T1E68 125:337.152 - 0.666ms returns FALSE
T1E68 125:337.200 JLINK_IsHalted()
T1E68 125:337.832 - 0.630ms returns FALSE
T1E68 125:446.504 JLINK_IsHalted()
T1E68 125:447.312 - 0.811ms returns FALSE
T1E68 125:447.360 JLINK_IsHalted()
T1E68 125:448.000 - 0.633ms returns FALSE
T1E68 125:555.880 JLINK_IsHalted()
T1E68 125:556.560 - 0.684ms returns FALSE
T1E68 125:556.608 JLINK_IsHalted()
T1E68 125:557.296 - 0.693ms returns FALSE
T1E68 125:664.872 JLINK_IsHalted()
T1E68 125:665.496 - 0.629ms returns FALSE
T1E68 125:724.648 JLINK_IsHalted()
T1E68 125:725.264 - 0.607ms returns FALSE
T1E68 125:821.520 JLINK_IsHalted()
T1E68 125:822.120 - 0.604ms returns FALSE
T1E68 125:822.144 JLINK_IsHalted()
T1E68 125:822.696 - 0.552ms returns FALSE
T0658 125:837.592 JLINK_IsHalted()
T0658 125:838.208 - 0.612ms returns FALSE
T0658 125:838.232 JLINK_IsHalted()
T0658 125:838.808 - 0.569ms returns FALSE
T1E68 125:930.560 JLINK_IsHalted()
T1E68 125:931.312 - 0.752ms returns FALSE
T1E68 125:931.352 JLINK_IsHalted()
T1E68 125:932.008 - 0.644ms returns FALSE
T1E68 126:039.656 JLINK_IsHalted()
T1E68 126:040.336 - 0.681ms returns FALSE
T1E68 126:040.384 JLINK_IsHalted()
T1E68 126:041.008 - 0.634ms returns FALSE
T1E68 126:149.424 JLINK_IsHalted()
T1E68 126:150.128 - 0.699ms returns FALSE
T1E68 126:150.160 JLINK_IsHalted()
T1E68 126:150.744 - 0.585ms returns FALSE
T1E68 126:258.240 JLINK_IsHalted()
T1E68 126:258.840 - 0.595ms returns FALSE
T1E68 126:258.880 JLINK_IsHalted()
T1E68 126:259.504 - 0.627ms returns FALSE
T1E68 126:368.040 JLINK_IsHalted()
T1E68 126:368.720 - 0.678ms returns FALSE
T1E68 126:368.752 JLINK_IsHalted()
T1E68 126:369.344 - 0.593ms returns FALSE
T1E68 126:477.840 JLINK_IsHalted()
T1E68 126:478.544 - 0.706ms returns FALSE
T1E68 126:478.576 JLINK_IsHalted()
T1E68 126:479.232 - 0.642ms returns FALSE
T1E68 126:586.496 JLINK_IsHalted()
T1E68 126:587.056 - 0.564ms returns FALSE
T1E68 126:587.088 JLINK_IsHalted()
T1E68 126:587.672 - 0.586ms returns FALSE
T1E68 126:696.192 JLINK_IsHalted()
T1E68 126:696.896 - 0.699ms returns FALSE
T1E68 126:696.936 JLINK_IsHalted()
T1E68 126:697.560 - 0.620ms returns FALSE
T1E68 126:805.864 JLINK_IsHalted()
T1E68 126:806.544 - 0.685ms returns FALSE
T1E68 126:806.568 JLINK_IsHalted()
T1E68 126:807.128 - 0.564ms returns FALSE
T0658 126:839.064 JLINK_IsHalted()
T0658 126:839.720 - 0.658ms returns FALSE
T0658 126:839.744 JLINK_IsHalted()
T0658 126:840.304 - 0.559ms returns FALSE
T1E68 126:914.624 JLINK_IsHalted()
T1E68 126:915.280 - 0.657ms returns FALSE
T1E68 126:915.304 JLINK_IsHalted()
T1E68 126:915.856 - 0.547ms returns FALSE
T1E68 127:024.360 JLINK_IsHalted()
T1E68 127:025.048 - 0.686ms returns FALSE
T1E68 127:025.088 JLINK_IsHalted()
T1E68 127:025.688 - 0.594ms returns FALSE
T1E68 127:133.456 JLINK_IsHalted()
T1E68 127:134.128 - 0.678ms returns FALSE
T1E68 127:134.168 JLINK_IsHalted()
T1E68 127:134.760 - 0.592ms returns FALSE
T1E68 127:243.536 JLINK_IsHalted()
T1E68 127:244.120 - 0.582ms returns FALSE
T1E68 127:244.136 JLINK_IsHalted()
T1E68 127:244.688 - 0.541ms returns FALSE
T1E68 127:352.488 JLINK_IsHalted()
T1E68 127:353.088 - 0.598ms returns FALSE
T1E68 127:353.112 JLINK_IsHalted()
T1E68 127:353.688 - 0.575ms returns FALSE
T1E68 127:462.232 JLINK_IsHalted()
T1E68 127:462.832 - 0.601ms returns FALSE
T1E68 127:462.864 JLINK_IsHalted()
T1E68 127:463.408 - 0.549ms returns FALSE
T1E68 127:571.008 JLINK_IsHalted()
T1E68 127:571.648 - 0.644ms returns FALSE
T1E68 127:571.672 JLINK_IsHalted()
T1E68 127:572.304 - 0.617ms returns FALSE
T1E68 127:680.688 JLINK_IsHalted()
T1E68 127:681.384 - 0.695ms returns FALSE
T1E68 127:681.432 JLINK_IsHalted()
T1E68 127:682.048 - 0.616ms returns FALSE
T1E68 127:789.848 JLINK_IsHalted()
T1E68 127:790.544 - 0.690ms returns FALSE
T1E68 127:790.576 JLINK_IsHalted()
T1E68 127:791.208 - 0.632ms returns FALSE
T0658 127:840.920 JLINK_IsHalted()
T0658 127:841.584 - 0.661ms returns FALSE
T0658 127:841.640 JLINK_IsHalted()
T0658 127:842.200 - 0.565ms returns FALSE
T1E68 127:899.544 JLINK_IsHalted()
T1E68 127:900.328 - 0.777ms returns FALSE
T1E68 127:900.368 JLINK_IsHalted()
T1E68 127:901.008 - 0.637ms returns FALSE
T1E68 128:008.344 JLINK_IsHalted()
T1E68 128:009.000 - 0.658ms returns FALSE
T1E68 128:009.072 JLINK_IsHalted()
T1E68 128:009.744 - 0.663ms returns FALSE
T1E68 128:118.224 JLINK_IsHalted()
T1E68 128:118.896 - 0.678ms returns FALSE
T1E68 128:118.936 JLINK_IsHalted()
T1E68 128:119.552 - 0.605ms returns FALSE
T1E68 128:227.984 JLINK_IsHalted()
T1E68 128:228.736 - 0.757ms returns FALSE
T1E68 128:228.776 JLINK_IsHalted()
T1E68 128:229.424 - 0.655ms returns FALSE
T1E68 128:336.784 JLINK_IsHalted()
T1E68 128:337.456 - 0.677ms returns FALSE
T1E68 128:337.496 JLINK_IsHalted()
T1E68 128:338.096 - 0.602ms returns FALSE
T1E68 128:446.480 JLINK_IsHalted()
T1E68 128:463.536 - 17.063ms returns FALSE
T1E68 128:463.592 JLINK_IsHalted()
T1E68 128:464.192 - 0.601ms returns FALSE
T1E68 128:571.112 JLINK_IsHalted()
T1E68 128:571.824 - 0.717ms returns FALSE
T1E68 128:571.888 JLINK_IsHalted()
T1E68 128:572.568 - 0.672ms returns FALSE
T1E68 128:680.272 JLINK_IsHalted()
T1E68 128:680.976 - 0.710ms returns FALSE
T1E68 128:681.008 JLINK_IsHalted()
T1E68 128:681.600 - 0.590ms returns FALSE
T1E68 128:789.440 JLINK_IsHalted()
T1E68 128:790.016 - 0.583ms returns FALSE
T1E68 128:790.040 JLINK_IsHalted()
T1E68 128:790.568 - 0.523ms returns FALSE
T0658 128:843.456 JLINK_IsHalted()
T0658 128:844.120 - 0.666ms returns FALSE
T0658 128:844.160 JLINK_IsHalted()
T0658 128:844.752 - 0.584ms returns FALSE
T1E68 128:899.200 JLINK_IsHalted()
T1E68 128:899.888 - 0.695ms returns FALSE
T1E68 128:899.944 JLINK_IsHalted()
T1E68 128:900.568 - 0.634ms returns FALSE
T1E68 129:008.488 JLINK_IsHalted()
T1E68 129:009.216 - 0.731ms returns FALSE
T1E68 129:009.256 JLINK_IsHalted()
T1E68 129:009.832 - 0.584ms returns FALSE
T1E68 129:118.448 JLINK_IsHalted()
T1E68 129:119.152 - 0.699ms returns FALSE
T1E68 129:119.184 JLINK_IsHalted()
T1E68 129:119.768 - 0.582ms returns FALSE
T1E68 129:227.240 JLINK_IsHalted()
T1E68 129:227.952 - 0.707ms returns FALSE
T1E68 129:227.984 JLINK_IsHalted()
T1E68 129:228.584 - 0.599ms returns FALSE
T1E68 129:336.912 JLINK_IsHalted()
T1E68 129:337.616 - 0.697ms returns FALSE
T1E68 129:337.640 JLINK_IsHalted()
T1E68 129:338.320 - 0.676ms returns FALSE
T1E68 129:446.640 JLINK_IsHalted()
T1E68 129:447.336 - 0.697ms returns FALSE
T1E68 129:447.384 JLINK_IsHalted()
T1E68 129:448.040 - 0.654ms returns FALSE
T1E68 129:555.352 JLINK_IsHalted()
T1E68 129:556.048 - 0.696ms returns FALSE
T1E68 129:556.080 JLINK_IsHalted()
T1E68 129:556.736 - 0.646ms returns FALSE
T1E68 129:665.104 JLINK_IsHalted()
T1E68 129:665.792 - 0.688ms returns FALSE
T1E68 129:665.832 JLINK_IsHalted()
T1E68 129:666.456 - 0.618ms returns FALSE
T1E68 129:774.872 JLINK_IsHalted()
T1E68 129:815.568 - 40.693ms returns FALSE
T1E68 129:815.600 JLINK_IsHalted()
T1E68 129:816.208 - 0.595ms returns FALSE
T0658 129:844.624 JLINK_IsHalted()
T0658 129:845.288 - 0.666ms returns FALSE
T0658 129:845.328 JLINK_IsHalted()
T0658 129:845.904 - 0.571ms returns FALSE
T1E68 129:915.224 JLINK_IsHalted()
T1E68 129:915.856 - 0.629ms returns FALSE
T1E68 129:915.880 JLINK_IsHalted()
T1E68 129:916.456 - 0.572ms returns FALSE
T1E68 130:024.040 JLINK_IsHalted()
T1E68 130:024.744 - 0.708ms returns FALSE
T1E68 130:024.792 JLINK_IsHalted()
T1E68 130:025.368 - 0.580ms returns FALSE
T1E68 130:133.808 JLINK_IsHalted()
T1E68 130:134.512 - 0.701ms returns FALSE
T1E68 130:134.552 JLINK_IsHalted()
T1E68 130:135.184 - 0.620ms returns FALSE
T1E68 130:243.608 JLINK_IsHalted()
T1E68 130:244.304 - 0.699ms returns FALSE
T1E68 130:244.336 JLINK_IsHalted()
T1E68 130:244.888 - 0.558ms returns FALSE
T1E68 130:352.240 JLINK_IsHalted()
T1E68 130:352.872 - 0.624ms returns FALSE
T1E68 130:352.896 JLINK_IsHalted()
T1E68 130:353.432 - 0.535ms returns FALSE
T1E68 130:462.032 JLINK_IsHalted()
T1E68 130:462.720 - 0.689ms returns FALSE
T1E68 130:462.744 JLINK_IsHalted()
T1E68 130:463.320 - 0.572ms returns FALSE
T1E68 130:571.496 JLINK_IsHalted()
T1E68 130:572.224 - 0.730ms returns FALSE
T1E68 130:572.272 JLINK_IsHalted()
T1E68 130:572.904 - 0.631ms returns FALSE
T1E68 130:680.320 JLINK_IsHalted()
T1E68 130:681.008 - 0.697ms returns FALSE
T1E68 130:681.064 JLINK_IsHalted()
T1E68 130:681.744 - 0.676ms returns FALSE
T1E68 130:789.712 JLINK_IsHalted()
T1E68 130:790.312 - 0.607ms returns FALSE
T1E68 130:790.336 JLINK_IsHalted()
T1E68 130:790.928 - 0.580ms returns FALSE
T0658 130:845.696 JLINK_IsHalted()
T0658 130:846.360 - 0.665ms returns FALSE
T0658 130:846.384 JLINK_IsHalted()
T0658 130:846.936 - 0.549ms returns FALSE
T1E68 130:899.440 JLINK_IsHalted()
T1E68 130:900.072 - 0.619ms returns FALSE
T1E68 130:900.112 JLINK_IsHalted()
T1E68 130:900.672 - 0.571ms returns FALSE
T1E68 131:008.424 JLINK_IsHalted()
T1E68 131:009.048 - 0.629ms returns FALSE
T1E68 131:009.104 JLINK_IsHalted()
T1E68 131:009.728 - 0.626ms returns FALSE
T1E68 131:118.160 JLINK_IsHalted()
T1E68 131:118.912 - 0.749ms returns FALSE
T1E68 131:118.960 JLINK_IsHalted()
T1E68 131:119.600 - 0.642ms returns FALSE
T1E68 131:227.120 JLINK_IsHalted()
T1E68 131:227.736 - 0.611ms returns FALSE
T1E68 131:227.760 JLINK_IsHalted()
T1E68 131:228.304 - 0.543ms returns FALSE
T1E68 131:337.112 JLINK_IsHalted()
T1E68 131:337.712 - 0.604ms returns FALSE
T1E68 131:337.744 JLINK_IsHalted()
T1E68 131:338.280 - 0.534ms returns FALSE
T1E68 131:445.848 JLINK_IsHalted()
T1E68 131:446.528 - 0.685ms returns FALSE
T1E68 131:446.568 JLINK_IsHalted()
T1E68 131:447.168 - 0.592ms returns FALSE
T1E68 131:555.504 JLINK_IsHalted()
T1E68 131:556.136 - 0.624ms returns FALSE
T1E68 131:556.160 JLINK_IsHalted()
T1E68 131:556.720 - 0.563ms returns FALSE
T1E68 131:665.256 JLINK_IsHalted()
T1E68 131:665.904 - 0.660ms returns FALSE
T1E68 131:665.960 JLINK_IsHalted()
T1E68 131:666.512 - 0.542ms returns FALSE
T1E68 131:773.976 JLINK_IsHalted()
T1E68 131:774.656 - 0.680ms returns FALSE
T1E68 131:774.696 JLINK_IsHalted()
T1E68 131:775.344 - 0.652ms returns FALSE
T0658 131:846.976 JLINK_IsHalted()
T0658 131:847.656 - 0.668ms returns FALSE
T0658 131:847.664 JLINK_IsHalted()
T0658 131:848.280 - 0.606ms returns FALSE
T1E68 131:883.664 JLINK_IsHalted()
T1E68 131:884.248 - 0.584ms returns FALSE
T1E68 131:884.272 JLINK_IsHalted()
T1E68 131:884.848 - 0.578ms returns FALSE
T1E68 131:993.472 JLINK_IsHalted()
T1E68 131:994.112 - 0.638ms returns FALSE
T1E68 131:994.152 JLINK_IsHalted()
T1E68 131:994.768 - 0.609ms returns FALSE
T1E68 132:102.296 JLINK_IsHalted()
T1E68 132:102.976 - 0.683ms returns FALSE
T1E68 132:103.024 JLINK_IsHalted()
T1E68 132:103.656 - 0.630ms returns FALSE
T1E68 132:212.016 JLINK_IsHalted()
T1E68 132:212.760 - 0.742ms returns FALSE
T1E68 132:212.784 JLINK_IsHalted()
T1E68 132:213.376 - 0.585ms returns FALSE
T1E68 132:320.944 JLINK_IsHalted()
T1E68 132:321.624 - 0.675ms returns FALSE
T1E68 132:321.664 JLINK_IsHalted()
T1E68 132:322.304 - 0.637ms returns FALSE
T1E68 132:430.848 JLINK_IsHalted()
T1E68 132:431.528 - 0.681ms returns FALSE
T1E68 132:431.568 JLINK_IsHalted()
T1E68 132:432.176 - 0.602ms returns FALSE
T1E68 132:539.968 JLINK_IsHalted()
T1E68 132:540.632 - 0.667ms returns FALSE
T1E68 132:540.656 JLINK_IsHalted()
T1E68 132:541.296 - 0.638ms returns FALSE
T1E68 132:649.776 JLINK_IsHalted()
T1E68 132:650.416 - 0.650ms returns FALSE
T1E68 132:650.456 JLINK_IsHalted()
T1E68 132:651.056 - 0.599ms returns FALSE
T1E68 132:758.848 JLINK_IsHalted()
T1E68 132:759.472 - 0.624ms returns FALSE
T1E68 132:759.488 JLINK_IsHalted()
T1E68 132:760.024 - 0.531ms returns FALSE
T0658 132:849.008 JLINK_IsHalted()
T0658 132:849.728 - 0.713ms returns FALSE
T0658 132:849.768 JLINK_IsHalted()
T0658 132:850.352 - 0.594ms returns FALSE
T1E68 132:867.696 JLINK_IsHalted()
T1E68 132:868.368 - 0.659ms returns FALSE
T1E68 132:868.400 JLINK_IsHalted()
T1E68 132:869.032 - 0.626ms returns FALSE
T1E68 132:977.392 JLINK_IsHalted()
T1E68 132:978.000 - 0.603ms returns FALSE
T1E68 132:978.024 JLINK_IsHalted()
T1E68 132:978.544 - 0.527ms returns FALSE
T1E68 133:086.576 JLINK_IsHalted()
T1E68 133:087.312 - 0.735ms returns FALSE
T1E68 133:087.360 JLINK_IsHalted()
T1E68 133:088.016 - 0.650ms returns FALSE
T1E68 133:195.952 JLINK_IsHalted()
T1E68 133:196.584 - 0.625ms returns FALSE
T1E68 133:196.608 JLINK_IsHalted()
T1E68 133:197.200 - 0.585ms returns FALSE
T1E68 133:305.768 JLINK_IsHalted()
T1E68 133:306.472 - 0.703ms returns FALSE
T1E68 133:306.512 JLINK_IsHalted()
T1E68 133:307.136 - 0.621ms returns FALSE
T1E68 133:414.768 JLINK_IsHalted()
T1E68 133:415.464 - 0.692ms returns FALSE
T1E68 133:415.504 JLINK_IsHalted()
T1E68 133:416.128 - 0.621ms returns FALSE
T1E68 133:524.544 JLINK_IsHalted()
T1E68 133:525.360 - 0.813ms returns FALSE
T1E68 133:525.416 JLINK_IsHalted()
T1E68 133:526.032 - 0.604ms returns FALSE
T1E68 133:633.344 JLINK_IsHalted()
T1E68 133:634.000 - 0.658ms returns FALSE
T1E68 133:634.032 JLINK_IsHalted()
T1E68 133:634.624 - 0.593ms returns FALSE
T1E68 133:743.024 JLINK_IsHalted()
T1E68 133:743.728 - 0.707ms returns FALSE
T1E68 133:743.768 JLINK_IsHalted()
T1E68 133:744.360 - 0.587ms returns FALSE
T0658 133:850.176 JLINK_IsHalted()
T0658 133:906.352 - 56.182ms returns FALSE
T0658 133:906.408 JLINK_IsHalted()
T0658 133:906.992 - 0.596ms returns FALSE
T1E68 133:907.112 JLINK_IsHalted()
T1E68 133:907.752 - 0.643ms returns FALSE
T1E68 133:907.800 JLINK_IsHalted()
T1E68 133:908.352 - 0.552ms returns FALSE
T1E68 134:008.752 JLINK_IsHalted()
T1E68 134:009.408 - 0.650ms returns FALSE
T1E68 134:009.432 JLINK_IsHalted()
T1E68 134:010.032 - 0.595ms returns FALSE
T1E68 134:117.680 JLINK_IsHalted()
T1E68 134:118.384 - 0.695ms returns FALSE
T1E68 134:118.424 JLINK_IsHalted()
T1E68 134:119.056 - 0.629ms returns FALSE
T1E68 134:227.440 JLINK_IsHalted()
T1E68 134:228.096 - 0.657ms returns FALSE
T1E68 134:228.128 JLINK_IsHalted()
T1E68 134:228.704 - 0.566ms returns FALSE
T1E68 134:337.312 JLINK_IsHalted()
T1E68 134:337.920 - 0.615ms returns FALSE
T1E68 134:337.952 JLINK_IsHalted()
T1E68 134:338.480 - 0.534ms returns FALSE
T1E68 134:445.984 JLINK_IsHalted()
T1E68 134:446.736 - 0.756ms returns FALSE
T1E68 134:446.784 JLINK_IsHalted()
T1E68 134:447.408 - 0.623ms returns FALSE
T1E68 134:555.680 JLINK_IsHalted()
T1E68 134:556.400 - 0.721ms returns FALSE
T1E68 134:556.448 JLINK_IsHalted()
T1E68 134:557.024 - 0.582ms returns FALSE
T1E68 134:665.520 JLINK_IsHalted()
T1E68 134:666.224 - 0.698ms returns FALSE
T1E68 134:666.256 JLINK_IsHalted()
T1E68 134:666.864 - 0.604ms returns FALSE
T1E68 134:774.304 JLINK_IsHalted()
T1E68 134:775.040 - 0.731ms returns FALSE
T1E68 134:775.072 JLINK_IsHalted()
T1E68 134:775.680 - 0.611ms returns FALSE
T1E68 134:884.096 JLINK_IsHalted()
T1E68 134:884.816 - 0.720ms returns FALSE
T1E68 134:884.864 JLINK_IsHalted()
T1E68 134:885.504 - 0.641ms returns FALSE
T0658 134:908.176 JLINK_IsHalted()
T0658 134:908.768 - 0.600ms returns FALSE
T0658 134:908.816 JLINK_IsHalted()
T0658 134:909.424 - 0.612ms returns FALSE
T1E68 134:992.672 JLINK_IsHalted()
T1E68 134:993.264 - 0.604ms returns FALSE
T1E68 134:993.296 JLINK_IsHalted()
T1E68 134:993.808 - 0.511ms returns FALSE
T1E68 135:102.432 JLINK_IsHalted()
T1E68 135:103.136 - 0.706ms returns FALSE
T1E68 135:103.184 JLINK_IsHalted()
T1E68 135:103.824 - 0.633ms returns FALSE
T1E68 135:212.192 JLINK_IsHalted()
T1E68 135:212.896 - 0.703ms returns FALSE
T1E68 135:212.960 JLINK_IsHalted()
T1E68 135:213.584 - 0.625ms returns FALSE
T1E68 135:321.472 JLINK_IsHalted()
T1E68 135:322.192 - 0.707ms returns FALSE
T1E68 135:322.224 JLINK_IsHalted()
T1E68 135:322.848 - 0.622ms returns FALSE
T1E68 135:431.120 JLINK_IsHalted()
T1E68 135:431.824 - 0.699ms returns FALSE
T1E68 135:431.840 JLINK_IsHalted()
T1E68 135:432.432 - 0.583ms returns FALSE
T1E68 135:539.872 JLINK_IsHalted()
T1E68 135:540.528 - 0.661ms returns FALSE
T1E68 135:540.576 JLINK_IsHalted()
T1E68 135:541.152 - 0.600ms returns FALSE
T1E68 135:649.440 JLINK_IsHalted()
T1E68 135:650.048 - 0.612ms returns FALSE
T1E68 135:650.080 JLINK_IsHalted()
T1E68 135:650.624 - 0.555ms returns FALSE
T1E68 135:759.056 JLINK_IsHalted()
T1E68 135:759.712 - 0.661ms returns FALSE
T1E68 135:759.744 JLINK_IsHalted()
T1E68 135:760.320 - 0.564ms returns FALSE
T1E68 135:868.624 JLINK_IsHalted()
T1E68 135:869.312 - 0.698ms returns FALSE
T1E68 135:869.360 JLINK_IsHalted()
T1E68 135:869.984 - 0.613ms returns FALSE
T0658 135:909.600 JLINK_IsHalted()
T0658 135:910.304 - 0.697ms returns FALSE
T0658 135:910.352 JLINK_IsHalted()
T0658 135:910.960 - 0.615ms returns FALSE
T1E68 135:977.056 JLINK_IsHalted()
T1E68 135:977.760 - 0.692ms returns FALSE
T1E68 135:977.792 JLINK_IsHalted()
T1E68 135:978.368 - 0.576ms returns FALSE
T1E68 136:087.008 JLINK_IsHalted()
T1E68 136:087.728 - 0.716ms returns FALSE
T1E68 136:087.776 JLINK_IsHalted()
T1E68 136:088.400 - 0.615ms returns FALSE
T1E68 136:196.256 JLINK_IsHalted()
T1E68 136:196.896 - 0.629ms returns FALSE
T1E68 136:196.912 JLINK_IsHalted()
T1E68 136:197.488 - 0.577ms returns FALSE
T1E68 136:306.096 JLINK_IsHalted()
T1E68 136:306.768 - 0.663ms returns FALSE
T1E68 136:306.800 JLINK_IsHalted()
T1E68 136:307.376 - 0.577ms returns FALSE
T1E68 136:414.768 JLINK_IsHalted()
T1E68 136:415.520 - 0.739ms returns FALSE
T1E68 136:415.552 JLINK_IsHalted()
T1E68 136:416.192 - 0.637ms returns FALSE
T1E68 136:524.560 JLINK_IsHalted()
T1E68 136:525.184 - 0.634ms returns FALSE
T1E68 136:525.216 JLINK_IsHalted()
T1E68 136:525.792 - 0.586ms returns FALSE
T1E68 136:633.600 JLINK_IsHalted()
T1E68 136:634.304 - 0.712ms returns FALSE
T1E68 136:634.352 JLINK_IsHalted()
T1E68 136:634.976 - 0.621ms returns FALSE
T1E68 136:743.328 JLINK_IsHalted()
T1E68 136:743.968 - 0.653ms returns FALSE
T1E68 136:744.032 JLINK_IsHalted()
T1E68 136:744.560 - 0.538ms returns FALSE
T1E68 136:852.656 JLINK_IsHalted()
T1E68 136:853.328 - 0.661ms returns FALSE
T1E68 136:853.344 JLINK_IsHalted()
T1E68 136:853.936 - 0.584ms returns FALSE
T0658 136:911.744 JLINK_IsHalted()
T0658 136:912.448 - 0.705ms returns FALSE
T0658 136:912.496 JLINK_IsHalted()
T0658 136:913.184 - 0.688ms returns FALSE
T1E68 136:962.400 JLINK_IsHalted()
T1E68 136:962.992 - 0.605ms returns FALSE
T1E68 136:963.024 JLINK_IsHalted()
T1E68 136:963.552 - 0.529ms returns FALSE
T1E68 137:071.264 JLINK_IsHalted()
T1E68 137:071.952 - 0.681ms returns FALSE
T1E68 137:072.000 JLINK_IsHalted()
T1E68 137:072.640 - 0.639ms returns FALSE
T1E68 137:180.224 JLINK_IsHalted()
T1E68 137:180.960 - 0.730ms returns FALSE
T1E68 137:180.992 JLINK_IsHalted()
T1E68 137:181.584 - 0.591ms returns FALSE
T1E68 137:290.048 JLINK_IsHalted()
T1E68 137:290.752 - 0.698ms returns FALSE
T1E68 137:290.800 JLINK_IsHalted()
T1E68 137:291.424 - 0.632ms returns FALSE
T1E68 137:399.840 JLINK_IsHalted()
T1E68 137:400.496 - 0.664ms returns FALSE
T1E68 137:400.544 JLINK_IsHalted()
T1E68 137:401.184 - 0.635ms returns FALSE
T1E68 137:508.464 JLINK_IsHalted()
T1E68 137:509.136 - 0.662ms returns FALSE
T1E68 137:509.152 JLINK_IsHalted()
T1E68 137:509.728 - 0.558ms returns FALSE
T1E68 137:618.288 JLINK_IsHalted()
T1E68 137:618.992 - 0.698ms returns FALSE
T1E68 137:619.040 JLINK_IsHalted()
T1E68 137:619.728 - 0.693ms returns FALSE
T1E68 137:727.184 JLINK_IsHalted()
T1E68 137:727.872 - 0.695ms returns FALSE
T1E68 137:727.904 JLINK_IsHalted()
T1E68 137:728.464 - 0.560ms returns FALSE
T1E68 137:836.896 JLINK_IsHalted()
T1E68 137:837.600 - 0.700ms returns FALSE
T1E68 137:837.632 JLINK_IsHalted()
T1E68 137:838.304 - 0.669ms returns FALSE
T0658 137:913.920 JLINK_IsHalted()
T0658 137:914.640 - 0.714ms returns FALSE
T0658 137:914.672 JLINK_IsHalted()
T0658 137:915.296 - 0.628ms returns FALSE
T1E68 137:946.336 JLINK_IsHalted()
T1E68 138:001.328 - 54.994ms returns FALSE
T1E68 138:001.376 JLINK_IsHalted()
T1E68 138:002.000 - 0.613ms returns FALSE
T1E68 138:102.256 JLINK_IsHalted()
T1E68 138:102.896 - 0.648ms returns FALSE
T1E68 138:102.944 JLINK_IsHalted()
T1E68 138:103.488 - 0.547ms returns FALSE
T1E68 138:211.424 JLINK_IsHalted()
T1E68 138:212.048 - 0.628ms returns FALSE
T1E68 138:212.080 JLINK_IsHalted()
T1E68 138:212.704 - 0.630ms returns FALSE
T1E68 138:321.248 JLINK_IsHalted()
T1E68 138:321.952 - 0.706ms returns FALSE
T1E68 138:321.984 JLINK_IsHalted()
T1E68 138:322.592 - 0.613ms returns FALSE
T1E68 138:431.136 JLINK_IsHalted()
T1E68 138:431.808 - 0.687ms returns FALSE
T1E68 138:431.840 JLINK_IsHalted()
T1E68 138:432.432 - 0.582ms returns FALSE
T1E68 138:540.288 JLINK_IsHalted()
T1E68 138:540.992 - 0.708ms returns FALSE
T1E68 138:541.040 JLINK_IsHalted()
T1E68 138:541.728 - 0.694ms returns FALSE
T1E68 138:650.080 JLINK_IsHalted()
T1E68 138:650.752 - 0.676ms returns FALSE
T1E68 138:650.784 JLINK_IsHalted()
T1E68 138:651.328 - 0.544ms returns FALSE
T1E68 138:758.816 JLINK_IsHalted()
T1E68 138:759.488 - 0.662ms returns FALSE
T1E68 138:759.520 JLINK_IsHalted()
T1E68 138:760.064 - 0.554ms returns FALSE
T1E68 138:868.576 JLINK_IsHalted()
T1E68 138:869.312 - 0.724ms returns FALSE
T1E68 138:869.344 JLINK_IsHalted()
T1E68 138:869.936 - 0.598ms returns FALSE
T0658 138:915.584 JLINK_IsHalted()
T0658 138:916.208 - 0.628ms returns FALSE
T0658 138:916.256 JLINK_IsHalted()
T0658 138:916.832 - 0.572ms returns FALSE
T1E68 138:977.280 JLINK_IsHalted()
T1E68 138:977.952 - 0.661ms returns FALSE
T1E68 138:977.968 JLINK_IsHalted()
T1E68 138:978.560 - 0.583ms returns FALSE
T1E68 139:087.168 JLINK_IsHalted()
T1E68 139:087.888 - 0.706ms returns FALSE
T1E68 139:087.920 JLINK_IsHalted()
T1E68 139:088.544 - 0.621ms returns FALSE
T1E68 139:196.208 JLINK_IsHalted()
T1E68 139:196.912 - 0.704ms returns FALSE
T1E68 139:196.960 JLINK_IsHalted()
T1E68 139:197.584 - 0.624ms returns FALSE
T1E68 139:305.488 JLINK_IsHalted()
T1E68 139:351.792 - 46.309ms returns FALSE
T1E68 139:351.840 JLINK_IsHalted()
T1E68 139:352.416 - 0.582ms returns FALSE
T1E68 139:446.400 JLINK_IsHalted()
T1E68 139:447.056 - 0.649ms returns FALSE
T1E68 139:447.072 JLINK_IsHalted()
T1E68 139:447.712 - 0.627ms returns FALSE
T1E68 139:555.648 JLINK_IsHalted()
T1E68 139:556.288 - 0.630ms returns FALSE
T1E68 139:556.320 JLINK_IsHalted()
T1E68 139:556.848 - 0.548ms returns FALSE
T1E68 139:665.328 JLINK_IsHalted()
T1E68 139:665.984 - 0.656ms returns FALSE
T1E68 139:666.016 JLINK_IsHalted()
T1E68 139:666.592 - 0.578ms returns FALSE
T1E68 139:774.304 JLINK_IsHalted()
T1E68 139:774.960 - 0.660ms returns FALSE
T1E68 139:775.008 JLINK_IsHalted()
T1E68 139:775.680 - 0.683ms returns FALSE
T1E68 139:884.000 JLINK_IsHalted()
T1E68 139:884.640 - 0.642ms returns FALSE
T1E68 139:884.672 JLINK_IsHalted()
T1E68 139:885.280 - 0.606ms returns FALSE
T0658 139:917.104 JLINK_IsHalted()
T0658 139:917.792 - 0.684ms returns FALSE
T0658 139:917.840 JLINK_IsHalted()
T0658 139:918.416 - 0.575ms returns FALSE
T1E68 139:993.792 JLINK_IsHalted()
T1E68 139:994.432 - 0.636ms returns FALSE
T1E68 139:994.464 JLINK_IsHalted()
T1E68 139:994.992 - 0.541ms returns FALSE
T1E68 140:102.544 JLINK_IsHalted()
T1E68 140:103.280 - 0.751ms returns FALSE
T1E68 140:103.328 JLINK_IsHalted()
T1E68 140:103.888 - 0.564ms returns FALSE
T1E68 140:212.272 JLINK_IsHalted()
T1E68 140:212.992 - 0.712ms returns FALSE
T1E68 140:213.024 JLINK_IsHalted()
T1E68 140:213.728 - 0.696ms returns FALSE
T1E68 140:321.072 JLINK_IsHalted()
T1E68 140:321.744 - 0.677ms returns FALSE
T1E68 140:321.776 JLINK_IsHalted()
T1E68 140:322.368 - 0.589ms returns FALSE
T1E68 140:430.864 JLINK_IsHalted()
T1E68 140:431.536 - 0.676ms returns FALSE
T1E68 140:431.584 JLINK_IsHalted()
T1E68 140:432.208 - 0.629ms returns FALSE
T1E68 140:539.680 JLINK_IsHalted()
T1E68 140:540.384 - 0.693ms returns FALSE
T1E68 140:540.432 JLINK_IsHalted()
T1E68 140:541.056 - 0.620ms returns FALSE
T1E68 140:649.440 JLINK_IsHalted()
T1E68 140:650.080 - 0.634ms returns FALSE
T1E68 140:650.096 JLINK_IsHalted()
T1E68 140:650.720 - 0.612ms returns FALSE
T1E68 140:758.784 JLINK_IsHalted()
T1E68 140:759.488 - 0.697ms returns FALSE
T1E68 140:759.520 JLINK_IsHalted()
T1E68 140:760.128 - 0.603ms returns FALSE
T1E68 140:867.888 JLINK_IsHalted()
T1E68 140:868.576 - 0.693ms returns FALSE
T1E68 140:868.624 JLINK_IsHalted()
T1E68 140:869.312 - 0.682ms returns FALSE
T0658 140:918.816 JLINK_IsHalted()
T0658 140:919.536 - 0.705ms returns FALSE
T0658 140:919.568 JLINK_IsHalted()
T0658 140:920.176 - 0.615ms returns FALSE
T1E68 140:977.632 JLINK_IsHalted()
T1E68 140:978.336 - 0.688ms returns FALSE
T1E68 140:978.368 JLINK_IsHalted()
T1E68 140:978.976 - 0.603ms returns FALSE
T1E68 141:087.312 JLINK_IsHalted()
T1E68 141:088.016 - 0.702ms returns FALSE
T1E68 141:088.064 JLINK_IsHalted()
T1E68 141:088.800 - 0.734ms returns FALSE
T1E68 141:196.144 JLINK_IsHalted()
T1E68 141:196.816 - 0.659ms returns FALSE
T1E68 141:196.832 JLINK_IsHalted()
T1E68 141:197.456 - 0.603ms returns FALSE
T1E68 141:305.888 JLINK_IsHalted()
T1E68 141:306.592 - 0.707ms returns FALSE
T1E68 141:306.624 JLINK_IsHalted()
T1E68 141:307.296 - 0.666ms returns FALSE
T1E68 141:414.608 JLINK_IsHalted()
T1E68 141:415.312 - 0.711ms returns FALSE
T1E68 141:415.360 JLINK_IsHalted()
T1E68 141:416.000 - 0.637ms returns FALSE
T1E68 141:524.480 JLINK_IsHalted()
T1E68 141:525.120 - 0.651ms returns FALSE
T1E68 141:525.152 JLINK_IsHalted()
T1E68 141:525.776 - 0.616ms returns FALSE
T1E68 141:633.376 JLINK_IsHalted()
T1E68 141:634.064 - 0.694ms returns FALSE
T1E68 141:634.112 JLINK_IsHalted()
T1E68 141:634.768 - 0.653ms returns FALSE
T1E68 141:743.168 JLINK_IsHalted()
T1E68 141:743.776 - 0.600ms returns FALSE
T1E68 141:743.792 JLINK_IsHalted()
T1E68 141:744.352 - 0.548ms returns FALSE
T1E68 141:852.176 JLINK_IsHalted()
T1E68 141:852.864 - 0.692ms returns FALSE
T1E68 141:852.912 JLINK_IsHalted()
T1E68 141:853.536 - 0.613ms returns FALSE
T0658 141:920.672 JLINK_IsHalted()
T0658 141:921.280 - 0.622ms returns FALSE
T0658 141:921.312 JLINK_IsHalted()
T0658 141:921.856 - 0.548ms returns FALSE
T1E68 141:962.384 JLINK_IsHalted()
T1E68 141:963.120 - 0.740ms returns FALSE
T1E68 141:963.168 JLINK_IsHalted()
T1E68 141:963.808 - 0.651ms returns FALSE
T1E68 142:070.880 JLINK_IsHalted()
T1E68 142:090.592 - 19.711ms returns FALSE
T1E68 142:090.640 JLINK_IsHalted()
T1E68 142:091.296 - 0.664ms returns FALSE
T1E68 142:196.528 JLINK_IsHalted()
T1E68 142:197.312 - 0.772ms returns FALSE
T1E68 142:197.344 JLINK_IsHalted()
T1E68 142:197.984 - 0.619ms returns FALSE
T1E68 142:305.632 JLINK_IsHalted()
T1E68 142:306.320 - 0.681ms returns FALSE
T1E68 142:306.368 JLINK_IsHalted()
T1E68 142:307.104 - 0.729ms returns FALSE
T1E68 142:415.440 JLINK_IsHalted()
T1E68 142:416.192 - 0.745ms returns FALSE
T1E68 142:416.224 JLINK_IsHalted()
T1E68 142:416.800 - 0.589ms returns FALSE
T1E68 142:524.384 JLINK_IsHalted()
T1E68 142:525.072 - 0.676ms returns FALSE
T1E68 142:525.120 JLINK_IsHalted()
T1E68 142:525.744 - 0.629ms returns FALSE
T1E68 142:634.048 JLINK_IsHalted()
T1E68 142:634.688 - 0.645ms returns FALSE
T1E68 142:634.720 JLINK_IsHalted()
T1E68 142:635.296 - 0.575ms returns FALSE
T1E68 142:743.888 JLINK_IsHalted()
T1E68 142:744.544 - 0.669ms returns FALSE
T1E68 142:744.608 JLINK_IsHalted()
T1E68 142:745.312 - 0.703ms returns FALSE
T1E68 142:852.784 JLINK_IsHalted()
T1E68 142:853.504 - 0.721ms returns FALSE
T1E68 142:853.536 JLINK_IsHalted()
T1E68 142:854.144 - 0.602ms returns FALSE
T0658 142:921.696 JLINK_IsHalted()
T0658 142:922.272 - 0.587ms returns FALSE
T0658 142:922.288 JLINK_IsHalted()
T0658 142:922.864 - 0.570ms returns FALSE
T1E68 142:961.488 JLINK_IsHalted()
T1E68 142:962.192 - 0.713ms returns FALSE
T1E68 142:962.224 JLINK_IsHalted()
T1E68 142:962.848 - 0.603ms returns FALSE
T1E68 143:071.312 JLINK_IsHalted()
T1E68 143:072.016 - 0.705ms returns FALSE
T1E68 143:072.048 JLINK_IsHalted()
T1E68 143:072.624 - 0.578ms returns FALSE
T1E68 143:181.008 JLINK_IsHalted()
T1E68 143:181.664 - 0.660ms returns FALSE
T1E68 143:181.712 JLINK_IsHalted()
T1E68 143:182.272 - 0.560ms returns FALSE
T1E68 143:289.728 JLINK_IsHalted()
T1E68 143:290.368 - 0.636ms returns FALSE
T1E68 143:290.400 JLINK_IsHalted()
T1E68 143:290.960 - 0.567ms returns FALSE
T1E68 143:399.408 JLINK_IsHalted()
T1E68 143:400.016 - 0.606ms returns FALSE
T1E68 143:400.032 JLINK_IsHalted()
T1E68 143:400.576 - 0.535ms returns FALSE
T1E68 143:508.864 JLINK_IsHalted()
T1E68 143:509.584 - 0.726ms returns FALSE
T1E68 143:509.616 JLINK_IsHalted()
T1E68 143:510.208 - 0.591ms returns FALSE
T1E68 143:617.936 JLINK_IsHalted()
T1E68 143:618.640 - 0.693ms returns FALSE
T1E68 143:618.672 JLINK_IsHalted()
T1E68 143:619.296 - 0.622ms returns FALSE
T1E68 143:727.616 JLINK_IsHalted()
T1E68 143:728.304 - 0.688ms returns FALSE
T1E68 143:728.352 JLINK_IsHalted()
T1E68 143:728.976 - 0.621ms returns FALSE
T1E68 143:837.344 JLINK_IsHalted()
T1E68 143:837.984 - 0.648ms returns FALSE
T1E68 143:838.016 JLINK_IsHalted()
T1E68 143:838.592 - 0.580ms returns FALSE
T0658 143:924.320 JLINK_IsHalted()
T0658 143:925.024 - 0.690ms returns FALSE
T0658 143:925.088 JLINK_IsHalted()
T0658 143:925.680 - 0.597ms returns FALSE
T1E68 143:946.016 JLINK_IsHalted()
T1E68 143:946.640 - 0.612ms returns FALSE
T1E68 143:946.656 JLINK_IsHalted()
T1E68 143:947.280 - 0.623ms returns FALSE
T1E68 144:055.744 JLINK_IsHalted()
T1E68 144:056.416 - 0.666ms returns FALSE
T1E68 144:056.464 JLINK_IsHalted()
T1E68 144:057.024 - 0.562ms returns FALSE
T1E68 144:165.472 JLINK_IsHalted()
T1E68 144:166.160 - 0.680ms returns FALSE
T1E68 144:166.224 JLINK_IsHalted()
T1E68 144:166.880 - 0.650ms returns FALSE
T1E68 144:274.176 JLINK_IsHalted()
T1E68 144:274.848 - 0.666ms returns FALSE
T1E68 144:274.880 JLINK_IsHalted()
T1E68 144:275.424 - 0.552ms returns FALSE
T1E68 144:383.904 JLINK_IsHalted()
T1E68 144:384.544 - 0.645ms returns FALSE
T1E68 144:384.576 JLINK_IsHalted()
T1E68 144:385.152 - 0.580ms returns FALSE
T1E68 144:493.632 JLINK_IsHalted()
T1E68 144:494.256 - 0.631ms returns FALSE
T1E68 144:494.304 JLINK_IsHalted()
T1E68 144:494.880 - 0.562ms returns FALSE
T1E68 144:602.320 JLINK_IsHalted()
T1E68 144:602.912 - 0.582ms returns FALSE
T1E68 144:602.944 JLINK_IsHalted()
T1E68 144:603.488 - 0.555ms returns FALSE
T1E68 144:711.952 JLINK_IsHalted()
T1E68 144:712.544 - 0.603ms returns FALSE
T1E68 144:712.592 JLINK_IsHalted()
T1E68 144:713.168 - 0.576ms returns FALSE
T1E68 144:821.216 JLINK_IsHalted()
T1E68 144:821.856 - 0.630ms returns FALSE
T1E68 144:821.888 JLINK_IsHalted()
T1E68 144:822.464 - 0.569ms returns FALSE
T0658 144:926.048 JLINK_IsHalted()
T0658 144:926.672 - 0.632ms returns FALSE
T0658 144:926.720 JLINK_IsHalted()
T0658 144:927.264 - 0.557ms returns FALSE
T1E68 144:931.104 JLINK_IsHalted()
T1E68 144:931.728 - 0.627ms returns FALSE
T1E68 144:931.744 JLINK_IsHalted()
T1E68 144:932.336 - 0.590ms returns FALSE
T1E68 145:039.712 JLINK_IsHalted()
T1E68 145:040.272 - 0.569ms returns FALSE
T1E68 145:040.288 JLINK_IsHalted()
T1E68 145:040.800 - 0.513ms returns FALSE
T1E68 145:149.536 JLINK_IsHalted()
T1E68 145:150.160 - 0.620ms returns FALSE
T1E68 145:150.176 JLINK_IsHalted()
T1E68 145:150.752 - 0.562ms returns FALSE
T1E68 145:258.448 JLINK_IsHalted()
T1E68 145:259.200 - 0.752ms returns FALSE
T1E68 145:259.280 JLINK_IsHalted()
T1E68 145:259.920 - 0.641ms returns FALSE
T1E68 145:368.624 JLINK_IsHalted()
T1E68 145:369.264 - 0.638ms returns FALSE
T1E68 145:369.312 JLINK_IsHalted()
T1E68 145:369.888 - 0.577ms returns FALSE
T1E68 145:477.328 JLINK_IsHalted()
T1E68 145:477.936 - 0.613ms returns FALSE
T1E68 145:477.984 JLINK_IsHalted()
T1E68 145:478.528 - 0.545ms returns FALSE
T1E68 145:587.008 JLINK_IsHalted()
T1E68 145:587.680 - 0.674ms returns FALSE
T1E68 145:587.744 JLINK_IsHalted()
T1E68 145:588.272 - 0.534ms returns FALSE
T1E68 145:696.672 JLINK_IsHalted()
T1E68 145:697.280 - 0.591ms returns FALSE
T1E68 145:697.296 JLINK_IsHalted()
T1E68 145:697.840 - 0.547ms returns FALSE
T1E68 145:805.440 JLINK_IsHalted()
T1E68 145:806.048 - 0.617ms returns FALSE
T1E68 145:806.080 JLINK_IsHalted()
T1E68 145:806.688 - 0.610ms returns FALSE
T1E68 145:915.136 JLINK_IsHalted()
T1E68 145:915.856 - 0.705ms returns FALSE
T1E68 145:915.888 JLINK_IsHalted()
T1E68 145:916.512 - 0.613ms returns FALSE
T0658 145:928.352 JLINK_IsHalted()
T0658 145:929.024 - 0.671ms returns FALSE
T0658 145:929.072 JLINK_IsHalted()
T0658 145:929.664 - 0.593ms returns FALSE
T1E68 146:024.848 JLINK_IsHalted()
T1E68 146:025.504 - 0.668ms returns FALSE
T1E68 146:025.568 JLINK_IsHalted()
T1E68 146:026.176 - 0.610ms returns FALSE
T1E68 146:133.344 JLINK_IsHalted()
T1E68 146:173.344 - 39.995ms returns FALSE
T1E68 146:173.408 JLINK_IsHalted()
T1E68 146:174.048 - 0.645ms returns FALSE
T1E68 146:274.272 JLINK_IsHalted()
T1E68 146:274.912 - 0.624ms returns FALSE
T1E68 146:274.944 JLINK_IsHalted()
T1E68 146:275.504 - 0.562ms returns FALSE
T1E68 146:383.296 JLINK_IsHalted()
T1E68 146:383.904 - 0.610ms returns FALSE
T1E68 146:383.936 JLINK_IsHalted()
T1E68 146:384.480 - 0.546ms returns FALSE
T1E68 146:492.992 JLINK_IsHalted()
T1E68 146:493.600 - 0.608ms returns FALSE
T1E68 146:493.632 JLINK_IsHalted()
T1E68 146:494.224 - 0.584ms returns FALSE
T1E68 146:602.704 JLINK_IsHalted()
T1E68 146:603.296 - 0.590ms returns FALSE
T1E68 146:603.328 JLINK_IsHalted()
T1E68 146:603.872 - 0.542ms returns FALSE
T1E68 146:711.488 JLINK_IsHalted()
T1E68 146:712.112 - 0.634ms returns FALSE
T1E68 146:712.144 JLINK_IsHalted()
T1E68 146:712.688 - 0.552ms returns FALSE
T1E68 146:821.232 JLINK_IsHalted()
T1E68 146:821.856 - 0.628ms returns FALSE
T1E68 146:821.888 JLINK_IsHalted()
T1E68 146:822.496 - 0.597ms returns FALSE
T0658 146:930.048 JLINK_IsHalted()
T0658 146:930.672 - 0.616ms returns FALSE
T0658 146:930.720 JLINK_IsHalted()
T0658 146:931.296 - 0.576ms returns FALSE
T1E68 146:931.360 JLINK_IsHalted()
T1E68 146:931.936 - 0.565ms returns FALSE
T1E68 146:931.968 JLINK_IsHalted()
T1E68 146:932.496 - 0.532ms returns FALSE
T1E68 147:039.632 JLINK_IsHalted()
T1E68 147:040.304 - 0.672ms returns FALSE
T1E68 147:040.352 JLINK_IsHalted()
T1E68 147:040.944 - 0.607ms returns FALSE
T1E68 147:149.472 JLINK_IsHalted()
T1E68 147:150.112 - 0.623ms returns FALSE
T1E68 147:150.128 JLINK_IsHalted()
T1E68 147:150.688 - 0.567ms returns FALSE
T1E68 147:259.136 JLINK_IsHalted()
T1E68 147:259.840 - 0.708ms returns FALSE
T1E68 147:259.872 JLINK_IsHalted()
T1E68 147:260.464 - 0.592ms returns FALSE
T1E68 147:367.904 JLINK_IsHalted()
T1E68 147:368.544 - 0.636ms returns FALSE
T1E68 147:368.592 JLINK_IsHalted()
T1E68 147:369.184 - 0.603ms returns FALSE
T1E68 147:477.584 JLINK_IsHalted()
T1E68 147:531.952 - 54.377ms returns FALSE
T1E68 147:532.032 JLINK_IsHalted()
T1E68 147:532.720 - 0.699ms returns FALSE
T1E68 147:633.488 JLINK_IsHalted()
T1E68 147:634.144 - 0.650ms returns FALSE
T1E68 147:634.176 JLINK_IsHalted()
T1E68 147:634.768 - 0.593ms returns FALSE
T1E68 147:743.520 JLINK_IsHalted()
T1E68 147:744.160 - 0.629ms returns FALSE
T1E68 147:744.176 JLINK_IsHalted()
T1E68 147:744.736 - 0.556ms returns FALSE
T1E68 147:852.256 JLINK_IsHalted()
T1E68 147:852.960 - 0.700ms returns FALSE
T1E68 147:852.992 JLINK_IsHalted()
T1E68 147:853.536 - 0.554ms returns FALSE
T0658 147:931.312 JLINK_IsHalted()
T0658 147:931.968 - 0.655ms returns FALSE
T0658 147:932.016 JLINK_IsHalted()
T0658 147:932.624 - 0.596ms returns FALSE
T1E68 147:962.016 JLINK_IsHalted()
T1E68 147:962.704 - 0.681ms returns FALSE
T1E68 147:962.720 JLINK_IsHalted()
T1E68 147:963.264 - 0.545ms returns FALSE
T1E68 148:071.232 JLINK_IsHalted()
T1E68 148:071.968 - 0.737ms returns FALSE
T1E68 148:072.016 JLINK_IsHalted()
T1E68 148:072.720 - 0.700ms returns FALSE
T1E68 148:180.288 JLINK_IsHalted()
T1E68 148:180.928 - 0.631ms returns FALSE
T1E68 148:180.960 JLINK_IsHalted()
T1E68 148:181.520 - 0.562ms returns FALSE
T1E68 148:290.016 JLINK_IsHalted()
T1E68 148:290.720 - 0.699ms returns FALSE
T1E68 148:290.768 JLINK_IsHalted()
T1E68 148:291.408 - 0.636ms returns FALSE
T1E68 148:398.880 JLINK_IsHalted()
T1E68 148:399.584 - 0.714ms returns FALSE
T1E68 148:399.616 JLINK_IsHalted()
T1E68 148:400.192 - 0.570ms returns FALSE
T1E68 148:508.672 JLINK_IsHalted()
T1E68 148:509.360 - 0.688ms returns FALSE
T1E68 148:509.408 JLINK_IsHalted()
T1E68 148:510.048 - 0.633ms returns FALSE
T1E68 148:617.776 JLINK_IsHalted()
T1E68 148:618.416 - 0.644ms returns FALSE
T1E68 148:618.448 JLINK_IsHalted()
T1E68 148:619.024 - 0.574ms returns FALSE
T1E68 148:727.536 JLINK_IsHalted()
T1E68 148:728.192 - 0.651ms returns FALSE
T1E68 148:728.224 JLINK_IsHalted()
T1E68 148:728.800 - 0.573ms returns FALSE
T1E68 148:837.312 JLINK_IsHalted()
T1E68 148:894.624 - 57.319ms returns FALSE
T1E68 148:894.688 JLINK_IsHalted()
T1E68 148:895.328 - 0.641ms returns FALSE
T0658 148:932.976 JLINK_IsHalted()
T0658 148:933.664 - 0.689ms returns FALSE
T0658 148:933.728 JLINK_IsHalted()
T0658 148:934.368 - 0.649ms returns FALSE
T1E68 148:993.552 JLINK_IsHalted()
T1E68 148:994.160 - 0.607ms returns FALSE
T1E68 148:994.176 JLINK_IsHalted()
T1E68 148:994.736 - 0.553ms returns FALSE
T1E68 149:103.008 JLINK_IsHalted()
T1E68 149:103.760 - 0.750ms returns FALSE
T1E68 149:103.808 JLINK_IsHalted()
T1E68 149:104.416 - 0.615ms returns FALSE
T1E68 149:211.664 JLINK_IsHalted()
T1E68 149:212.384 - 0.720ms returns FALSE
T1E68 149:212.432 JLINK_IsHalted()
T1E68 149:213.056 - 0.621ms returns FALSE
T1E68 149:321.648 JLINK_IsHalted()
T1E68 149:322.336 - 0.694ms returns FALSE
T1E68 149:322.384 JLINK_IsHalted()
T1E68 149:322.960 - 0.572ms returns FALSE
T1E68 149:430.464 JLINK_IsHalted()
T1E68 149:431.072 - 0.615ms returns FALSE
T1E68 149:431.088 JLINK_IsHalted()
T1E68 149:431.696 - 0.597ms returns FALSE
T1E68 149:540.192 JLINK_IsHalted()
T1E68 149:540.880 - 0.688ms returns FALSE
T1E68 149:540.912 JLINK_IsHalted()
T1E68 149:541.488 - 0.577ms returns FALSE
T1E68 149:648.928 JLINK_IsHalted()
T1E68 149:649.632 - 0.704ms returns FALSE
T1E68 149:649.648 JLINK_IsHalted()
T1E68 149:650.288 - 0.635ms returns FALSE
T1E68 149:758.736 JLINK_IsHalted()
T1E68 149:759.392 - 0.665ms returns FALSE
T1E68 149:759.440 JLINK_IsHalted()
T1E68 149:760.016 - 0.580ms returns FALSE
T1E68 149:868.464 JLINK_IsHalted()
T1E68 149:869.168 - 0.706ms returns FALSE
T1E68 149:869.216 JLINK_IsHalted()
T1E68 149:869.856 - 0.644ms returns FALSE
T0658 149:934.464 JLINK_IsHalted()
T0658 149:935.168 - 0.705ms returns FALSE
T0658 149:935.200 JLINK_IsHalted()
T0658 149:935.824 - 0.613ms returns FALSE
T1E68 149:977.200 JLINK_IsHalted()
T1E68 149:977.856 - 0.658ms returns FALSE
T1E68 149:977.888 JLINK_IsHalted()
T1E68 149:978.432 - 0.541ms returns FALSE
T1E68 150:087.072 JLINK_IsHalted()
T1E68 150:087.760 - 0.678ms returns FALSE
T1E68 150:087.792 JLINK_IsHalted()
T1E68 150:088.352 - 0.567ms returns FALSE
T1E68 150:196.000 JLINK_IsHalted()
T1E68 150:196.736 - 0.719ms returns FALSE
T1E68 150:196.768 JLINK_IsHalted()
T1E68 150:197.376 - 0.603ms returns FALSE
T1E68 150:305.504 JLINK_IsHalted()
T1E68 150:306.208 - 0.703ms returns FALSE
T1E68 150:306.256 JLINK_IsHalted()
T1E68 150:306.880 - 0.632ms returns FALSE
T1E68 150:415.424 JLINK_IsHalted()
T1E68 150:416.064 - 0.638ms returns FALSE
T1E68 150:416.096 JLINK_IsHalted()
T1E68 150:416.688 - 0.598ms returns FALSE
T1E68 150:524.208 JLINK_IsHalted()
T1E68 150:524.864 - 0.655ms returns FALSE
T1E68 150:524.896 JLINK_IsHalted()
T1E68 150:525.408 - 0.522ms returns FALSE
T1E68 150:634.032 JLINK_IsHalted()
T1E68 150:634.688 - 0.659ms returns FALSE
T1E68 150:634.720 JLINK_IsHalted()
T1E68 150:635.280 - 0.554ms returns FALSE
T1E68 150:742.800 JLINK_IsHalted()
T1E68 150:743.472 - 0.688ms returns FALSE
T1E68 150:743.520 JLINK_IsHalted()
T1E68 150:744.112 - 0.594ms returns FALSE
T1E68 150:852.512 JLINK_IsHalted()
T1E68 150:853.296 - 0.780ms returns FALSE
T1E68 150:853.344 JLINK_IsHalted()
T1E68 150:853.920 - 0.592ms returns FALSE
T0658 150:935.584 JLINK_IsHalted()
T0658 150:936.320 - 0.719ms returns FALSE
T0658 150:936.352 JLINK_IsHalted()
T0658 150:936.976 - 0.608ms returns FALSE
T1E68 150:962.288 JLINK_IsHalted()
T1E68 150:962.976 - 0.676ms returns FALSE
T1E68 150:963.008 JLINK_IsHalted()
T1E68 150:963.632 - 0.621ms returns FALSE
T1E68 151:071.216 JLINK_IsHalted()
T1E68 151:071.904 - 0.683ms returns FALSE
T1E68 151:071.952 JLINK_IsHalted()
T1E68 151:072.576 - 0.625ms returns FALSE
T1E68 151:181.120 JLINK_IsHalted()
T1E68 151:181.776 - 0.646ms returns FALSE
T1E68 151:181.792 JLINK_IsHalted()
T1E68 151:182.368 - 0.566ms returns FALSE
T1E68 151:290.000 JLINK_IsHalted()
T1E68 151:290.592 - 0.599ms returns FALSE
T1E68 151:290.624 JLINK_IsHalted()
T1E68 151:291.184 - 0.557ms returns FALSE
T1E68 151:399.200 JLINK_IsHalted()
T1E68 151:399.808 - 0.619ms returns FALSE
T1E68 151:399.840 JLINK_IsHalted()
T1E68 151:400.416 - 0.572ms returns FALSE
T1E68 151:508.752 JLINK_IsHalted()
T1E68 151:509.440 - 0.695ms returns FALSE
T1E68 151:509.472 JLINK_IsHalted()
T1E68 151:510.048 - 0.576ms returns FALSE
T1E68 151:618.336 JLINK_IsHalted()
T1E68 151:619.040 - 0.710ms returns FALSE
T1E68 151:619.104 JLINK_IsHalted()
T1E68 151:619.744 - 0.641ms returns FALSE
T1E68 151:727.104 JLINK_IsHalted()
T1E68 151:727.744 - 0.640ms returns FALSE
T1E68 151:727.776 JLINK_IsHalted()
T1E68 151:728.320 - 0.557ms returns FALSE
T1E68 151:836.832 JLINK_IsHalted()
T1E68 151:837.504 - 0.660ms returns FALSE
T1E68 151:837.536 JLINK_IsHalted()
T1E68 151:838.112 - 0.589ms returns FALSE
T0658 151:936.912 JLINK_IsHalted()
T0658 151:937.632 - 0.709ms returns FALSE
T0658 151:937.680 JLINK_IsHalted()
T0658 151:938.336 - 0.663ms returns FALSE
T1E68 151:946.672 JLINK_IsHalted()
T1E68 151:947.360 - 0.674ms returns FALSE
T1E68 151:947.392 JLINK_IsHalted()
T1E68 151:947.984 - 0.593ms returns FALSE
T1E68 152:055.440 JLINK_IsHalted()
T1E68 152:056.112 - 0.672ms returns FALSE
T1E68 152:056.160 JLINK_IsHalted()
T1E68 152:056.768 - 0.617ms returns FALSE
T1E68 152:165.312 JLINK_IsHalted()
T1E68 152:166.000 - 0.681ms returns FALSE
T1E68 152:166.048 JLINK_IsHalted()
T1E68 152:166.720 - 0.675ms returns FALSE
T1E68 152:274.432 JLINK_IsHalted()
T1E68 152:275.136 - 0.710ms returns FALSE
T1E68 152:275.184 JLINK_IsHalted()
T1E68 152:275.776 - 0.593ms returns FALSE
T1E68 152:384.128 JLINK_IsHalted()
T1E68 152:384.800 - 0.672ms returns FALSE
T1E68 152:384.848 JLINK_IsHalted()
T1E68 152:385.504 - 0.657ms returns FALSE
T1E68 152:493.488 JLINK_IsHalted()
T1E68 152:494.176 - 0.694ms returns FALSE
T1E68 152:494.224 JLINK_IsHalted()
T1E68 152:494.816 - 0.600ms returns FALSE
T1E68 152:602.320 JLINK_IsHalted()
T1E68 152:602.976 - 0.643ms returns FALSE
T1E68 152:602.992 JLINK_IsHalted()
T1E68 152:603.552 - 0.562ms returns FALSE
T1E68 152:712.272 JLINK_IsHalted()
T1E68 152:712.992 - 0.715ms returns FALSE
T1E68 152:713.024 JLINK_IsHalted()
T1E68 152:713.616 - 0.586ms returns FALSE
T1E68 152:821.104 JLINK_IsHalted()
T1E68 152:821.792 - 0.682ms returns FALSE
T1E68 152:821.824 JLINK_IsHalted()
T1E68 152:822.400 - 0.571ms returns FALSE
T1E68 152:930.784 JLINK_IsHalted()
T1E68 152:990.000 - 59.211ms returns FALSE
T1E68 152:990.064 JLINK_IsHalted()
T1E68 152:990.720 - 0.649ms returns FALSE
T0658 152:990.864 JLINK_IsHalted()
T0658 152:991.504 - 0.633ms returns FALSE
T0658 152:991.520 JLINK_IsHalted()
T0658 152:992.096 - 0.551ms returns FALSE
T1E68 153:086.560 JLINK_IsHalted()
T1E68 153:087.312 - 0.751ms returns FALSE
T1E68 153:087.344 JLINK_IsHalted()
T1E68 153:088.000 - 0.650ms returns FALSE
T1E68 153:196.144 JLINK_IsHalted()
T1E68 153:196.800 - 0.653ms returns FALSE
T1E68 153:196.832 JLINK_IsHalted()
T1E68 153:197.456 - 0.618ms returns FALSE
T1E68 153:305.760 JLINK_IsHalted()
T1E68 153:306.368 - 0.603ms returns FALSE
T1E68 153:306.384 JLINK_IsHalted()
T1E68 153:306.976 - 0.584ms returns FALSE
T1E68 153:414.784 JLINK_IsHalted()
T1E68 153:415.488 - 0.701ms returns FALSE
T1E68 153:415.520 JLINK_IsHalted()
T1E68 153:416.160 - 0.628ms returns FALSE
T1E68 153:524.432 JLINK_IsHalted()
T1E68 153:525.088 - 0.666ms returns FALSE
T1E68 153:525.120 JLINK_IsHalted()
T1E68 153:525.696 - 0.573ms returns FALSE
T1E68 153:633.312 JLINK_IsHalted()
T1E68 153:633.952 - 0.661ms returns FALSE
T1E68 153:634.000 JLINK_IsHalted()
T1E68 153:634.608 - 0.605ms returns FALSE
T1E68 153:742.944 JLINK_IsHalted()
T1E68 153:743.520 - 0.589ms returns FALSE
T1E68 153:743.536 JLINK_IsHalted()
T1E68 153:744.096 - 0.546ms returns FALSE
T1E68 153:852.976 JLINK_IsHalted()
T1E68 153:853.728 - 0.738ms returns FALSE
T1E68 153:853.776 JLINK_IsHalted()
T1E68 153:854.400 - 0.628ms returns FALSE
T1E68 153:961.680 JLINK_IsHalted()
T1E68 153:962.400 - 0.715ms returns FALSE
T1E68 153:962.416 JLINK_IsHalted()
T1E68 153:962.976 - 0.562ms returns FALSE
T0658 153:992.784 JLINK_IsHalted()
T0658 153:993.376 - 0.594ms returns FALSE
T0658 153:993.408 JLINK_IsHalted()
T0658 153:994.000 - 0.587ms returns FALSE
T1E68 154:071.376 JLINK_IsHalted()
T1E68 154:072.048 - 0.684ms returns FALSE
T1E68 154:072.096 JLINK_IsHalted()
T1E68 154:072.752 - 0.657ms returns FALSE
T1E68 154:181.120 JLINK_IsHalted()
T1E68 154:181.792 - 0.685ms returns FALSE
T1E68 154:181.856 JLINK_IsHalted()
T1E68 154:182.448 - 0.609ms returns FALSE
T1E68 154:289.792 JLINK_IsHalted()
T1E68 154:290.512 - 0.713ms returns FALSE
T1E68 154:290.544 JLINK_IsHalted()
T1E68 154:291.168 - 0.626ms returns FALSE
T1E68 154:398.976 JLINK_IsHalted()
T1E68 154:399.616 - 0.637ms returns FALSE
T1E68 154:399.648 JLINK_IsHalted()
T1E68 154:400.288 - 0.642ms returns FALSE
T1E68 154:508.720 JLINK_IsHalted()
T1E68 154:509.392 - 0.655ms returns FALSE
T1E68 154:509.408 JLINK_IsHalted()
T1E68 154:509.968 - 0.555ms returns FALSE
T1E68 154:617.760 JLINK_IsHalted()
T1E68 154:618.400 - 0.646ms returns FALSE
T1E68 154:618.432 JLINK_IsHalted()
T1E68 154:619.040 - 0.591ms returns FALSE
T1E68 154:727.552 JLINK_IsHalted()
T1E68 154:728.208 - 0.657ms returns FALSE
T1E68 154:728.240 JLINK_IsHalted()
T1E68 154:728.816 - 0.577ms returns FALSE
T1E68 154:836.384 JLINK_IsHalted()
T1E68 154:837.088 - 0.707ms returns FALSE
T1E68 154:837.152 JLINK_IsHalted()
T1E68 154:837.792 - 0.652ms returns FALSE
T1E68 154:946.144 JLINK_IsHalted()
T1E68 154:946.848 - 0.703ms returns FALSE
T1E68 154:946.880 JLINK_IsHalted()
T1E68 154:947.472 - 0.591ms returns FALSE
T0658 154:994.064 JLINK_IsHalted()
T0658 154:994.704 - 0.646ms returns FALSE
T0658 154:994.720 JLINK_IsHalted()
T0658 154:995.296 - 0.567ms returns FALSE
T1E68 155:055.792 JLINK_IsHalted()
T1E68 155:056.448 - 0.649ms returns FALSE
T1E68 155:056.480 JLINK_IsHalted()
T1E68 155:057.120 - 0.625ms returns FALSE
T1E68 155:164.512 JLINK_IsHalted()
T1E68 155:165.216 - 0.690ms returns FALSE
T1E68 155:165.232 JLINK_IsHalted()
T1E68 155:165.840 - 0.597ms returns FALSE
T1E68 155:274.384 JLINK_IsHalted()
T1E68 155:275.040 - 0.655ms returns FALSE
T1E68 155:275.072 JLINK_IsHalted()
T1E68 155:275.680 - 0.592ms returns FALSE
T1E68 155:383.248 JLINK_IsHalted()
T1E68 155:383.936 - 0.696ms returns FALSE
T1E68 155:383.984 JLINK_IsHalted()
T1E68 155:384.608 - 0.631ms returns FALSE
T1E68 155:494.096 JLINK_IsHalted()
T1E68 155:494.704 - 0.621ms returns FALSE
T1E68 155:494.736 JLINK_IsHalted()
T1E68 155:495.264 - 0.535ms returns FALSE
T1E68 155:602.784 JLINK_IsHalted()
T1E68 155:603.504 - 0.730ms returns FALSE
T1E68 155:603.552 JLINK_IsHalted()
T1E68 155:604.208 - 0.653ms returns FALSE
T1E68 155:712.336 JLINK_IsHalted()
T1E68 155:713.056 - 0.734ms returns FALSE
T1E68 155:713.120 JLINK_IsHalted()
T1E68 155:713.776 - 0.669ms returns FALSE
T1E68 155:821.120 JLINK_IsHalted()
T1E68 155:821.792 - 0.665ms returns FALSE
T1E68 155:821.824 JLINK_IsHalted()
T1E68 155:822.416 - 0.595ms returns FALSE
T1E68 155:930.720 JLINK_IsHalted()
T1E68 155:931.376 - 0.664ms returns FALSE
T1E68 155:931.408 JLINK_IsHalted()
T1E68 155:932.000 - 0.601ms returns FALSE
T0658 155:995.792 JLINK_IsHalted()
T0658 155:996.400 - 0.612ms returns FALSE
T0658 155:996.432 JLINK_IsHalted()
T0658 155:996.992 - 0.559ms returns FALSE
T1E68 156:039.728 JLINK_IsHalted()
T1E68 156:040.400 - 0.665ms returns FALSE
T1E68 156:040.432 JLINK_IsHalted()
T1E68 156:041.040 - 0.599ms returns FALSE
T1E68 156:149.456 JLINK_IsHalted()
T1E68 156:150.160 - 0.696ms returns FALSE
T1E68 156:150.192 JLINK_IsHalted()
T1E68 156:150.832 - 0.633ms returns FALSE
T1E68 156:259.168 JLINK_IsHalted()
T1E68 156:259.824 - 0.661ms returns FALSE
T1E68 156:259.856 JLINK_IsHalted()
T1E68 156:260.400 - 0.544ms returns FALSE
T1E68 156:368.096 JLINK_IsHalted()
T1E68 156:368.800 - 0.692ms returns FALSE
T1E68 156:368.848 JLINK_IsHalted()
T1E68 156:369.472 - 0.634ms returns FALSE
T1E68 156:477.824 JLINK_IsHalted()
T1E68 156:478.528 - 0.708ms returns FALSE
T1E68 156:478.576 JLINK_IsHalted()
T1E68 156:479.200 - 0.627ms returns FALSE
T1E68 156:586.464 JLINK_IsHalted()
T1E68 156:587.152 - 0.672ms returns FALSE
T1E68 156:587.184 JLINK_IsHalted()
T1E68 156:587.792 - 0.598ms returns FALSE
T1E68 156:696.240 JLINK_IsHalted()
T1E68 156:696.928 - 0.674ms returns FALSE
T1E68 156:696.960 JLINK_IsHalted()
T1E68 156:697.600 - 0.635ms returns FALSE
T1E68 156:805.184 JLINK_IsHalted()
T1E68 156:805.904 - 0.717ms returns FALSE
T1E68 156:805.952 JLINK_IsHalted()
T1E68 156:806.560 - 0.621ms returns FALSE
T1E68 156:914.912 JLINK_IsHalted()
T1E68 156:915.616 - 0.687ms returns FALSE
T1E68 156:915.648 JLINK_IsHalted()
T1E68 156:916.304 - 0.646ms returns FALSE
T0658 156:996.912 JLINK_IsHalted()
T0658 156:997.600 - 0.681ms returns FALSE
T0658 156:997.664 JLINK_IsHalted()
T0658 156:998.288 - 0.631ms returns FALSE
T1E68 157:024.528 JLINK_IsHalted()
T1E68 157:025.232 - 0.700ms returns FALSE
T1E68 157:025.264 JLINK_IsHalted()
T1E68 157:025.920 - 0.648ms returns FALSE
T1E68 157:133.280 JLINK_IsHalted()
T1E68 157:133.904 - 0.613ms returns FALSE
T1E68 157:133.920 JLINK_IsHalted()
T1E68 157:134.480 - 0.549ms returns FALSE
T1E68 157:243.104 JLINK_IsHalted()
T1E68 157:243.744 - 0.631ms returns FALSE
T1E68 157:243.776 JLINK_IsHalted()
T1E68 157:244.368 - 0.581ms returns FALSE
T1E68 157:352.880 JLINK_IsHalted()
T1E68 157:353.632 - 0.748ms returns FALSE
T1E68 157:353.680 JLINK_IsHalted()
T1E68 157:354.304 - 0.624ms returns FALSE
T1E68 157:461.664 JLINK_IsHalted()
T1E68 157:462.336 - 0.677ms returns FALSE
T1E68 157:462.368 JLINK_IsHalted()
T1E68 157:462.928 - 0.558ms returns FALSE
T1E68 157:571.472 JLINK_IsHalted()
T1E68 157:572.160 - 0.684ms returns FALSE
T1E68 157:572.192 JLINK_IsHalted()
T1E68 157:572.784 - 0.596ms returns FALSE
T1E68 157:680.224 JLINK_IsHalted()
T1E68 157:680.912 - 0.678ms returns FALSE
T1E68 157:680.960 JLINK_IsHalted()
T1E68 157:681.552 - 0.586ms returns FALSE
T1E68 157:790.016 JLINK_IsHalted()
T1E68 157:790.736 - 0.722ms returns FALSE
T1E68 157:790.784 JLINK_IsHalted()
T1E68 157:791.424 - 0.635ms returns FALSE
T1E68 157:898.912 JLINK_IsHalted()
T1E68 157:899.632 - 0.709ms returns FALSE
T1E68 157:899.664 JLINK_IsHalted()
T1E68 157:900.304 - 0.634ms returns FALSE
T0658 157:997.856 JLINK_IsHalted()
T0658 157:998.480 - 0.633ms returns FALSE
T0658 157:998.496 JLINK_IsHalted()
T0658 157:999.072 - 0.555ms returns FALSE
T1E68 158:008.672 JLINK_IsHalted()
T1E68 158:009.312 - 0.633ms returns FALSE
T1E68 158:009.376 JLINK_IsHalted()
T1E68 158:009.936 - 0.571ms returns FALSE
T1E68 158:118.464 JLINK_IsHalted()
T1E68 158:119.168 - 0.708ms returns FALSE
T1E68 158:119.200 JLINK_IsHalted()
T1E68 158:119.840 - 0.628ms returns FALSE
T1E68 158:227.312 JLINK_IsHalted()
T1E68 158:227.984 - 0.662ms returns FALSE
T1E68 158:228.016 JLINK_IsHalted()
T1E68 158:228.592 - 0.573ms returns FALSE
T1E68 158:336.960 JLINK_IsHalted()
T1E68 158:337.632 - 0.659ms returns FALSE
T1E68 158:337.680 JLINK_IsHalted()
T1E68 158:338.304 - 0.630ms returns FALSE
T1E68 158:445.856 JLINK_IsHalted()
T1E68 158:446.544 - 0.675ms returns FALSE
T1E68 158:446.576 JLINK_IsHalted()
T1E68 158:447.168 - 0.594ms returns FALSE
T1E68 158:555.600 JLINK_IsHalted()
T1E68 158:556.320 - 0.715ms returns FALSE
T1E68 158:556.352 JLINK_IsHalted()
T1E68 158:556.992 - 0.631ms returns FALSE
T1E68 158:665.184 JLINK_IsHalted()
T1E68 158:665.888 - 0.695ms returns FALSE
T1E68 158:665.936 JLINK_IsHalted()
T1E68 158:666.544 - 0.613ms returns FALSE
T1E68 158:773.936 JLINK_IsHalted()
T1E68 158:774.624 - 0.698ms returns FALSE
T1E68 158:774.688 JLINK_IsHalted()
T1E68 158:775.392 - 0.699ms returns FALSE
T1E68 158:883.872 JLINK_IsHalted()
T1E68 158:884.528 - 0.647ms returns FALSE
T1E68 158:884.560 JLINK_IsHalted()
T1E68 158:885.168 - 0.602ms returns FALSE
T1E68 158:993.616 JLINK_IsHalted()
T1E68 158:994.336 - 0.712ms returns FALSE
T1E68 158:994.368 JLINK_IsHalted()
T1E68 158:994.960 - 0.593ms returns FALSE
T0658 158:999.712 JLINK_IsHalted()
T0658 159:000.352 - 0.629ms returns FALSE
T0658 159:000.384 JLINK_IsHalted()
T0658 159:000.992 - 0.615ms returns FALSE
T1E68 159:102.320 JLINK_IsHalted()
T1E68 159:102.976 - 0.649ms returns FALSE
T1E68 159:103.008 JLINK_IsHalted()
T1E68 159:103.552 - 0.547ms returns FALSE
T1E68 159:212.000 JLINK_IsHalted()
T1E68 159:212.720 - 0.714ms returns FALSE
T1E68 159:212.752 JLINK_IsHalted()
T1E68 159:213.296 - 0.548ms returns FALSE
T1E68 159:321.712 JLINK_IsHalted()
T1E68 159:322.400 - 0.685ms returns FALSE
T1E68 159:322.432 JLINK_IsHalted()
T1E68 159:323.040 - 0.595ms returns FALSE
T1E68 159:430.448 JLINK_IsHalted()
T1E68 159:431.136 - 0.693ms returns FALSE
T1E68 159:431.184 JLINK_IsHalted()
T1E68 159:431.856 - 0.680ms returns FALSE
T1E68 159:540.128 JLINK_IsHalted()
T1E68 159:540.832 - 0.696ms returns FALSE
T1E68 159:540.880 JLINK_IsHalted()
T1E68 159:541.520 - 0.639ms returns FALSE
T1E68 159:649.856 JLINK_IsHalted()
T1E68 159:650.528 - 0.671ms returns FALSE
T1E68 159:650.560 JLINK_IsHalted()
T1E68 159:651.152 - 0.594ms returns FALSE
T1E68 159:758.672 JLINK_IsHalted()
T1E68 159:759.296 - 0.630ms returns FALSE
T1E68 159:759.328 JLINK_IsHalted()
T1E68 159:759.904 - 0.578ms returns FALSE
T1E68 159:868.640 JLINK_IsHalted()
T1E68 159:869.360 - 0.727ms returns FALSE
T1E68 159:869.408 JLINK_IsHalted()
T1E68 159:870.048 - 0.644ms returns FALSE
T1E68 159:977.728 JLINK_IsHalted()
T1E68 159:978.336 - 0.607ms returns FALSE
T1E68 159:978.368 JLINK_IsHalted()
T1E68 159:978.944 - 0.576ms returns FALSE
T0658 160:000.864 JLINK_IsHalted()
T0658 160:001.504 - 0.640ms returns FALSE
T0658 160:001.536 JLINK_IsHalted()
T0658 160:002.144 - 0.595ms returns FALSE
T1E68 160:086.496 JLINK_IsHalted()
T1E68 160:087.136 - 0.649ms returns FALSE
T1E68 160:087.184 JLINK_IsHalted()
T1E68 160:087.760 - 0.584ms returns FALSE
T1E68 160:196.320 JLINK_IsHalted()
T1E68 160:196.944 - 0.634ms returns FALSE
T1E68 160:196.976 JLINK_IsHalted()
T1E68 160:197.552 - 0.582ms returns FALSE
T1E68 160:306.016 JLINK_IsHalted()
T1E68 160:306.784 - 0.787ms returns FALSE
T1E68 160:306.848 JLINK_IsHalted()
T1E68 160:307.472 - 0.633ms returns FALSE
T1E68 160:414.704 JLINK_IsHalted()
T1E68 160:415.392 - 0.683ms returns FALSE
T1E68 160:415.440 JLINK_IsHalted()
T1E68 160:416.032 - 0.608ms returns FALSE
T1E68 160:524.624 JLINK_IsHalted()
T1E68 160:525.328 - 0.700ms returns FALSE
T1E68 160:525.376 JLINK_IsHalted()
T1E68 160:525.984 - 0.613ms returns FALSE
T1E68 160:633.328 JLINK_IsHalted()
T1E68 160:634.016 - 0.696ms returns FALSE
T1E68 160:634.064 JLINK_IsHalted()
T1E68 160:634.704 - 0.639ms returns FALSE
T1E68 160:742.976 JLINK_IsHalted()
T1E68 160:743.584 - 0.605ms returns FALSE
T1E68 160:743.600 JLINK_IsHalted()
T1E68 160:744.160 - 0.556ms returns FALSE
T1E68 160:852.640 JLINK_IsHalted()
T1E68 160:853.344 - 0.717ms returns FALSE
T1E68 160:853.392 JLINK_IsHalted()
T1E68 160:854.032 - 0.628ms returns FALSE
T1E68 160:962.208 JLINK_IsHalted()
T1E68 160:962.848 - 0.650ms returns FALSE
T1E68 160:962.880 JLINK_IsHalted()
T1E68 160:963.456 - 0.575ms returns FALSE
T0658 161:002.224 JLINK_IsHalted()
T0658 161:002.912 - 0.679ms returns FALSE
T0658 161:002.944 JLINK_IsHalted()
T0658 161:003.504 - 0.557ms returns FALSE
T1E68 161:070.912 JLINK_IsHalted()
T1E68 161:071.600 - 0.691ms returns FALSE
T1E68 161:071.648 JLINK_IsHalted()
T1E68 161:072.288 - 0.650ms returns FALSE
T1E68 161:181.136 JLINK_IsHalted()
T1E68 161:181.840 - 0.708ms returns FALSE
T1E68 161:181.888 JLINK_IsHalted()
T1E68 161:182.528 - 0.640ms returns FALSE
T1E68 161:290.368 JLINK_IsHalted()
T1E68 161:291.056 - 0.682ms returns FALSE
T1E68 161:291.088 JLINK_IsHalted()
T1E68 161:291.776 - 0.685ms returns FALSE
T1E68 161:399.008 JLINK_IsHalted()
T1E68 161:399.584 - 0.589ms returns FALSE
T1E68 161:399.616 JLINK_IsHalted()
T1E68 161:400.272 - 0.655ms returns FALSE
T1E68 161:508.848 JLINK_IsHalted()
T1E68 161:509.536 - 0.699ms returns FALSE
T1E68 161:509.584 JLINK_IsHalted()
T1E68 161:510.176 - 0.597ms returns FALSE
T1E68 161:618.528 JLINK_IsHalted()
T1E68 161:619.232 - 0.691ms returns FALSE
T1E68 161:619.264 JLINK_IsHalted()
T1E68 161:619.888 - 0.630ms returns FALSE
T1E68 161:727.968 JLINK_IsHalted()
T1E68 161:728.608 - 0.634ms returns FALSE
T1E68 161:728.624 JLINK_IsHalted()
T1E68 161:729.184 - 0.553ms returns FALSE
T1E68 161:836.896 JLINK_IsHalted()
T1E68 161:837.584 - 0.681ms returns FALSE
T1E68 161:837.632 JLINK_IsHalted()
T1E68 161:838.304 - 0.685ms returns FALSE
T1E68 161:945.760 JLINK_IsHalted()
T1E68 161:946.480 - 0.707ms returns FALSE
T1E68 161:946.528 JLINK_IsHalted()
T1E68 161:947.104 - 0.592ms returns FALSE
T0658 162:003.776 JLINK_IsHalted()
T0658 162:004.448 - 0.672ms returns FALSE
T0658 162:004.496 JLINK_IsHalted()
T0658 162:005.040 - 0.560ms returns FALSE
T1E68 162:055.584 JLINK_IsHalted()
T1E68 162:056.288 - 0.707ms returns FALSE
T1E68 162:056.336 JLINK_IsHalted()
T1E68 162:056.928 - 0.584ms returns FALSE
T1E68 162:164.496 JLINK_IsHalted()
T1E68 162:165.216 - 0.719ms returns FALSE
T1E68 162:165.248 JLINK_IsHalted()
T1E68 162:165.856 - 0.606ms returns FALSE
T1E68 162:274.224 JLINK_IsHalted()
T1E68 162:274.928 - 0.697ms returns FALSE
T1E68 162:274.976 JLINK_IsHalted()
T1E68 162:275.552 - 0.589ms returns FALSE
T1E68 162:383.920 JLINK_IsHalted()
T1E68 162:384.624 - 0.697ms returns FALSE
T1E68 162:384.672 JLINK_IsHalted()
T1E68 162:385.296 - 0.624ms returns FALSE
T1E68 162:492.816 JLINK_IsHalted()
T1E68 162:493.456 - 0.647ms returns FALSE
T1E68 162:493.488 JLINK_IsHalted()
T1E68 162:494.080 - 0.589ms returns FALSE
T1E68 162:602.912 JLINK_IsHalted()
T1E68 162:603.616 - 0.698ms returns FALSE
T1E68 162:603.648 JLINK_IsHalted()
T1E68 162:604.288 - 0.634ms returns FALSE
T1E68 162:712.192 JLINK_IsHalted()
T1E68 162:712.800 - 0.622ms returns FALSE
T1E68 162:712.832 JLINK_IsHalted()
T1E68 162:713.376 - 0.534ms returns FALSE
T1E68 162:821.328 JLINK_IsHalted()
T1E68 162:822.032 - 0.701ms returns FALSE
T1E68 162:822.064 JLINK_IsHalted()
T1E68 162:822.720 - 0.648ms returns FALSE
T1E68 162:931.056 JLINK_IsHalted()
T1E68 162:931.744 - 0.684ms returns FALSE
T1E68 162:931.792 JLINK_IsHalted()
T1E68 162:932.384 - 0.594ms returns FALSE
T0658 163:005.120 JLINK_IsHalted()
T0658 163:005.760 - 0.639ms returns FALSE
T0658 163:005.872 JLINK_IsHalted()
T0658 163:006.448 - 0.575ms returns FALSE
T1E68 163:039.888 JLINK_IsHalted()
T1E68 163:040.576 - 0.690ms returns FALSE
T1E68 163:040.608 JLINK_IsHalted()
T1E68 163:041.296 - 0.681ms returns FALSE
T1E68 163:149.824 JLINK_IsHalted()
T1E68 163:150.528 - 0.695ms returns FALSE
T1E68 163:150.560 JLINK_IsHalted()
T1E68 163:151.200 - 0.628ms returns FALSE
T1E68 163:258.944 JLINK_IsHalted()
T1E68 163:259.568 - 0.628ms returns FALSE
T1E68 163:259.600 JLINK_IsHalted()
T1E68 163:260.144 - 0.542ms returns FALSE
T1E68 163:368.064 JLINK_IsHalted()
T1E68 163:368.752 - 0.701ms returns FALSE
T1E68 163:368.800 JLINK_IsHalted()
T1E68 163:369.440 - 0.639ms returns FALSE
T1E68 163:477.840 JLINK_IsHalted()
T1E68 163:478.512 - 0.671ms returns FALSE
T1E68 163:478.544 JLINK_IsHalted()
T1E68 163:479.152 - 0.604ms returns FALSE
T1E68 163:586.784 JLINK_IsHalted()
T1E68 163:587.488 - 0.707ms returns FALSE
T1E68 163:587.536 JLINK_IsHalted()
T1E68 163:588.144 - 0.616ms returns FALSE
T1E68 163:696.480 JLINK_IsHalted()
T1E68 163:697.136 - 0.675ms returns FALSE
T1E68 163:697.168 JLINK_IsHalted()
T1E68 163:697.760 - 0.576ms returns FALSE
T1E68 163:805.216 JLINK_IsHalted()
T1E68 163:805.936 - 0.705ms returns FALSE
T1E68 163:805.984 JLINK_IsHalted()
T1E68 163:806.608 - 0.623ms returns FALSE
T1E68 163:915.104 JLINK_IsHalted()
T1E68 163:915.808 - 0.704ms returns FALSE
T1E68 163:915.856 JLINK_IsHalted()
T1E68 163:916.480 - 0.614ms returns FALSE
T0658 164:007.040 JLINK_IsHalted()
T0658 164:007.696 - 0.664ms returns FALSE
T0658 164:007.744 JLINK_IsHalted()
T0658 164:008.336 - 0.586ms returns FALSE
T1E68 164:023.936 JLINK_IsHalted()
T1E68 164:024.576 - 0.636ms returns FALSE
T1E68 164:024.592 JLINK_IsHalted()
T1E68 164:025.136 - 0.550ms returns FALSE
T1E68 164:133.664 JLINK_IsHalted()
T1E68 164:134.272 - 0.604ms returns FALSE
T1E68 164:134.304 JLINK_IsHalted()
T1E68 164:134.832 - 0.538ms returns FALSE
T1E68 164:243.424 JLINK_IsHalted()
T1E68 164:244.096 - 0.668ms returns FALSE
T1E68 164:244.128 JLINK_IsHalted()
T1E68 164:244.704 - 0.587ms returns FALSE
T1E68 164:352.288 JLINK_IsHalted()
T1E68 164:353.008 - 0.727ms returns FALSE
T1E68 164:353.056 JLINK_IsHalted()
T1E68 164:353.728 - 0.671ms returns FALSE
T1E68 164:461.984 JLINK_IsHalted()
T1E68 164:462.624 - 0.635ms returns FALSE
T1E68 164:462.640 JLINK_IsHalted()
T1E68 164:463.280 - 0.637ms returns FALSE
T1E68 164:570.928 JLINK_IsHalted()
T1E68 164:571.584 - 0.664ms returns FALSE
T1E68 164:571.616 JLINK_IsHalted()
T1E68 164:572.192 - 0.562ms returns FALSE
T1E68 164:680.656 JLINK_IsHalted()
T1E68 164:681.296 - 0.646ms returns FALSE
T1E68 164:681.328 JLINK_IsHalted()
T1E68 164:681.936 - 0.604ms returns FALSE
T1E68 164:789.536 JLINK_IsHalted()
T1E68 164:790.304 - 0.769ms returns FALSE
T1E68 164:790.336 JLINK_IsHalted()
T1E68 164:790.944 - 0.604ms returns FALSE
T1E68 164:899.248 JLINK_IsHalted()
T1E68 164:899.872 - 0.624ms returns FALSE
T1E68 164:899.904 JLINK_IsHalted()
T1E68 164:900.448 - 0.539ms returns FALSE
T0658 165:008.368 JLINK_IsHalted()
T0658 165:008.992 - 0.625ms returns FALSE
T0658 165:009.040 JLINK_IsHalted()
T0658 165:009.600 - 0.566ms returns FALSE
T1E68 165:009.664 JLINK_IsHalted()
T1E68 165:010.272 - 0.616ms returns FALSE
T1E68 165:010.304 JLINK_IsHalted()
T1E68 165:010.880 - 0.567ms returns FALSE
T1E68 165:118.352 JLINK_IsHalted()
T1E68 165:119.024 - 0.673ms returns FALSE
T1E68 165:119.072 JLINK_IsHalted()
T1E68 165:119.728 - 0.662ms returns FALSE
T1E68 165:228.000 JLINK_IsHalted()
T1E68 165:252.400 - 24.390ms returns FALSE
T1E68 165:252.448 JLINK_IsHalted()
T1E68 165:253.040 - 0.607ms returns FALSE
T1E68 165:352.736 JLINK_IsHalted()
T1E68 165:353.440 - 0.699ms returns FALSE
T1E68 165:353.472 JLINK_IsHalted()
T1E68 165:354.112 - 0.635ms returns FALSE
T1E68 165:461.584 JLINK_IsHalted()
T1E68 165:462.304 - 0.717ms returns FALSE
T1E68 165:462.336 JLINK_IsHalted()
T1E68 165:462.992 - 0.651ms returns FALSE
T1E68 165:571.232 JLINK_IsHalted()
T1E68 165:571.872 - 0.628ms returns FALSE
T1E68 165:571.888 JLINK_IsHalted()
T1E68 165:572.448 - 0.553ms returns FALSE
T1E68 165:681.008 JLINK_IsHalted()
T1E68 165:681.648 - 0.640ms returns FALSE
T1E68 165:681.696 JLINK_IsHalted()
T1E68 165:682.288 - 0.604ms returns FALSE
T1E68 165:789.776 JLINK_IsHalted()
T1E68 165:790.480 - 0.701ms returns FALSE
T1E68 165:790.512 JLINK_IsHalted()
T1E68 165:791.120 - 0.595ms returns FALSE
T1E68 165:899.616 JLINK_IsHalted()
T1E68 165:900.352 - 0.751ms returns FALSE
T1E68 165:900.384 JLINK_IsHalted()
T1E68 165:900.992 - 0.602ms returns FALSE
T1E68 166:008.336 JLINK_IsHalted()
T1E68 166:009.072 - 0.738ms returns FALSE
T1E68 166:009.120 JLINK_IsHalted()
T1E68 166:009.760 - 0.629ms returns FALSE
T0658 166:009.840 JLINK_IsHalted()
T0658 166:010.448 - 0.592ms returns FALSE
T0658 166:010.464 JLINK_IsHalted()
T0658 166:011.072 - 0.600ms returns FALSE
T1E68 166:118.272 JLINK_IsHalted()
T1E68 166:118.992 - 0.715ms returns FALSE
T1E68 166:119.024 JLINK_IsHalted()
T1E68 166:119.712 - 0.691ms returns FALSE
T1E68 166:227.968 JLINK_IsHalted()
T1E68 166:228.656 - 0.687ms returns FALSE
T1E68 166:228.704 JLINK_IsHalted()
T1E68 166:229.328 - 0.623ms returns FALSE
T1E68 166:336.672 JLINK_IsHalted()
T1E68 166:337.360 - 0.695ms returns FALSE
T1E68 166:337.408 JLINK_IsHalted()
T1E68 166:338.032 - 0.626ms returns FALSE
T1E68 166:446.352 JLINK_IsHalted()
T1E68 166:447.024 - 0.682ms returns FALSE
T1E68 166:447.072 JLINK_IsHalted()
T1E68 166:447.712 - 0.644ms returns FALSE
T1E68 166:555.392 JLINK_IsHalted()
T1E68 166:556.000 - 0.609ms returns FALSE
T1E68 166:556.016 JLINK_IsHalted()
T1E68 166:556.560 - 0.541ms returns FALSE
T1E68 166:665.056 JLINK_IsHalted()
T1E68 166:665.744 - 0.682ms returns FALSE
T1E68 166:665.776 JLINK_IsHalted()
T1E68 166:666.400 - 0.608ms returns FALSE
T1E68 166:774.688 JLINK_IsHalted()
T1E68 166:775.344 - 0.660ms returns FALSE
T1E68 166:775.392 JLINK_IsHalted()
T1E68 166:776.032 - 0.637ms returns FALSE
T1E68 166:883.488 JLINK_IsHalted()
T1E68 166:884.304 - 0.799ms returns FALSE
T1E68 166:884.320 JLINK_IsHalted()
T1E68 166:884.944 - 0.606ms returns FALSE
T1E68 166:993.312 JLINK_IsHalted()
T1E68 166:993.968 - 0.652ms returns FALSE
T1E68 166:994.016 JLINK_IsHalted()
T1E68 166:994.592 - 0.582ms returns FALSE
T0658 167:012.448 JLINK_IsHalted()
T0658 167:013.008 - 0.571ms returns FALSE
T0658 167:013.024 JLINK_IsHalted()
T0658 167:013.568 - 0.533ms returns FALSE
T1E68 167:102.096 JLINK_IsHalted()
T1E68 167:102.736 - 0.629ms returns FALSE
T1E68 167:102.752 JLINK_IsHalted()
T1E68 167:103.344 - 0.583ms returns FALSE
T1E68 167:211.824 JLINK_IsHalted()
T1E68 167:212.512 - 0.678ms returns FALSE
T1E68 167:212.544 JLINK_IsHalted()
T1E68 167:213.136 - 0.595ms returns FALSE
T1E68 167:321.632 JLINK_IsHalted()
T1E68 167:322.304 - 0.666ms returns FALSE
T1E68 167:322.336 JLINK_IsHalted()
T1E68 167:322.960 - 0.610ms returns FALSE
T1E68 167:430.352 JLINK_IsHalted()
T1E68 167:431.008 - 0.668ms returns FALSE
T1E68 167:431.056 JLINK_IsHalted()
T1E68 167:431.712 - 0.657ms returns FALSE
T1E68 167:540.176 JLINK_IsHalted()
T1E68 167:540.944 - 0.769ms returns FALSE
T1E68 167:540.992 JLINK_IsHalted()
T1E68 167:541.600 - 0.622ms returns FALSE
T1E68 167:649.440 JLINK_IsHalted()
T1E68 167:650.096 - 0.655ms returns FALSE
T1E68 167:650.128 JLINK_IsHalted()
T1E68 167:650.768 - 0.628ms returns FALSE
T1E68 167:758.496 JLINK_IsHalted()
T1E68 167:759.264 - 0.778ms returns FALSE
T1E68 167:759.312 JLINK_IsHalted()
T1E68 167:759.936 - 0.628ms returns FALSE
T1E68 167:868.400 JLINK_IsHalted()
T1E68 167:869.072 - 0.664ms returns FALSE
T1E68 167:869.120 JLINK_IsHalted()
T1E68 167:869.744 - 0.627ms returns FALSE
T1E68 167:977.536 JLINK_IsHalted()
T1E68 167:990.816 - 13.273ms returns FALSE
T1E68 167:990.848 JLINK_IsHalted()
T1E68 167:991.408 - 0.560ms returns FALSE
T0658 168:013.568 JLINK_IsHalted()
T0658 168:014.176 - 0.603ms returns FALSE
T0658 168:014.208 JLINK_IsHalted()
T0658 168:014.768 - 0.565ms returns FALSE
T1E68 168:087.328 JLINK_IsHalted()
T1E68 168:087.984 - 0.664ms returns FALSE
T1E68 168:088.016 JLINK_IsHalted()
T1E68 168:088.592 - 0.576ms returns FALSE
T1E68 168:196.240 JLINK_IsHalted()
T1E68 168:196.864 - 0.630ms returns FALSE
T1E68 168:196.896 JLINK_IsHalted()
T1E68 168:197.440 - 0.546ms returns FALSE
T1E68 168:306.032 JLINK_IsHalted()
T1E68 168:306.720 - 0.690ms returns FALSE
T1E68 168:306.784 JLINK_IsHalted()
T1E68 168:307.424 - 0.640ms returns FALSE
T1E68 168:414.880 JLINK_IsHalted()
T1E68 168:415.536 - 0.658ms returns FALSE
T1E68 168:415.584 JLINK_IsHalted()
T1E68 168:416.176 - 0.601ms returns FALSE
T1E68 168:524.672 JLINK_IsHalted()
T1E68 168:525.392 - 0.711ms returns FALSE
T1E68 168:525.440 JLINK_IsHalted()
T1E68 168:525.984 - 0.559ms returns FALSE
T1E68 168:633.392 JLINK_IsHalted()
T1E68 168:634.080 - 0.671ms returns FALSE
T1E68 168:634.096 JLINK_IsHalted()
T1E68 168:634.720 - 0.606ms returns FALSE
T1E68 168:743.072 JLINK_IsHalted()
T1E68 168:743.712 - 0.631ms returns FALSE
T1E68 168:743.744 JLINK_IsHalted()
T1E68 168:744.304 - 0.566ms returns FALSE
T1E68 168:852.880 JLINK_IsHalted()
T1E68 168:853.584 - 0.697ms returns FALSE
T1E68 168:853.616 JLINK_IsHalted()
T1E68 168:854.288 - 0.657ms returns FALSE
T1E68 168:961.712 JLINK_IsHalted()
T1E68 168:962.416 - 0.701ms returns FALSE
T1E68 168:962.464 JLINK_IsHalted()
T1E68 168:963.056 - 0.602ms returns FALSE
T0658 169:014.880 JLINK_IsHalted()
T0658 169:015.584 - 0.693ms returns FALSE
T0658 169:015.648 JLINK_IsHalted()
T0658 169:016.288 - 0.649ms returns FALSE
T1E68 169:071.584 JLINK_IsHalted()
T1E68 169:072.288 - 0.712ms returns FALSE
T1E68 169:072.320 JLINK_IsHalted()
T1E68 169:072.880 - 0.571ms returns FALSE
T1E68 169:180.320 JLINK_IsHalted()
T1E68 169:180.928 - 0.609ms returns FALSE
T1E68 169:180.960 JLINK_IsHalted()
T1E68 169:181.520 - 0.563ms returns FALSE
T1E68 169:289.632 JLINK_IsHalted()
T1E68 169:342.096 - 52.448ms returns FALSE
T1E68 169:342.160 JLINK_IsHalted()
T1E68 169:342.800 - 0.636ms returns FALSE
T1E68 169:446.368 JLINK_IsHalted()
T1E68 169:446.960 - 0.600ms returns FALSE
T1E68 169:447.008 JLINK_IsHalted()
T1E68 169:447.536 - 0.531ms returns FALSE
T1E68 169:555.744 JLINK_IsHalted()
T1E68 169:556.384 - 0.638ms returns FALSE
T1E68 169:556.416 JLINK_IsHalted()
T1E68 169:556.976 - 0.561ms returns FALSE
T1E68 169:665.424 JLINK_IsHalted()
T1E68 169:666.144 - 0.726ms returns FALSE
T1E68 169:666.208 JLINK_IsHalted()
T1E68 169:666.816 - 0.620ms returns FALSE
T1E68 169:774.176 JLINK_IsHalted()
T1E68 169:774.816 - 0.634ms returns FALSE
T1E68 169:774.848 JLINK_IsHalted()
T1E68 169:775.392 - 0.544ms returns FALSE
T1E68 169:883.920 JLINK_IsHalted()
T1E68 169:884.608 - 0.690ms returns FALSE
T1E68 169:884.640 JLINK_IsHalted()
T1E68 169:885.296 - 0.645ms returns FALSE
T1E68 169:993.696 JLINK_IsHalted()
T1E68 169:994.336 - 0.640ms returns FALSE
T1E68 169:994.368 JLINK_IsHalted()
T1E68 169:994.944 - 0.572ms returns FALSE
T0658 170:016.784 JLINK_IsHalted()
T0658 170:017.408 - 0.630ms returns FALSE
T0658 170:017.440 JLINK_IsHalted()
T0658 170:018.016 - 0.580ms returns FALSE
T1E68 170:102.304 JLINK_IsHalted()
T1E68 170:102.976 - 0.661ms returns FALSE
T1E68 170:103.008 JLINK_IsHalted()
T1E68 170:103.616 - 0.605ms returns FALSE
T1E68 170:212.128 JLINK_IsHalted()
T1E68 170:212.784 - 0.651ms returns FALSE
T1E68 170:212.832 JLINK_IsHalted()
T1E68 170:213.408 - 0.593ms returns FALSE
T1E68 170:320.992 JLINK_IsHalted()
T1E68 170:321.712 - 0.730ms returns FALSE
T1E68 170:321.760 JLINK_IsHalted()
T1E68 170:322.400 - 0.627ms returns FALSE
T1E68 170:430.720 JLINK_IsHalted()
T1E68 170:431.376 - 0.650ms returns FALSE
T1E68 170:431.408 JLINK_IsHalted()
T1E68 170:432.016 - 0.601ms returns FALSE
T1E68 170:539.520 JLINK_IsHalted()
T1E68 170:540.304 - 0.779ms returns FALSE
T1E68 170:540.336 JLINK_IsHalted()
T1E68 170:540.944 - 0.600ms returns FALSE
T1E68 170:649.472 JLINK_IsHalted()
T1E68 170:650.160 - 0.690ms returns FALSE
T1E68 170:650.208 JLINK_IsHalted()
T1E68 170:650.800 - 0.609ms returns FALSE
T1E68 170:758.624 JLINK_IsHalted()
T1E68 170:759.328 - 0.708ms returns FALSE
T1E68 170:759.360 JLINK_IsHalted()
T1E68 170:759.904 - 0.539ms returns FALSE
T1E68 170:868.016 JLINK_IsHalted()
T1E68 170:868.720 - 0.692ms returns FALSE
T1E68 170:868.752 JLINK_IsHalted()
T1E68 170:869.344 - 0.581ms returns FALSE
T1E68 170:977.712 JLINK_IsHalted()
T1E68 170:978.352 - 0.640ms returns FALSE
T1E68 170:978.400 JLINK_IsHalted()
T1E68 170:978.976 - 0.580ms returns FALSE
T0658 171:017.952 JLINK_IsHalted()
T0658 171:018.656 - 0.703ms returns FALSE
T0658 171:018.704 JLINK_IsHalted()
T0658 171:019.360 - 0.652ms returns FALSE
T1E68 171:086.496 JLINK_IsHalted()
T1E68 171:087.136 - 0.620ms returns FALSE
T1E68 171:087.136 JLINK_IsHalted()
T1E68 171:087.680 - 0.531ms returns FALSE
T1E68 171:196.480 JLINK_IsHalted()
T1E68 171:197.184 - 0.698ms returns FALSE
T1E68 171:197.216 JLINK_IsHalted()
T1E68 171:197.792 - 0.579ms returns FALSE
T1E68 171:305.264 JLINK_IsHalted()
T1E68 171:305.920 - 0.653ms returns FALSE
T1E68 171:305.968 JLINK_IsHalted()
T1E68 171:306.528 - 0.558ms returns FALSE
T1E68 171:414.880 JLINK_IsHalted()
T1E68 171:415.456 - 0.577ms returns FALSE
T1E68 171:415.488 JLINK_IsHalted()
T1E68 171:416.016 - 0.532ms returns FALSE
T1E68 171:524.736 JLINK_IsHalted()
T1E68 171:525.424 - 0.693ms returns FALSE
T1E68 171:525.488 JLINK_IsHalted()
T1E68 171:526.112 - 0.613ms returns FALSE
T1E68 171:633.264 JLINK_IsHalted()
T1E68 171:633.856 - 0.586ms returns FALSE
T1E68 171:633.872 JLINK_IsHalted()
T1E68 171:634.448 - 0.576ms returns FALSE
T1E68 171:743.088 JLINK_IsHalted()
T1E68 171:743.776 - 0.677ms returns FALSE
T1E68 171:743.808 JLINK_IsHalted()
T1E68 171:744.448 - 0.628ms returns FALSE
T1E68 171:852.640 JLINK_IsHalted()
T1E68 171:853.328 - 0.668ms returns FALSE
T1E68 171:853.360 JLINK_IsHalted()
T1E68 171:853.984 - 0.628ms returns FALSE
T1E68 171:961.440 JLINK_IsHalted()
T1E68 171:962.080 - 0.635ms returns FALSE
T1E68 171:962.096 JLINK_IsHalted()
T1E68 171:962.672 - 0.574ms returns FALSE
T0658 172:021.088 JLINK_IsHalted()
T0658 172:021.712 - 0.617ms returns FALSE
T0658 172:021.728 JLINK_IsHalted()
T0658 172:022.256 - 0.534ms returns FALSE
T1E68 172:070.832 JLINK_IsHalted()
T1E68 172:071.456 - 0.619ms returns FALSE
T1E68 172:071.472 JLINK_IsHalted()
T1E68 172:072.032 - 0.550ms returns FALSE
T1E68 172:181.072 JLINK_IsHalted()
T1E68 172:181.760 - 0.688ms returns FALSE
T1E68 172:181.792 JLINK_IsHalted()
T1E68 172:182.464 - 0.661ms returns FALSE
T1E68 172:289.760 JLINK_IsHalted()
T1E68 172:290.400 - 0.640ms returns FALSE
T1E68 172:290.432 JLINK_IsHalted()
T1E68 172:291.024 - 0.594ms returns FALSE
T1E68 172:399.776 JLINK_IsHalted()
T1E68 172:400.448 - 0.681ms returns FALSE
T1E68 172:400.496 JLINK_IsHalted()
T1E68 172:401.104 - 0.609ms returns FALSE
T1E68 172:508.496 JLINK_IsHalted()
T1E68 172:509.152 - 0.668ms returns FALSE
T1E68 172:509.200 JLINK_IsHalted()
T1E68 172:509.760 - 0.561ms returns FALSE
T1E68 172:618.192 JLINK_IsHalted()
T1E68 172:618.816 - 0.629ms returns FALSE
T1E68 172:618.848 JLINK_IsHalted()
T1E68 172:619.392 - 0.547ms returns FALSE
T1E68 172:727.072 JLINK_IsHalted()
T1E68 172:727.776 - 0.691ms returns FALSE
T1E68 172:727.824 JLINK_IsHalted()
T1E68 172:728.416 - 0.590ms returns FALSE
T1E68 172:836.992 JLINK_IsHalted()
T1E68 172:837.712 - 0.714ms returns FALSE
T1E68 172:837.728 JLINK_IsHalted()
T1E68 172:838.320 - 0.590ms returns FALSE
T1E68 172:946.688 JLINK_IsHalted()
T1E68 172:947.296 - 0.622ms returns FALSE
T1E68 172:947.344 JLINK_IsHalted()
T1E68 172:947.920 - 0.574ms returns FALSE
T0658 173:022.752 JLINK_IsHalted()
T0658 173:023.392 - 0.645ms returns FALSE
T0658 173:023.424 JLINK_IsHalted()
T0658 173:024.032 - 0.610ms returns FALSE
T1E68 173:055.520 JLINK_IsHalted()
T1E68 173:056.224 - 0.712ms returns FALSE
T1E68 173:056.288 JLINK_IsHalted()
T1E68 173:056.896 - 0.619ms returns FALSE
T1E68 173:165.152 JLINK_IsHalted()
T1E68 173:165.760 - 0.600ms returns FALSE
T1E68 173:165.792 JLINK_IsHalted()
T1E68 173:166.336 - 0.554ms returns FALSE
T1E68 173:273.872 JLINK_IsHalted()
T1E68 173:274.432 - 0.568ms returns FALSE
T1E68 173:274.464 JLINK_IsHalted()
T1E68 173:274.992 - 0.525ms returns FALSE
T1E68 173:383.584 JLINK_IsHalted()
T1E68 173:441.440 - 57.861ms returns FALSE
T1E68 173:441.504 JLINK_IsHalted()
T1E68 173:442.208 - 0.704ms returns FALSE
T1E68 173:539.712 JLINK_IsHalted()
T1E68 173:540.320 - 0.612ms returns FALSE
T1E68 173:540.368 JLINK_IsHalted()
T1E68 173:540.944 - 0.572ms returns FALSE
T1E68 173:649.232 JLINK_IsHalted()
T1E68 173:649.824 - 0.590ms returns FALSE
T1E68 173:649.840 JLINK_IsHalted()
T1E68 173:650.384 - 0.533ms returns FALSE
T1E68 173:758.976 JLINK_IsHalted()
T1E68 173:759.696 - 0.712ms returns FALSE
T1E68 173:759.744 JLINK_IsHalted()
T1E68 173:760.320 - 0.569ms returns FALSE
T1E68 173:867.648 JLINK_IsHalted()
T1E68 173:868.240 - 0.592ms returns FALSE
T1E68 173:868.288 JLINK_IsHalted()
T1E68 173:868.832 - 0.548ms returns FALSE
T1E68 173:977.392 JLINK_IsHalted()
T1E68 173:978.064 - 0.667ms returns FALSE
T1E68 173:978.112 JLINK_IsHalted()
T1E68 173:978.672 - 0.559ms returns FALSE
T0658 174:025.408 JLINK_IsHalted()
T0658 174:026.064 - 0.647ms returns FALSE
T0658 174:026.096 JLINK_IsHalted()
T0658 174:026.688 - 0.587ms returns FALSE
T1E68 174:087.040 JLINK_IsHalted()
T1E68 174:087.664 - 0.623ms returns FALSE
T1E68 174:087.696 JLINK_IsHalted()
T1E68 174:088.224 - 0.537ms returns FALSE
T1E68 174:195.840 JLINK_IsHalted()
T1E68 174:196.528 - 0.684ms returns FALSE
T1E68 174:196.576 JLINK_IsHalted()
T1E68 174:197.152 - 0.576ms returns FALSE
T1E68 174:305.696 JLINK_IsHalted()
T1E68 174:306.384 - 0.676ms returns FALSE
T1E68 174:306.432 JLINK_IsHalted()
T1E68 174:307.088 - 0.645ms returns FALSE
T1E68 174:415.504 JLINK_IsHalted()
T1E68 174:416.192 - 0.690ms returns FALSE
T1E68 174:416.224 JLINK_IsHalted()
T1E68 174:416.768 - 0.554ms returns FALSE
T1E68 174:524.304 JLINK_IsHalted()
T1E68 174:524.928 - 0.622ms returns FALSE
T1E68 174:524.960 JLINK_IsHalted()
T1E68 174:525.488 - 0.532ms returns FALSE
T1E68 174:634.048 JLINK_IsHalted()
T1E68 174:634.752 - 0.696ms returns FALSE
T1E68 174:634.784 JLINK_IsHalted()
T1E68 174:635.424 - 0.630ms returns FALSE
T1E68 174:742.752 JLINK_IsHalted()
T1E68 174:801.120 - 58.354ms returns FALSE
T1E68 174:801.168 JLINK_IsHalted()
T1E68 174:801.792 - 0.628ms returns FALSE
T1E68 174:899.248 JLINK_IsHalted()
T1E68 174:899.920 - 0.663ms returns FALSE
T1E68 174:899.936 JLINK_IsHalted()
T1E68 174:900.528 - 0.590ms returns FALSE
T1E68 175:008.464 JLINK_IsHalted()
T1E68 175:009.296 - 0.828ms returns FALSE
T1E68 175:009.328 JLINK_IsHalted()
T1E68 175:009.952 - 0.602ms returns FALSE
T0658 175:026.640 JLINK_IsHalted()
T0658 175:027.328 - 0.696ms returns FALSE
T0658 175:027.360 JLINK_IsHalted()
T0658 175:028.000 - 0.640ms returns FALSE
T1E68 175:118.240 JLINK_IsHalted()
T1E68 175:118.848 - 0.593ms returns FALSE
T1E68 175:118.880 JLINK_IsHalted()
T1E68 175:119.424 - 0.538ms returns FALSE
T1E68 175:227.936 JLINK_IsHalted()
T1E68 175:228.560 - 0.621ms returns FALSE
T1E68 175:228.592 JLINK_IsHalted()
T1E68 175:229.280 - 0.669ms returns FALSE
T1E68 175:336.736 JLINK_IsHalted()
T1E68 175:337.472 - 0.723ms returns FALSE
T1E68 175:337.520 JLINK_IsHalted()
T1E68 175:338.128 - 0.608ms returns FALSE
T1E68 175:446.432 JLINK_IsHalted()
T1E68 175:447.072 - 0.633ms returns FALSE
T1E68 175:447.104 JLINK_IsHalted()
T1E68 175:447.712 - 0.607ms returns FALSE
T1E68 175:555.184 JLINK_IsHalted()
T1E68 175:555.872 - 0.671ms returns FALSE
T1E68 175:555.888 JLINK_IsHalted()
T1E68 175:556.464 - 0.574ms returns FALSE
T1E68 175:664.912 JLINK_IsHalted()
T1E68 175:665.568 - 0.642ms returns FALSE
T1E68 175:665.600 JLINK_IsHalted()
T1E68 175:666.256 - 0.642ms returns FALSE
T1E68 175:774.560 JLINK_IsHalted()
T1E68 175:775.248 - 0.675ms returns FALSE
T1E68 175:775.280 JLINK_IsHalted()
T1E68 175:776.032 - 0.752ms returns FALSE
T1E68 175:883.328 JLINK_IsHalted()
T1E68 175:884.016 - 0.693ms returns FALSE
T1E68 175:884.064 JLINK_IsHalted()
T1E68 175:884.704 - 0.644ms returns FALSE
T1E68 175:992.992 JLINK_IsHalted()
T1E68 175:993.680 - 0.692ms returns FALSE
T1E68 175:993.728 JLINK_IsHalted()
T1E68 175:994.320 - 0.596ms returns FALSE
T0658 176:028.000 JLINK_IsHalted()
T0658 176:028.656 - 0.649ms returns FALSE
T0658 176:028.704 JLINK_IsHalted()
T0658 176:029.232 - 0.527ms returns FALSE
T1E68 176:102.288 JLINK_IsHalted()
T1E68 176:102.880 - 0.596ms returns FALSE
T1E68 176:102.912 JLINK_IsHalted()
T1E68 176:103.472 - 0.556ms returns FALSE
T1E68 176:211.888 JLINK_IsHalted()
T1E68 176:212.480 - 0.600ms returns FALSE
T1E68 176:212.512 JLINK_IsHalted()
T1E68 176:213.040 - 0.533ms returns FALSE
T1E68 176:320.880 JLINK_IsHalted()
T1E68 176:321.504 - 0.613ms returns FALSE
T1E68 176:321.520 JLINK_IsHalted()
T1E68 176:322.080 - 0.560ms returns FALSE
T1E68 176:430.592 JLINK_IsHalted()
T1E68 176:431.248 - 0.661ms returns FALSE
T1E68 176:431.328 JLINK_IsHalted()
T1E68 176:431.952 - 0.623ms returns FALSE
T1E68 176:540.336 JLINK_IsHalted()
T1E68 176:541.104 - 0.761ms returns FALSE
T1E68 176:541.152 JLINK_IsHalted()
T1E68 176:541.792 - 0.651ms returns FALSE
T1E68 176:649.088 JLINK_IsHalted()
T1E68 176:649.712 - 0.625ms returns FALSE
T1E68 176:649.744 JLINK_IsHalted()
T1E68 176:650.320 - 0.579ms returns FALSE
T1E68 176:758.880 JLINK_IsHalted()
T1E68 176:759.520 - 0.630ms returns FALSE
T1E68 176:759.584 JLINK_IsHalted()
T1E68 176:760.208 - 0.631ms returns FALSE
T1E68 176:868.496 JLINK_IsHalted()
T1E68 176:869.200 - 0.710ms returns FALSE
T1E68 176:869.248 JLINK_IsHalted()
T1E68 176:869.872 - 0.629ms returns FALSE
T1E68 176:977.232 JLINK_IsHalted()
T1E68 176:977.952 - 0.722ms returns FALSE
T1E68 176:977.984 JLINK_IsHalted()
T1E68 176:978.544 - 0.543ms returns FALSE
T0658 177:029.728 JLINK_IsHalted()
T0658 177:030.400 - 0.659ms returns FALSE
T0658 177:030.432 JLINK_IsHalted()
T0658 177:031.008 - 0.585ms returns FALSE
T1E68 177:086.464 JLINK_IsHalted()
T1E68 177:087.120 - 0.663ms returns FALSE
T1E68 177:087.136 JLINK_IsHalted()
T1E68 177:087.696 - 0.548ms returns FALSE
T1E68 177:196.256 JLINK_IsHalted()
T1E68 177:196.896 - 0.647ms returns FALSE
T1E68 177:196.912 JLINK_IsHalted()
T1E68 177:197.488 - 0.572ms returns FALSE
T1E68 177:305.888 JLINK_IsHalted()
T1E68 177:306.560 - 0.675ms returns FALSE
T1E68 177:306.608 JLINK_IsHalted()
T1E68 177:307.296 - 0.676ms returns FALSE
T1E68 177:414.768 JLINK_IsHalted()
T1E68 177:415.392 - 0.628ms returns FALSE
T1E68 177:415.440 JLINK_IsHalted()
T1E68 177:416.032 - 0.589ms returns FALSE
T1E68 177:524.752 JLINK_IsHalted()
T1E68 177:525.424 - 0.680ms returns FALSE
T1E68 177:525.472 JLINK_IsHalted()
T1E68 177:526.064 - 0.603ms returns FALSE
T1E68 177:633.616 JLINK_IsHalted()
T1E68 177:634.288 - 0.675ms returns FALSE
T1E68 177:634.336 JLINK_IsHalted()
T1E68 177:634.912 - 0.588ms returns FALSE
T1E68 177:743.040 JLINK_IsHalted()
T1E68 177:743.664 - 0.626ms returns FALSE
T1E68 177:743.696 JLINK_IsHalted()
T1E68 177:744.256 - 0.564ms returns FALSE
T1E68 177:852.896 JLINK_IsHalted()
T1E68 177:853.600 - 0.702ms returns FALSE
T1E68 177:853.632 JLINK_IsHalted()
T1E68 177:854.288 - 0.645ms returns FALSE
T1E68 177:961.536 JLINK_IsHalted()
T1E68 177:962.304 - 0.772ms returns FALSE
T1E68 177:962.352 JLINK_IsHalted()
T1E68 177:962.976 - 0.629ms returns FALSE
T0658 178:031.648 JLINK_IsHalted()
T0658 178:032.272 - 0.620ms returns FALSE
T0658 178:032.288 JLINK_IsHalted()
T0658 178:032.848 - 0.556ms returns FALSE
T1E68 178:071.376 JLINK_IsHalted()
T1E68 178:072.064 - 0.689ms returns FALSE
T1E68 178:072.112 JLINK_IsHalted()
T1E68 178:072.736 - 0.630ms returns FALSE
T1E68 178:180.144 JLINK_IsHalted()
T1E68 178:180.816 - 0.666ms returns FALSE
T1E68 178:180.848 JLINK_IsHalted()
T1E68 178:181.472 - 0.628ms returns FALSE
T1E68 178:290.016 JLINK_IsHalted()
T1E68 178:290.720 - 0.703ms returns FALSE
T1E68 178:290.768 JLINK_IsHalted()
T1E68 178:291.392 - 0.620ms returns FALSE
T1E68 178:399.792 JLINK_IsHalted()
T1E68 178:400.432 - 0.643ms returns FALSE
T1E68 178:400.480 JLINK_IsHalted()
T1E68 178:401.088 - 0.609ms returns FALSE
T1E68 178:508.560 JLINK_IsHalted()
T1E68 178:509.296 - 0.746ms returns FALSE
T1E68 178:509.344 JLINK_IsHalted()
T1E68 178:509.952 - 0.609ms returns FALSE
T1E68 178:618.544 JLINK_IsHalted()
T1E68 178:619.184 - 0.647ms returns FALSE
T1E68 178:619.232 JLINK_IsHalted()
T1E68 178:619.856 - 0.621ms returns FALSE
T1E68 178:727.248 JLINK_IsHalted()
T1E68 178:727.904 - 0.662ms returns FALSE
T1E68 178:727.952 JLINK_IsHalted()
T1E68 178:728.544 - 0.593ms returns FALSE
T1E68 178:836.640 JLINK_IsHalted()
T1E68 178:895.296 - 58.666ms returns FALSE
T1E68 178:895.360 JLINK_IsHalted()
T1E68 178:896.016 - 0.648ms returns FALSE
T1E68 178:993.104 JLINK_IsHalted()
T1E68 178:993.824 - 0.716ms returns FALSE
T1E68 178:993.856 JLINK_IsHalted()
T1E68 178:994.496 - 0.638ms returns FALSE
T0658 179:034.064 JLINK_IsHalted()
T0658 179:034.720 - 0.651ms returns FALSE
T0658 179:034.736 JLINK_IsHalted()
T0658 179:035.296 - 0.549ms returns FALSE
T1E68 179:102.752 JLINK_IsHalted()
T1E68 179:103.392 - 0.647ms returns FALSE
T1E68 179:103.424 JLINK_IsHalted()
T1E68 179:104.016 - 0.586ms returns FALSE
T1E68 179:211.536 JLINK_IsHalted()
T1E68 179:212.288 - 0.764ms returns FALSE
T1E68 179:212.336 JLINK_IsHalted()
T1E68 179:212.928 - 0.591ms returns FALSE
T1E68 179:321.152 JLINK_IsHalted()
T1E68 179:321.760 - 0.603ms returns FALSE
T1E68 179:321.776 JLINK_IsHalted()
T1E68 179:322.304 - 0.519ms returns FALSE
T1E68 179:430.928 JLINK_IsHalted()
T1E68 179:431.632 - 0.702ms returns FALSE
T1E68 179:431.664 JLINK_IsHalted()
T1E68 179:432.288 - 0.627ms returns FALSE
T1E68 179:539.632 JLINK_IsHalted()
T1E68 179:540.320 - 0.684ms returns FALSE
T1E68 179:540.368 JLINK_IsHalted()
T1E68 179:541.024 - 0.659ms returns FALSE
T1E68 179:649.328 JLINK_IsHalted()
T1E68 179:650.032 - 0.699ms returns FALSE
T1E68 179:650.080 JLINK_IsHalted()
T1E68 179:650.720 - 0.636ms returns FALSE
T1E68 179:759.168 JLINK_IsHalted()
T1E68 179:759.840 - 0.660ms returns FALSE
T1E68 179:759.888 JLINK_IsHalted()
T1E68 179:760.496 - 0.613ms returns FALSE
T1E68 179:867.968 JLINK_IsHalted()
T1E68 179:868.720 - 0.747ms returns FALSE
T1E68 179:868.768 JLINK_IsHalted()
T1E68 179:869.392 - 0.620ms returns FALSE
T1E68 179:977.792 JLINK_IsHalted()
T1E68 179:978.448 - 0.642ms returns FALSE
T1E68 179:978.464 JLINK_IsHalted()
T1E68 179:979.024 - 0.549ms returns FALSE
T0658 180:035.808 JLINK_IsHalted()
T0658 180:036.448 - 0.642ms returns FALSE
T0658 180:036.464 JLINK_IsHalted()
T0658 180:037.024 - 0.548ms returns FALSE
T1E68 180:086.464 JLINK_IsHalted()
T1E68 180:087.136 - 0.675ms returns FALSE
T1E68 180:087.168 JLINK_IsHalted()
T1E68 180:087.744 - 0.577ms returns FALSE
T1E68 180:196.576 JLINK_IsHalted()
T1E68 180:248.976 - 52.382ms returns FALSE
T1E68 180:249.024 JLINK_IsHalted()
T1E68 180:249.680 - 0.651ms returns FALSE
T1E68 180:352.544 JLINK_IsHalted()
T1E68 180:353.296 - 0.748ms returns FALSE
T1E68 180:353.328 JLINK_IsHalted()
T1E68 180:353.952 - 0.618ms returns FALSE
T1E68 180:462.080 JLINK_IsHalted()
T1E68 180:462.768 - 0.695ms returns FALSE
T1E68 180:462.816 JLINK_IsHalted()
T1E68 180:463.456 - 0.621ms returns FALSE
T1E68 180:571.744 JLINK_IsHalted()
T1E68 180:572.464 - 0.729ms returns FALSE
T1E68 180:572.512 JLINK_IsHalted()
T1E68 180:573.152 - 0.639ms returns FALSE
T1E68 180:680.768 JLINK_IsHalted()
T1E68 180:681.440 - 0.682ms returns FALSE
T1E68 180:681.504 JLINK_IsHalted()
T1E68 180:682.144 - 0.638ms returns FALSE
T1E68 180:790.528 JLINK_IsHalted()
T1E68 180:791.200 - 0.681ms returns FALSE
T1E68 180:791.248 JLINK_IsHalted()
T1E68 180:791.872 - 0.619ms returns FALSE
T1E68 180:899.520 JLINK_IsHalted()
T1E68 180:900.208 - 0.694ms returns FALSE
T1E68 180:900.256 JLINK_IsHalted()
T1E68 180:900.832 - 0.566ms returns FALSE
T1E68 181:008.336 JLINK_IsHalted()
T1E68 181:008.992 - 0.663ms returns FALSE
T1E68 181:009.088 JLINK_IsHalted()
T1E68 181:009.792 - 0.702ms returns FALSE
T0658 181:037.472 JLINK_IsHalted()
T0658 181:038.128 - 0.667ms returns FALSE
T0658 181:038.208 JLINK_IsHalted()
T0658 181:038.816 - 0.614ms returns FALSE
T1E68 181:118.064 JLINK_IsHalted()
T1E68 181:118.752 - 0.679ms returns FALSE
T1E68 181:118.784 JLINK_IsHalted()
T1E68 181:119.376 - 0.584ms returns FALSE
T1E68 181:227.808 JLINK_IsHalted()
T1E68 181:228.448 - 0.635ms returns FALSE
T1E68 181:228.464 JLINK_IsHalted()
T1E68 181:229.040 - 0.575ms returns FALSE
T1E68 181:336.528 JLINK_IsHalted()
T1E68 181:337.296 - 0.765ms returns FALSE
T1E68 181:337.328 JLINK_IsHalted()
T1E68 181:337.936 - 0.602ms returns FALSE
T1E68 181:446.560 JLINK_IsHalted()
T1E68 181:447.280 - 0.721ms returns FALSE
T1E68 181:447.312 JLINK_IsHalted()
T1E68 181:447.872 - 0.560ms returns FALSE
T1E68 181:555.360 JLINK_IsHalted()
T1E68 181:556.064 - 0.697ms returns FALSE
T1E68 181:615.424 JLINK_IsHalted()
T1E68 181:616.080 - 0.652ms returns FALSE
T1E68 181:711.472 JLINK_IsHalted()
T1E68 181:712.128 - 0.656ms returns FALSE
T1E68 181:712.160 JLINK_IsHalted()
T1E68 181:712.736 - 0.579ms returns FALSE
T1E68 181:821.312 JLINK_IsHalted()
T1E68 181:821.984 - 0.662ms returns FALSE
T1E68 181:822.016 JLINK_IsHalted()
T1E68 181:822.640 - 0.619ms returns FALSE
T1E68 181:930.624 JLINK_IsHalted()
T1E68 181:931.328 - 0.708ms returns FALSE
T1E68 181:931.360 JLINK_IsHalted()
T1E68 181:931.936 - 0.563ms returns FALSE
T0658 182:038.784 JLINK_IsHalted()
T0658 182:039.488 - 0.700ms returns FALSE
T0658 182:039.520 JLINK_IsHalted()
T0658 182:040.144 - 0.610ms returns FALSE
T1E68 182:040.192 JLINK_IsHalted()
T1E68 182:040.816 - 0.618ms returns FALSE
T1E68 182:040.864 JLINK_IsHalted()
T1E68 182:041.536 - 0.665ms returns FALSE
T1E68 182:149.216 JLINK_IsHalted()
T1E68 182:149.856 - 0.629ms returns FALSE
T1E68 182:149.872 JLINK_IsHalted()
T1E68 182:150.416 - 0.537ms returns FALSE
T1E68 182:258.976 JLINK_IsHalted()
T1E68 182:259.728 - 0.732ms returns FALSE
T1E68 182:259.760 JLINK_IsHalted()
T1E68 182:260.384 - 0.623ms returns FALSE
T1E68 182:367.936 JLINK_IsHalted()
T1E68 182:368.608 - 0.682ms returns FALSE
T1E68 182:368.672 JLINK_IsHalted()
T1E68 182:369.296 - 0.626ms returns FALSE
T1E68 182:477.088 JLINK_IsHalted()
T1E68 182:477.792 - 0.709ms returns FALSE
T1E68 182:477.840 JLINK_IsHalted()
T1E68 182:478.432 - 0.596ms returns FALSE
T1E68 182:587.072 JLINK_IsHalted()
T1E68 182:587.776 - 0.697ms returns FALSE
T1E68 182:587.808 JLINK_IsHalted()
T1E68 182:588.448 - 0.624ms returns FALSE
T1E68 182:696.784 JLINK_IsHalted()
T1E68 182:697.488 - 0.700ms returns FALSE
T1E68 182:697.520 JLINK_IsHalted()
T1E68 182:698.144 - 0.624ms returns FALSE
T1E68 182:805.536 JLINK_IsHalted()
T1E68 182:806.224 - 0.686ms returns FALSE
T1E68 182:806.256 JLINK_IsHalted()
T1E68 182:806.880 - 0.608ms returns FALSE
T1E68 182:915.296 JLINK_IsHalted()
T1E68 182:916.000 - 0.692ms returns FALSE
T1E68 182:916.048 JLINK_IsHalted()
T1E68 182:916.704 - 0.666ms returns FALSE
T1E68 183:024.576 JLINK_IsHalted()
T1E68 183:025.296 - 0.717ms returns FALSE
T1E68 183:025.392 JLINK_IsHalted()
T1E68 183:026.016 - 0.619ms returns FALSE
T0658 183:040.816 JLINK_IsHalted()
T0658 183:041.504 - 0.686ms returns FALSE
T0658 183:041.552 JLINK_IsHalted()
T0658 183:042.080 - 0.538ms returns FALSE
T1E68 183:133.440 JLINK_IsHalted()
T1E68 183:134.128 - 0.686ms returns FALSE
T1E68 183:134.176 JLINK_IsHalted()
T1E68 183:134.800 - 0.623ms returns FALSE
T1E68 183:243.520 JLINK_IsHalted()
T1E68 183:244.272 - 0.757ms returns FALSE
T1E68 183:244.320 JLINK_IsHalted()
T1E68 183:244.880 - 0.569ms returns FALSE
T1E68 183:352.336 JLINK_IsHalted()
T1E68 183:353.040 - 0.702ms returns FALSE
T1E68 183:353.088 JLINK_IsHalted()
T1E68 183:353.712 - 0.627ms returns FALSE
T1E68 183:462.224 JLINK_IsHalted()
T1E68 183:462.864 - 0.631ms returns FALSE
T1E68 183:462.880 JLINK_IsHalted()
T1E68 183:463.456 - 0.559ms returns FALSE
T1E68 183:570.992 JLINK_IsHalted()
T1E68 183:571.616 - 0.631ms returns FALSE
T1E68 183:571.680 JLINK_IsHalted()
T1E68 183:572.288 - 0.621ms returns FALSE
T1E68 183:680.816 JLINK_IsHalted()
T1E68 183:681.504 - 0.676ms returns FALSE
T1E68 183:681.568 JLINK_IsHalted()
T1E68 183:682.208 - 0.645ms returns FALSE
T1E68 183:789.536 JLINK_IsHalted()
T1E68 183:790.128 - 0.608ms returns FALSE
T1E68 183:790.176 JLINK_IsHalted()
T1E68 183:790.720 - 0.545ms returns FALSE
T1E68 183:899.488 JLINK_IsHalted()
T1E68 183:900.128 - 0.656ms returns FALSE
T1E68 183:900.176 JLINK_IsHalted()
T1E68 183:900.768 - 0.602ms returns FALSE
T1E68 184:008.416 JLINK_IsHalted()
T1E68 184:009.040 - 0.620ms returns FALSE
T1E68 184:009.072 JLINK_IsHalted()
T1E68 184:009.712 - 0.634ms returns FALSE
T0658 184:042.464 JLINK_IsHalted()
T0658 184:043.104 - 0.640ms returns FALSE
T0658 184:043.152 JLINK_IsHalted()
T0658 184:043.744 - 0.602ms returns FALSE
T1E68 184:118.112 JLINK_IsHalted()
T1E68 184:118.800 - 0.684ms returns FALSE
T1E68 184:118.848 JLINK_IsHalted()
T1E68 184:119.488 - 0.645ms returns FALSE
T1E68 184:227.072 JLINK_IsHalted()
T1E68 184:227.760 - 0.682ms returns FALSE
T1E68 184:227.808 JLINK_IsHalted()
T1E68 184:228.432 - 0.629ms returns FALSE
T1E68 184:337.104 JLINK_IsHalted()
T1E68 184:347.424 - 10.312ms returns FALSE
T1E68 184:347.456 JLINK_IsHalted()
T1E68 184:348.064 - 0.594ms returns FALSE
T1E68 184:445.728 JLINK_IsHalted()
T1E68 184:446.336 - 0.591ms returns FALSE
T1E68 184:446.352 JLINK_IsHalted()
T1E68 184:446.896 - 0.541ms returns FALSE
T1E68 184:555.424 JLINK_IsHalted()
T1E68 184:556.080 - 0.658ms returns FALSE
T1E68 184:556.112 JLINK_IsHalted()
T1E68 184:556.720 - 0.610ms returns FALSE
T1E68 184:665.056 JLINK_IsHalted()
T1E68 184:665.712 - 0.662ms returns FALSE
T1E68 184:665.760 JLINK_IsHalted()
T1E68 184:666.336 - 0.576ms returns FALSE
T1E68 184:773.936 JLINK_IsHalted()
T1E68 184:774.624 - 0.696ms returns FALSE
T1E68 184:774.688 JLINK_IsHalted()
T1E68 184:775.280 - 0.608ms returns FALSE
T1E68 184:883.680 JLINK_IsHalted()
T1E68 184:884.368 - 0.696ms returns FALSE
T1E68 184:884.400 JLINK_IsHalted()
T1E68 184:885.024 - 0.610ms returns FALSE
T1E68 184:993.376 JLINK_IsHalted()
T1E68 184:993.952 - 0.595ms returns FALSE
T1E68 184:993.984 JLINK_IsHalted()
T1E68 184:994.576 - 0.590ms returns FALSE
T0658 185:044.464 JLINK_IsHalted()
T0658 185:045.120 - 0.661ms returns FALSE
T0658 185:045.184 JLINK_IsHalted()
T0658 185:045.808 - 0.626ms returns FALSE
T1E68 185:102.080 JLINK_IsHalted()
T1E68 185:102.704 - 0.624ms returns FALSE
T1E68 185:102.768 JLINK_IsHalted()
T1E68 185:103.328 - 0.565ms returns FALSE
T1E68 185:212.032 JLINK_IsHalted()
T1E68 185:212.752 - 0.708ms returns FALSE
T1E68 185:212.768 JLINK_IsHalted()
T1E68 185:213.360 - 0.585ms returns FALSE
T1E68 185:321.696 JLINK_IsHalted()
T1E68 185:322.336 - 0.621ms returns FALSE
T1E68 185:322.352 JLINK_IsHalted()
T1E68 185:322.912 - 0.570ms returns FALSE
T1E68 185:430.480 JLINK_IsHalted()
T1E68 185:431.088 - 0.603ms returns FALSE
T1E68 185:431.104 JLINK_IsHalted()
T1E68 185:431.680 - 0.570ms returns FALSE
T1E68 185:540.192 JLINK_IsHalted()
T1E68 185:540.880 - 0.671ms returns FALSE
T1E68 185:540.912 JLINK_IsHalted()
T1E68 185:541.520 - 0.599ms returns FALSE
T1E68 185:648.928 JLINK_IsHalted()
T1E68 185:699.312 - 50.376ms returns FALSE
T1E68 185:699.360 JLINK_IsHalted()
T1E68 185:699.968 - 0.602ms returns FALSE
T1E68 185:805.728 JLINK_IsHalted()
T1E68 185:806.352 - 0.631ms returns FALSE
T1E68 185:806.368 JLINK_IsHalted()
T1E68 185:806.896 - 0.525ms returns FALSE
T1E68 185:915.264 JLINK_IsHalted()
T1E68 185:915.952 - 0.689ms returns FALSE
T1E68 185:916.000 JLINK_IsHalted()
T1E68 185:916.624 - 0.609ms returns FALSE
T1E68 186:024.304 JLINK_IsHalted()
T1E68 186:024.976 - 0.661ms returns FALSE
T1E68 186:025.008 JLINK_IsHalted()
T1E68 186:025.536 - 0.528ms returns FALSE
T0658 186:045.472 JLINK_IsHalted()
T0658 186:046.160 - 0.677ms returns FALSE
T0658 186:046.224 JLINK_IsHalted()
T0658 186:046.896 - 0.668ms returns FALSE
T1E68 186:134.080 JLINK_IsHalted()
T1E68 186:134.816 - 0.730ms returns FALSE
T1E68 186:134.864 JLINK_IsHalted()
T1E68 186:135.488 - 0.635ms returns FALSE
T1E68 186:242.768 JLINK_IsHalted()
T1E68 186:243.424 - 0.654ms returns FALSE
T1E68 186:243.456 JLINK_IsHalted()
T1E68 186:244.048 - 0.596ms returns FALSE
T1E68 186:352.528 JLINK_IsHalted()
T1E68 186:353.136 - 0.624ms returns FALSE
T1E68 186:353.168 JLINK_IsHalted()
T1E68 186:353.712 - 0.550ms returns FALSE
T1E68 186:462.256 JLINK_IsHalted()
T1E68 186:462.880 - 0.625ms returns FALSE
T1E68 186:462.928 JLINK_IsHalted()
T1E68 186:463.472 - 0.552ms returns FALSE
T1E68 186:570.784 JLINK_IsHalted()
T1E68 186:571.424 - 0.640ms returns FALSE
T1E68 186:571.456 JLINK_IsHalted()
T1E68 186:572.016 - 0.564ms returns FALSE
T1E68 186:680.576 JLINK_IsHalted()
T1E68 186:681.392 - 0.811ms returns FALSE
T1E68 186:681.440 JLINK_IsHalted()
T1E68 186:682.016 - 0.573ms returns FALSE
T1E68 186:790.352 JLINK_IsHalted()
T1E68 186:790.912 - 0.568ms returns FALSE
T1E68 186:790.944 JLINK_IsHalted()
T1E68 186:791.424 - 0.484ms returns FALSE
T1E68 186:899.264 JLINK_IsHalted()
T1E68 186:900.000 - 0.731ms returns FALSE
T1E68 186:900.048 JLINK_IsHalted()
T1E68 186:900.704 - 0.650ms returns FALSE
T1E68 187:008.960 JLINK_IsHalted()
T1E68 187:009.680 - 0.724ms returns FALSE
T1E68 187:009.728 JLINK_IsHalted()
T1E68 187:010.288 - 0.554ms returns FALSE
T0658 187:051.872 JLINK_IsHalted()
T0658 187:055.072 - 3.216ms returns FALSE
T0658 187:055.296 JLINK_IsHalted()
T0658 187:056.064 - 0.766ms returns FALSE
T1E68 187:118.688 JLINK_IsHalted()
T1E68 187:119.376 - 0.687ms returns FALSE
T1E68 187:119.408 JLINK_IsHalted()
T1E68 187:119.968 - 0.566ms returns FALSE
T1E68 187:227.632 JLINK_IsHalted()
T1E68 187:228.240 - 0.610ms returns FALSE
T1E68 187:228.288 JLINK_IsHalted()
T1E68 187:228.960 - 0.679ms returns FALSE
T1E68 187:337.328 JLINK_IsHalted()
T1E68 187:337.936 - 0.599ms returns FALSE
T1E68 187:337.968 JLINK_IsHalted()
T1E68 187:338.592 - 0.624ms returns FALSE
T1E68 187:446.112 JLINK_IsHalted()
T1E68 187:446.800 - 0.680ms returns FALSE
T1E68 187:446.848 JLINK_IsHalted()
T1E68 187:447.504 - 0.650ms returns FALSE
T1E68 187:555.216 JLINK_IsHalted()
T1E68 187:555.920 - 0.701ms returns FALSE
T1E68 187:555.968 JLINK_IsHalted()
T1E68 187:556.592 - 0.629ms returns FALSE
T1E68 187:664.880 JLINK_IsHalted()
T1E68 187:665.584 - 0.703ms returns FALSE
T1E68 187:665.632 JLINK_IsHalted()
T1E68 187:666.272 - 0.654ms returns FALSE
T1E68 187:774.576 JLINK_IsHalted()
T1E68 187:775.280 - 0.701ms returns FALSE
T1E68 187:775.312 JLINK_IsHalted()
T1E68 187:775.904 - 0.602ms returns FALSE
T1E68 187:883.296 JLINK_IsHalted()
T1E68 187:883.936 - 0.632ms returns FALSE
T1E68 187:883.984 JLINK_IsHalted()
T1E68 187:884.576 - 0.590ms returns FALSE
T1E68 187:993.440 JLINK_IsHalted()
T1E68 187:995.728 - 2.271ms returns FALSE
T1E68 187:995.776 JLINK_IsHalted()
T1E68 187:996.544 - 0.762ms returns FALSE
T0658 188:056.960 JLINK_IsHalted()
T0658 188:057.584 - 0.630ms returns FALSE
T0658 188:057.632 JLINK_IsHalted()
T0658 188:058.272 - 0.636ms returns FALSE
T1E68 188:102.752 JLINK_IsHalted()
T1E68 188:103.328 - 0.591ms returns FALSE
T1E68 188:103.360 JLINK_IsHalted()
T1E68 188:103.888 - 0.527ms returns FALSE
T1E68 188:212.128 JLINK_IsHalted()
T1E68 188:212.864 - 0.722ms returns FALSE
T1E68 188:212.896 JLINK_IsHalted()
T1E68 188:213.488 - 0.588ms returns FALSE
T1E68 188:320.944 JLINK_IsHalted()
T1E68 188:321.712 - 0.770ms returns FALSE
T1E68 188:321.760 JLINK_IsHalted()
T1E68 188:322.384 - 0.619ms returns FALSE
T1E68 188:430.576 JLINK_IsHalted()
T1E68 188:461.568 - 30.987ms returns FALSE
T1E68 188:461.632 JLINK_IsHalted()
T1E68 188:462.304 - 0.659ms returns FALSE
T1E68 188:570.848 JLINK_IsHalted()
T1E68 188:571.584 - 0.731ms returns FALSE
T1E68 188:571.616 JLINK_IsHalted()
T1E68 188:572.288 - 0.660ms returns FALSE
T1E68 188:680.672 JLINK_IsHalted()
T1E68 188:681.360 - 0.685ms returns FALSE
T1E68 188:681.408 JLINK_IsHalted()
T1E68 188:682.016 - 0.619ms returns FALSE
T1E68 188:790.448 JLINK_IsHalted()
T1E68 188:791.136 - 0.675ms returns FALSE
T1E68 188:791.168 JLINK_IsHalted()
T1E68 188:791.776 - 0.607ms returns FALSE
T1E68 188:899.168 JLINK_IsHalted()
T1E68 188:899.824 - 0.663ms returns FALSE
T1E68 188:899.872 JLINK_IsHalted()
T1E68 188:900.448 - 0.582ms returns FALSE
T1E68 189:009.024 JLINK_IsHalted()
T1E68 189:009.712 - 0.685ms returns FALSE
T1E68 189:009.760 JLINK_IsHalted()
T1E68 189:010.336 - 0.582ms returns FALSE
T0658 189:058.080 JLINK_IsHalted()
T0658 189:058.816 - 0.723ms returns FALSE
T0658 189:058.880 JLINK_IsHalted()
T0658 189:059.456 - 0.584ms returns FALSE
T1E68 189:117.760 JLINK_IsHalted()
T1E68 189:118.384 - 0.616ms returns FALSE
T1E68 189:118.416 JLINK_IsHalted()
T1E68 189:118.976 - 0.564ms returns FALSE
T1E68 189:227.840 JLINK_IsHalted()
T1E68 189:228.448 - 0.600ms returns FALSE
T1E68 189:228.464 JLINK_IsHalted()
T1E68 189:229.024 - 0.553ms returns FALSE
T1E68 189:336.688 JLINK_IsHalted()
T1E68 189:337.392 - 0.705ms returns FALSE
T1E68 189:337.440 JLINK_IsHalted()
T1E68 189:338.064 - 0.620ms returns FALSE
T1E68 189:446.688 JLINK_IsHalted()
T1E68 189:447.296 - 0.613ms returns FALSE
T1E68 189:447.328 JLINK_IsHalted()
T1E68 189:447.872 - 0.554ms returns FALSE
T1E68 189:555.808 JLINK_IsHalted()
T1E68 189:556.496 - 0.696ms returns FALSE
T1E68 189:556.544 JLINK_IsHalted()
T1E68 189:557.152 - 0.613ms returns FALSE
T1E68 189:664.800 JLINK_IsHalted()
T1E68 189:665.488 - 0.699ms returns FALSE
T1E68 189:665.536 JLINK_IsHalted()
T1E68 189:666.144 - 0.621ms returns FALSE
T1E68 189:774.128 JLINK_IsHalted()
T1E68 189:829.120 - 54.994ms returns FALSE
T1E68 189:829.152 JLINK_IsHalted()
T1E68 189:829.744 - 0.590ms returns FALSE
T1E68 189:930.256 JLINK_IsHalted()
T1E68 189:930.928 - 0.677ms returns FALSE
T1E68 189:930.976 JLINK_IsHalted()
T1E68 189:931.552 - 0.566ms returns FALSE
T1E68 190:040.080 JLINK_IsHalted()
T1E68 190:040.736 - 0.671ms returns FALSE
T1E68 190:040.784 JLINK_IsHalted()
T1E68 190:041.424 - 0.629ms returns FALSE
T0658 190:060.160 JLINK_IsHalted()
T0658 190:060.832 - 0.656ms returns FALSE
T0658 190:060.848 JLINK_IsHalted()
T0658 190:061.472 - 0.620ms returns FALSE
T1E68 190:149.728 JLINK_IsHalted()
T1E68 190:150.368 - 0.628ms returns FALSE
T1E68 190:150.384 JLINK_IsHalted()
T1E68 190:150.944 - 0.551ms returns FALSE
T1E68 190:258.528 JLINK_IsHalted()
T1E68 190:259.168 - 0.641ms returns FALSE
T1E68 190:259.200 JLINK_IsHalted()
T1E68 190:259.792 - 0.580ms returns FALSE
T1E68 190:368.272 JLINK_IsHalted()
T1E68 190:368.944 - 0.679ms returns FALSE
T1E68 190:368.992 JLINK_IsHalted()
T1E68 190:369.616 - 0.623ms returns FALSE
T1E68 190:477.936 JLINK_IsHalted()
T1E68 190:478.560 - 0.619ms returns FALSE
T1E68 190:478.592 JLINK_IsHalted()
T1E68 190:479.136 - 0.555ms returns FALSE
T1E68 190:586.720 JLINK_IsHalted()
T1E68 190:587.376 - 0.672ms returns FALSE
T1E68 190:587.408 JLINK_IsHalted()
T1E68 190:587.984 - 0.572ms returns FALSE
T1E68 190:696.480 JLINK_IsHalted()
T1E68 190:697.184 - 0.690ms returns FALSE
T1E68 190:697.216 JLINK_IsHalted()
T1E68 190:697.792 - 0.576ms returns FALSE
T1E68 190:806.208 JLINK_IsHalted()
T1E68 190:806.816 - 0.606ms returns FALSE
T1E68 190:806.832 JLINK_IsHalted()
T1E68 190:807.392 - 0.556ms returns FALSE
T1E68 190:914.976 JLINK_IsHalted()
T1E68 190:915.744 - 0.754ms returns FALSE
T1E68 190:915.808 JLINK_IsHalted()
T1E68 190:916.400 - 0.599ms returns FALSE
T1E68 191:024.112 JLINK_IsHalted()
T1E68 191:024.816 - 0.708ms returns FALSE
T1E68 191:024.864 JLINK_IsHalted()
T1E68 191:025.440 - 0.582ms returns FALSE
T0658 191:061.200 JLINK_IsHalted()
T0658 191:061.824 - 0.621ms returns FALSE
T0658 191:061.856 JLINK_IsHalted()
T0658 191:062.432 - 0.573ms returns FALSE
T1E68 191:133.952 JLINK_IsHalted()
T1E68 191:181.360 - 47.406ms returns FALSE
T1E68 191:181.424 JLINK_IsHalted()
T1E68 191:182.048 - 0.631ms returns FALSE
T1E68 191:289.488 JLINK_IsHalted()
T1E68 191:290.160 - 0.676ms returns FALSE
T1E68 191:290.208 JLINK_IsHalted()
T1E68 191:290.832 - 0.623ms returns FALSE
T1E68 191:399.104 JLINK_IsHalted()
T1E68 191:399.776 - 0.661ms returns FALSE
T1E68 191:399.808 JLINK_IsHalted()
T1E68 191:400.400 - 0.596ms returns FALSE
T1E68 191:508.960 JLINK_IsHalted()
T1E68 191:509.552 - 0.599ms returns FALSE
T1E68 191:509.584 JLINK_IsHalted()
T1E68 191:510.112 - 0.519ms returns FALSE
T1E68 191:618.432 JLINK_IsHalted()
T1E68 191:619.024 - 0.586ms returns FALSE
T1E68 191:619.040 JLINK_IsHalted()
T1E68 191:619.616 - 0.568ms returns FALSE
T1E68 191:727.264 JLINK_IsHalted()
T1E68 191:727.904 - 0.635ms returns FALSE
T1E68 191:727.920 JLINK_IsHalted()
T1E68 191:728.528 - 0.596ms returns FALSE
T1E68 191:837.088 JLINK_IsHalted()
T1E68 191:837.712 - 0.629ms returns FALSE
T1E68 191:837.760 JLINK_IsHalted()
T1E68 191:838.304 - 0.554ms returns FALSE
T1E68 191:946.592 JLINK_IsHalted()
T1E68 191:947.296 - 0.691ms returns FALSE
T1E68 191:947.344 JLINK_IsHalted()
T1E68 191:947.936 - 0.597ms returns FALSE
T1E68 192:055.648 JLINK_IsHalted()
T1E68 192:056.368 - 0.730ms returns FALSE
T1E68 192:056.416 JLINK_IsHalted()
T1E68 192:057.056 - 0.631ms returns FALSE
T0658 192:062.768 JLINK_IsHalted()
T0658 192:063.328 - 0.568ms returns FALSE
T0658 192:063.360 JLINK_IsHalted()
T0658 192:063.968 - 0.602ms returns FALSE
T1E68 192:165.024 JLINK_IsHalted()
T1E68 192:165.648 - 0.615ms returns FALSE
T1E68 192:165.680 JLINK_IsHalted()
T1E68 192:166.240 - 0.551ms returns FALSE
T1E68 192:274.992 JLINK_IsHalted()
T1E68 192:275.680 - 0.688ms returns FALSE
T1E68 192:275.744 JLINK_IsHalted()
T1E68 192:276.336 - 0.579ms returns FALSE
T1E68 192:384.016 JLINK_IsHalted()
T1E68 192:384.736 - 0.706ms returns FALSE
T1E68 192:384.768 JLINK_IsHalted()
T1E68 192:385.392 - 0.621ms returns FALSE
T1E68 192:492.944 JLINK_IsHalted()
T1E68 192:493.600 - 0.642ms returns FALSE
T1E68 192:493.616 JLINK_IsHalted()
T1E68 192:494.304 - 0.666ms returns FALSE
T1E68 192:602.320 JLINK_IsHalted()
T1E68 192:602.928 - 0.612ms returns FALSE
T1E68 192:602.960 JLINK_IsHalted()
T1E68 192:603.504 - 0.547ms returns FALSE
T1E68 192:712.272 JLINK_IsHalted()
T1E68 192:712.976 - 0.703ms returns FALSE
T1E68 192:713.008 JLINK_IsHalted()
T1E68 192:713.568 - 0.566ms returns FALSE
T1E68 192:821.024 JLINK_IsHalted()
T1E68 192:821.776 - 0.736ms returns FALSE
T1E68 192:821.808 JLINK_IsHalted()
T1E68 192:822.464 - 0.648ms returns FALSE
T1E68 192:930.912 JLINK_IsHalted()
T1E68 192:931.616 - 0.691ms returns FALSE
T1E68 192:931.648 JLINK_IsHalted()
T1E68 192:932.272 - 0.631ms returns FALSE
T1E68 193:039.584 JLINK_IsHalted()
T1E68 193:040.240 - 0.642ms returns FALSE
T1E68 193:040.288 JLINK_IsHalted()
T1E68 193:040.800 - 0.534ms returns FALSE
T0658 193:063.696 JLINK_IsHalted()
T0658 193:064.320 - 0.621ms returns FALSE
T0658 193:064.368 JLINK_IsHalted()
T0658 193:064.912 - 0.546ms returns FALSE
T1E68 193:149.328 JLINK_IsHalted()
T1E68 193:150.048 - 0.728ms returns FALSE
T1E68 193:150.112 JLINK_IsHalted()
T1E68 193:150.672 - 0.549ms returns FALSE
T1E68 193:259.104 JLINK_IsHalted()
T1E68 193:259.680 - 0.592ms returns FALSE
T1E68 193:259.728 JLINK_IsHalted()
T1E68 193:260.256 - 0.536ms returns FALSE
T1E68 193:367.776 JLINK_IsHalted()
T1E68 193:368.384 - 0.622ms returns FALSE
T1E68 193:368.416 JLINK_IsHalted()
T1E68 193:368.992 - 0.566ms returns FALSE
T1E68 193:477.440 JLINK_IsHalted()
T1E68 193:478.064 - 0.626ms returns FALSE
T1E68 193:478.112 JLINK_IsHalted()
T1E68 193:478.656 - 0.543ms returns FALSE
T1E68 193:587.136 JLINK_IsHalted()
T1E68 193:587.744 - 0.593ms returns FALSE
T1E68 193:587.776 JLINK_IsHalted()
T1E68 193:588.304 - 0.532ms returns FALSE
T1E68 193:695.840 JLINK_IsHalted()
T1E68 193:696.432 - 0.595ms returns FALSE
T1E68 193:696.480 JLINK_IsHalted()
T1E68 193:696.992 - 0.524ms returns FALSE
T1E68 193:805.552 JLINK_IsHalted()
T1E68 193:806.176 - 0.626ms returns FALSE
T1E68 193:806.208 JLINK_IsHalted()
T1E68 193:806.752 - 0.555ms returns FALSE
T1E68 193:914.624 JLINK_IsHalted()
T1E68 193:915.232 - 0.608ms returns FALSE
T1E68 193:915.264 JLINK_IsHalted()
T1E68 193:915.792 - 0.526ms returns FALSE
T1E68 194:024.336 JLINK_IsHalted()
T1E68 194:024.928 - 0.603ms returns FALSE
T1E68 194:024.976 JLINK_IsHalted()
T1E68 194:025.504 - 0.527ms returns FALSE
T0658 194:064.864 JLINK_IsHalted()
T0658 194:065.456 - 0.583ms returns FALSE
T0658 194:065.488 JLINK_IsHalted()
T0658 194:066.016 - 0.522ms returns FALSE
T1E68 194:133.584 JLINK_IsHalted()
T1E68 194:134.288 - 0.698ms returns FALSE
T1E68 194:134.304 JLINK_IsHalted()
T1E68 194:134.880 - 0.562ms returns FALSE
T1E68 194:243.296 JLINK_IsHalted()
T1E68 194:243.936 - 0.634ms returns FALSE
T1E68 194:243.968 JLINK_IsHalted()
T1E68 194:244.560 - 0.582ms returns FALSE
T1E68 194:352.064 JLINK_IsHalted()
T1E68 194:352.800 - 0.738ms returns FALSE
T1E68 194:352.848 JLINK_IsHalted()
T1E68 194:353.488 - 0.645ms returns FALSE
T1E68 194:461.760 JLINK_IsHalted()
T1E68 194:462.496 - 0.731ms returns FALSE
T1E68 194:462.544 JLINK_IsHalted()
T1E68 194:463.152 - 0.611ms returns FALSE
T1E68 194:571.488 JLINK_IsHalted()
T1E68 194:572.304 - 0.802ms returns FALSE
T1E68 194:572.336 JLINK_IsHalted()
T1E68 194:572.976 - 0.630ms returns FALSE
T1E68 194:680.240 JLINK_IsHalted()
T1E68 194:680.928 - 0.687ms returns FALSE
T1E68 194:680.992 JLINK_IsHalted()
T1E68 194:681.568 - 0.593ms returns FALSE
T1E68 194:789.952 JLINK_IsHalted()
T1E68 194:790.608 - 0.646ms returns FALSE
T1E68 194:790.624 JLINK_IsHalted()
T1E68 194:791.264 - 0.636ms returns FALSE
T1E68 194:898.912 JLINK_IsHalted()
T1E68 194:899.616 - 0.701ms returns FALSE
T1E68 194:899.664 JLINK_IsHalted()
T1E68 194:900.320 - 0.641ms returns FALSE
T1E68 195:008.800 JLINK_IsHalted()
T1E68 195:009.488 - 0.693ms returns FALSE
T1E68 195:009.520 JLINK_IsHalted()
T1E68 195:010.128 - 0.596ms returns FALSE
T0658 195:066.288 JLINK_IsHalted()
T0658 195:066.912 - 0.620ms returns FALSE
T0658 195:066.944 JLINK_IsHalted()
T0658 195:067.488 - 0.551ms returns FALSE
T1E68 195:118.080 JLINK_IsHalted()
T1E68 195:118.784 - 0.697ms returns FALSE
T1E68 195:118.816 JLINK_IsHalted()
T1E68 195:119.456 - 0.628ms returns FALSE
T1E68 195:227.136 JLINK_IsHalted()
T1E68 195:281.152 - 54.008ms returns FALSE
T1E68 195:281.200 JLINK_IsHalted()
T1E68 195:281.824 - 0.603ms returns FALSE
T1E68 195:384.016 JLINK_IsHalted()
T1E68 195:384.720 - 0.693ms returns FALSE
T1E68 195:384.752 JLINK_IsHalted()
T1E68 195:385.392 - 0.630ms returns FALSE
T1E68 195:493.632 JLINK_IsHalted()
T1E68 195:494.304 - 0.679ms returns FALSE
T1E68 195:494.352 JLINK_IsHalted()
T1E68 195:494.960 - 0.608ms returns FALSE
T1E68 195:602.480 JLINK_IsHalted()
T1E68 195:603.120 - 0.640ms returns FALSE
T1E68 195:603.168 JLINK_IsHalted()
T1E68 195:603.680 - 0.533ms returns FALSE
T1E68 195:712.176 JLINK_IsHalted()
T1E68 195:712.816 - 0.645ms returns FALSE
T1E68 195:712.864 JLINK_IsHalted()
T1E68 195:713.424 - 0.563ms returns FALSE
T1E68 195:820.960 JLINK_IsHalted()
T1E68 195:821.584 - 0.630ms returns FALSE
T1E68 195:821.600 JLINK_IsHalted()
T1E68 195:822.144 - 0.541ms returns FALSE
T1E68 195:930.704 JLINK_IsHalted()
T1E68 195:931.296 - 0.602ms returns FALSE
T1E68 195:931.328 JLINK_IsHalted()
T1E68 195:931.856 - 0.518ms returns FALSE
T1E68 196:040.464 JLINK_IsHalted()
T1E68 196:041.136 - 0.681ms returns FALSE
T1E68 196:041.184 JLINK_IsHalted()
T1E68 196:041.792 - 0.596ms returns FALSE
T0658 196:067.712 JLINK_IsHalted()
T0658 196:068.400 - 0.690ms returns FALSE
T0658 196:068.448 JLINK_IsHalted()
T0658 196:069.024 - 0.589ms returns FALSE
T1E68 196:149.232 JLINK_IsHalted()
T1E68 196:149.968 - 0.731ms returns FALSE
T1E68 196:150.016 JLINK_IsHalted()
T1E68 196:150.704 - 0.688ms returns FALSE
T1E68 196:259.088 JLINK_IsHalted()
T1E68 196:259.680 - 0.586ms returns FALSE
T1E68 196:259.712 JLINK_IsHalted()
T1E68 196:260.256 - 0.538ms returns FALSE
T1E68 196:367.760 JLINK_IsHalted()
T1E68 196:368.352 - 0.604ms returns FALSE
T1E68 196:368.400 JLINK_IsHalted()
T1E68 196:368.928 - 0.538ms returns FALSE
T1E68 196:477.472 JLINK_IsHalted()
T1E68 196:478.064 - 0.608ms returns FALSE
T1E68 196:478.112 JLINK_IsHalted()
T1E68 196:478.688 - 0.571ms returns FALSE
T1E68 196:586.864 JLINK_IsHalted()
T1E68 196:641.696 - 54.833ms returns FALSE
T1E68 196:641.776 JLINK_IsHalted()
T1E68 196:642.464 - 0.680ms returns FALSE
T1E68 196:743.024 JLINK_IsHalted()
T1E68 196:743.728 - 0.782ms returns FALSE
T1E68 196:743.776 JLINK_IsHalted()
T1E68 196:744.304 - 0.540ms returns FALSE
T1E68 196:852.400 JLINK_IsHalted()
T1E68 196:853.008 - 0.607ms returns FALSE
T1E68 196:853.040 JLINK_IsHalted()
T1E68 196:853.584 - 0.527ms returns FALSE
T1E68 196:961.440 JLINK_IsHalted()
T1E68 196:962.032 - 0.584ms returns FALSE
T1E68 196:962.064 JLINK_IsHalted()
T1E68 196:962.640 - 0.568ms returns FALSE
T0658 197:069.328 JLINK_IsHalted()
T0658 197:069.888 - 0.569ms returns FALSE
T0658 197:069.920 JLINK_IsHalted()
T0658 197:070.432 - 0.505ms returns FALSE
T1E68 197:071.152 JLINK_IsHalted()
T1E68 197:071.680 - 0.533ms returns FALSE
T1E68 197:071.712 JLINK_IsHalted()
T1E68 197:072.224 - 0.506ms returns FALSE
T1E68 197:180.784 JLINK_IsHalted()
T1E68 197:181.344 - 0.570ms returns FALSE
T1E68 197:181.392 JLINK_IsHalted()
T1E68 197:181.920 - 0.524ms returns FALSE
T1E68 197:289.552 JLINK_IsHalted()
T1E68 197:290.304 - 0.759ms returns FALSE
T1E68 197:290.352 JLINK_IsHalted()
T1E68 197:290.976 - 0.615ms returns FALSE
T1E68 197:399.232 JLINK_IsHalted()
T1E68 197:399.936 - 0.691ms returns FALSE
T1E68 197:399.968 JLINK_IsHalted()
T1E68 197:400.624 - 0.647ms returns FALSE
T1E68 197:508.960 JLINK_IsHalted()
T1E68 197:509.728 - 0.781ms returns FALSE
T1E68 197:509.776 JLINK_IsHalted()
T1E68 197:510.336 - 0.565ms returns FALSE
T1E68 197:617.696 JLINK_IsHalted()
T1E68 197:618.336 - 0.623ms returns FALSE
T1E68 197:618.368 JLINK_IsHalted()
T1E68 197:618.960 - 0.589ms returns FALSE
T1E68 197:727.456 JLINK_IsHalted()
T1E68 197:728.096 - 0.639ms returns FALSE
T1E68 197:728.144 JLINK_IsHalted()
T1E68 197:728.736 - 0.595ms returns FALSE
T1E68 197:836.528 JLINK_IsHalted()
T1E68 197:837.184 - 0.654ms returns FALSE
T1E68 197:837.216 JLINK_IsHalted()
T1E68 197:837.824 - 0.593ms returns FALSE
T1E68 197:946.048 JLINK_IsHalted()
T1E68 197:993.888 - 47.842ms returns FALSE
T1E68 197:993.936 JLINK_IsHalted()
T1E68 197:994.512 - 0.573ms returns FALSE
T0658 198:071.696 JLINK_IsHalted()
T0658 198:072.432 - 0.724ms returns FALSE
T0658 198:072.480 JLINK_IsHalted()
T0658 198:073.120 - 0.633ms returns FALSE
T1E68 198:102.448 JLINK_IsHalted()
T1E68 198:103.168 - 0.719ms returns FALSE
T1E68 198:103.200 JLINK_IsHalted()
T1E68 198:103.760 - 0.562ms returns FALSE
T1E68 198:212.288 JLINK_IsHalted()
T1E68 198:212.944 - 0.648ms returns FALSE
T1E68 198:212.960 JLINK_IsHalted()
T1E68 198:213.536 - 0.577ms returns FALSE
T1E68 198:321.248 JLINK_IsHalted()
T1E68 198:321.904 - 0.651ms returns FALSE
T1E68 198:321.936 JLINK_IsHalted()
T1E68 198:322.528 - 0.587ms returns FALSE
T1E68 198:430.960 JLINK_IsHalted()
T1E68 198:431.584 - 0.628ms returns FALSE
T1E68 198:431.616 JLINK_IsHalted()
T1E68 198:432.256 - 0.642ms returns FALSE
T1E68 198:539.616 JLINK_IsHalted()
T1E68 198:540.352 - 0.736ms returns FALSE
T1E68 198:540.384 JLINK_IsHalted()
T1E68 198:540.960 - 0.575ms returns FALSE
T1E68 198:649.408 JLINK_IsHalted()
T1E68 198:650.112 - 0.701ms returns FALSE
T1E68 198:650.144 JLINK_IsHalted()
T1E68 198:650.816 - 0.660ms returns FALSE
T1E68 198:759.136 JLINK_IsHalted()
T1E68 198:759.920 - 0.793ms returns FALSE
T1E68 198:760.032 JLINK_IsHalted()
T1E68 198:760.896 - 0.856ms returns FALSE
T1E68 198:867.904 JLINK_IsHalted()
T1E68 198:868.592 - 0.691ms returns FALSE
T1E68 198:868.624 JLINK_IsHalted()
T1E68 198:869.104 - 0.493ms returns FALSE
T1E68 198:977.632 JLINK_IsHalted()
T1E68 198:978.256 - 0.635ms returns FALSE
T1E68 198:978.272 JLINK_IsHalted()
T1E68 198:978.896 - 0.613ms returns FALSE
T0658 199:073.728 JLINK_IsHalted()
T0658 199:074.400 - 0.679ms returns FALSE
T0658 199:074.432 JLINK_IsHalted()
T0658 199:075.040 - 0.596ms returns FALSE
T1E68 199:086.400 JLINK_IsHalted()
T1E68 199:087.040 - 0.634ms returns FALSE
T1E68 199:087.072 JLINK_IsHalted()
T1E68 199:087.696 - 0.625ms returns FALSE
T1E68 199:196.256 JLINK_IsHalted()
T1E68 199:196.928 - 0.677ms returns FALSE
T1E68 199:196.960 JLINK_IsHalted()
T1E68 199:197.536 - 0.567ms returns FALSE
T1E68 199:306.080 JLINK_IsHalted()
T1E68 199:364.624 - 58.542ms returns FALSE
T1E68 199:364.688 JLINK_IsHalted()
T1E68 199:365.344 - 0.652ms returns FALSE
T1E68 199:462.048 JLINK_IsHalted()
T1E68 199:462.688 - 0.624ms returns FALSE
T1E68 199:462.704 JLINK_IsHalted()
T1E68 199:463.264 - 0.551ms returns FALSE
T1E68 199:571.120 JLINK_IsHalted()
T1E68 199:571.808 - 0.695ms returns FALSE
T1E68 199:571.904 JLINK_IsHalted()
T1E68 199:572.528 - 0.633ms returns FALSE
T1E68 199:680.896 JLINK_IsHalted()
T1E68 199:681.584 - 0.684ms returns FALSE
T1E68 199:681.632 JLINK_IsHalted()
T1E68 199:682.272 - 0.653ms returns FALSE
T1E68 199:789.616 JLINK_IsHalted()
T1E68 199:790.256 - 0.645ms returns FALSE
T1E68 199:790.288 JLINK_IsHalted()
T1E68 199:790.848 - 0.556ms returns FALSE
T1E68 199:899.344 JLINK_IsHalted()
T1E68 199:900.000 - 0.667ms returns FALSE
T1E68 199:900.064 JLINK_IsHalted()
T1E68 199:900.704 - 0.653ms returns FALSE
T1E68 200:008.608 JLINK_IsHalted()
T1E68 200:009.344 - 0.743ms returns FALSE
T1E68 200:009.376 JLINK_IsHalted()
T1E68 200:010.000 - 0.616ms returns FALSE
T0658 200:075.680 JLINK_IsHalted()
T0658 200:076.384 - 0.714ms returns FALSE
T0658 200:076.432 JLINK_IsHalted()
T0658 200:077.024 - 0.593ms returns FALSE
T1E68 200:118.352 JLINK_IsHalted()
T1E68 200:119.056 - 0.692ms returns FALSE
T1E68 200:119.088 JLINK_IsHalted()
T1E68 200:119.744 - 0.647ms returns FALSE
T1E68 200:227.184 JLINK_IsHalted()
T1E68 200:227.824 - 0.632ms returns FALSE
T1E68 200:227.856 JLINK_IsHalted()
T1E68 200:228.432 - 0.566ms returns FALSE
T1E68 200:337.024 JLINK_IsHalted()
T1E68 200:337.696 - 0.666ms returns FALSE
T1E68 200:337.712 JLINK_IsHalted()
T1E68 200:338.272 - 0.548ms returns FALSE
T1E68 200:446.064 JLINK_IsHalted()
T1E68 200:446.768 - 0.704ms returns FALSE
T1E68 200:446.816 JLINK_IsHalted()
T1E68 200:447.440 - 0.619ms returns FALSE
T1E68 200:555.920 JLINK_IsHalted()
T1E68 200:556.608 - 0.693ms returns FALSE
T1E68 200:556.640 JLINK_IsHalted()
T1E68 200:557.280 - 0.628ms returns FALSE
T1E68 200:664.688 JLINK_IsHalted()
T1E68 200:665.376 - 0.685ms returns FALSE
T1E68 200:665.424 JLINK_IsHalted()
T1E68 200:666.064 - 0.628ms returns FALSE
T1E68 200:774.896 JLINK_IsHalted()
T1E68 200:775.584 - 0.689ms returns FALSE
T1E68 200:775.632 JLINK_IsHalted()
T1E68 200:776.256 - 0.624ms returns FALSE
T1E68 200:883.360 JLINK_IsHalted()
T1E68 200:884.016 - 0.668ms returns FALSE
T1E68 200:884.064 JLINK_IsHalted()
T1E68 200:884.704 - 0.642ms returns FALSE
T1E68 200:993.088 JLINK_IsHalted()
T1E68 200:993.744 - 0.655ms returns FALSE
T1E68 200:993.776 JLINK_IsHalted()
T1E68 200:994.352 - 0.578ms returns FALSE
T0658 201:077.008 JLINK_IsHalted()
T0658 201:077.728 - 0.715ms returns FALSE
T0658 201:077.760 JLINK_IsHalted()
T0658 201:078.416 - 0.644ms returns FALSE
T1E68 201:102.752 JLINK_IsHalted()
T1E68 201:103.408 - 0.661ms returns FALSE
T1E68 201:103.440 JLINK_IsHalted()
T1E68 201:104.032 - 0.604ms returns FALSE
T1E68 201:211.584 JLINK_IsHalted()
T1E68 201:212.304 - 0.719ms returns FALSE
T1E68 201:212.336 JLINK_IsHalted()
T1E68 201:212.944 - 0.594ms returns FALSE
T1E68 201:321.536 JLINK_IsHalted()
T1E68 201:322.288 - 0.754ms returns FALSE
T1E68 201:322.320 JLINK_IsHalted()
T1E68 201:322.928 - 0.603ms returns FALSE
T1E68 201:430.272 JLINK_IsHalted()
T1E68 201:430.896 - 0.633ms returns FALSE
T1E68 201:430.928 JLINK_IsHalted()
T1E68 201:431.472 - 0.550ms returns FALSE
T1E68 201:540.160 JLINK_IsHalted()
T1E68 201:540.848 - 0.690ms returns FALSE
T1E68 201:540.896 JLINK_IsHalted()
T1E68 201:541.504 - 0.609ms returns FALSE
T1E68 201:649.184 JLINK_IsHalted()
T1E68 201:649.824 - 0.640ms returns FALSE
T1E68 201:649.856 JLINK_IsHalted()
T1E68 201:650.400 - 0.550ms returns FALSE
T1E68 201:759.008 JLINK_IsHalted()
T1E68 201:759.696 - 0.689ms returns FALSE
T1E68 201:759.728 JLINK_IsHalted()
T1E68 201:760.288 - 0.568ms returns FALSE
T1E68 201:868.000 JLINK_IsHalted()
T1E68 201:868.704 - 0.703ms returns FALSE
T1E68 201:868.752 JLINK_IsHalted()
T1E68 201:869.360 - 0.617ms returns FALSE
T1E68 201:977.904 JLINK_IsHalted()
T1E68 201:978.544 - 0.640ms returns FALSE
T1E68 201:978.576 JLINK_IsHalted()
T1E68 201:979.152 - 0.575ms returns FALSE
T0658 202:078.864 JLINK_IsHalted()
T0658 202:079.456 - 0.598ms returns FALSE
T0658 202:079.488 JLINK_IsHalted()
T0658 202:080.032 - 0.551ms returns FALSE
T1E68 202:086.688 JLINK_IsHalted()
T1E68 202:087.264 - 0.553ms returns FALSE
T1E68 202:087.264 JLINK_IsHalted()
T1E68 202:087.840 - 0.556ms returns FALSE
T1E68 202:196.496 JLINK_IsHalted()
T1E68 202:197.152 - 0.660ms returns FALSE
T1E68 202:197.184 JLINK_IsHalted()
T1E68 202:197.776 - 0.579ms returns FALSE
T1E68 202:305.472 JLINK_IsHalted()
T1E68 202:306.176 - 0.700ms returns FALSE
T1E68 202:306.224 JLINK_IsHalted()
T1E68 202:306.848 - 0.619ms returns FALSE
T1E68 202:415.216 JLINK_IsHalted()
T1E68 202:415.936 - 0.716ms returns FALSE
T1E68 202:415.968 JLINK_IsHalted()
T1E68 202:416.560 - 0.582ms returns FALSE
T1E68 202:524.128 JLINK_IsHalted()
T1E68 202:524.768 - 0.628ms returns FALSE
T1E68 202:524.800 JLINK_IsHalted()
T1E68 202:525.408 - 0.622ms returns FALSE
T1E68 202:633.760 JLINK_IsHalted()
T1E68 202:634.464 - 0.689ms returns FALSE
T1E68 202:634.496 JLINK_IsHalted()
T1E68 202:635.120 - 0.625ms returns FALSE
T1E68 202:743.584 JLINK_IsHalted()
T1E68 202:744.288 - 0.695ms returns FALSE
T1E68 202:744.320 JLINK_IsHalted()
T1E68 202:744.912 - 0.591ms returns FALSE
T1E68 202:852.288 JLINK_IsHalted()
T1E68 202:852.944 - 0.652ms returns FALSE
T1E68 202:852.976 JLINK_IsHalted()
T1E68 202:853.584 - 0.600ms returns FALSE
T1E68 202:962.144 JLINK_IsHalted()
T1E68 202:962.768 - 0.631ms returns FALSE
T1E68 202:962.784 JLINK_IsHalted()
T1E68 202:963.328 - 0.535ms returns FALSE
T1E68 203:071.072 JLINK_IsHalted()
T1E68 203:071.776 - 0.690ms returns FALSE
T1E68 203:071.792 JLINK_IsHalted()
T1E68 203:072.352 - 0.560ms returns FALSE
T0658 203:081.152 JLINK_IsHalted()
T0658 203:081.744 - 0.588ms returns FALSE
T0658 203:081.760 JLINK_IsHalted()
T0658 203:082.336 - 0.577ms returns FALSE
T1E68 203:180.832 JLINK_IsHalted()
T1E68 203:181.504 - 0.669ms returns FALSE
T1E68 203:181.552 JLINK_IsHalted()
T1E68 203:182.176 - 0.618ms returns FALSE
T1E68 203:289.728 JLINK_IsHalted()
T1E68 203:290.432 - 0.706ms returns FALSE
T1E68 203:290.480 JLINK_IsHalted()
T1E68 203:291.104 - 0.632ms returns FALSE
T1E68 203:399.088 JLINK_IsHalted()
T1E68 203:452.016 - 52.930ms returns FALSE
T1E68 203:452.064 JLINK_IsHalted()
T1E68 203:452.656 - 0.588ms returns FALSE
T1E68 203:555.632 JLINK_IsHalted()
T1E68 203:556.336 - 0.705ms returns FALSE
T1E68 203:556.384 JLINK_IsHalted()
T1E68 203:557.008 - 0.627ms returns FALSE
T1E68 203:664.864 JLINK_IsHalted()
T1E68 203:665.552 - 0.677ms returns FALSE
T1E68 203:665.584 JLINK_IsHalted()
T1E68 203:666.272 - 0.674ms returns FALSE
T1E68 203:774.608 JLINK_IsHalted()
T1E68 203:775.280 - 0.675ms returns FALSE
T1E68 203:775.328 JLINK_IsHalted()
T1E68 203:775.968 - 0.646ms returns FALSE
T1E68 203:883.328 JLINK_IsHalted()
T1E68 203:883.936 - 0.592ms returns FALSE
T1E68 203:883.952 JLINK_IsHalted()
T1E68 203:884.512 - 0.558ms returns FALSE
T1E68 203:993.248 JLINK_IsHalted()
T1E68 203:993.888 - 0.647ms returns FALSE
T1E68 203:993.936 JLINK_IsHalted()
T1E68 203:994.528 - 0.587ms returns FALSE
T0658 204:083.536 JLINK_IsHalted()
T0658 204:084.320 - 0.772ms returns FALSE
T0658 204:084.384 JLINK_IsHalted()
T0658 204:085.040 - 0.669ms returns FALSE
T1E68 204:102.384 JLINK_IsHalted()
T1E68 204:103.008 - 0.628ms returns FALSE
T1E68 204:103.040 JLINK_IsHalted()
T1E68 204:103.696 - 0.643ms returns FALSE
T1E68 204:212.176 JLINK_IsHalted()
T1E68 204:212.848 - 0.677ms returns FALSE
T1E68 204:212.896 JLINK_IsHalted()
T1E68 204:213.472 - 0.588ms returns FALSE
T1E68 204:321.008 JLINK_IsHalted()
T1E68 204:321.744 - 0.730ms returns FALSE
T1E68 204:321.792 JLINK_IsHalted()
T1E68 204:322.400 - 0.616ms returns FALSE
T1E68 204:430.912 JLINK_IsHalted()
T1E68 204:431.552 - 0.634ms returns FALSE
T1E68 204:431.584 JLINK_IsHalted()
T1E68 204:432.144 - 0.561ms returns FALSE
T1E68 204:539.872 JLINK_IsHalted()
T1E68 204:540.576 - 0.686ms returns FALSE
T1E68 204:540.608 JLINK_IsHalted()
T1E68 204:541.280 - 0.676ms returns FALSE
T1E68 204:649.632 JLINK_IsHalted()
T1E68 204:650.304 - 0.656ms returns FALSE
T1E68 204:650.336 JLINK_IsHalted()
T1E68 204:650.912 - 0.577ms returns FALSE
T1E68 204:759.088 JLINK_IsHalted()
T1E68 204:816.736 - 57.654ms returns FALSE
T1E68 204:816.800 JLINK_IsHalted()
T1E68 204:817.440 - 0.641ms returns FALSE
T1E68 204:914.816 JLINK_IsHalted()
T1E68 204:915.488 - 0.684ms returns FALSE
T1E68 204:915.552 JLINK_IsHalted()
T1E68 204:916.144 - 0.598ms returns FALSE
T1E68 205:024.800 JLINK_IsHalted()
T1E68 205:025.456 - 0.653ms returns FALSE
T1E68 205:025.504 JLINK_IsHalted()
T1E68 205:026.112 - 0.601ms returns FALSE
T0658 205:084.896 JLINK_IsHalted()
T0658 205:085.552 - 0.657ms returns FALSE
T0658 205:085.600 JLINK_IsHalted()
T0658 205:086.176 - 0.586ms returns FALSE
T1E68 205:133.504 JLINK_IsHalted()
T1E68 205:134.192 - 0.691ms returns FALSE
T1E68 205:134.240 JLINK_IsHalted()
T1E68 205:134.880 - 0.627ms returns FALSE
T1E68 205:243.232 JLINK_IsHalted()
T1E68 205:243.872 - 0.635ms returns FALSE
T1E68 205:243.888 JLINK_IsHalted()
T1E68 205:244.432 - 0.540ms returns FALSE
T1E68 205:352.464 JLINK_IsHalted()
T1E68 205:353.184 - 0.720ms returns FALSE
T1E68 205:353.216 JLINK_IsHalted()
T1E68 205:353.792 - 0.573ms returns FALSE
T1E68 205:462.240 JLINK_IsHalted()
T1E68 205:462.896 - 0.660ms returns FALSE
T1E68 205:462.944 JLINK_IsHalted()
T1E68 205:463.520 - 0.591ms returns FALSE
T1E68 205:571.040 JLINK_IsHalted()
T1E68 205:571.696 - 0.670ms returns FALSE
T1E68 205:571.728 JLINK_IsHalted()
T1E68 205:572.288 - 0.557ms returns FALSE
T1E68 205:680.768 JLINK_IsHalted()
T1E68 205:681.456 - 0.700ms returns FALSE
T1E68 205:681.504 JLINK_IsHalted()
T1E68 205:682.096 - 0.598ms returns FALSE
T1E68 205:789.536 JLINK_IsHalted()
T1E68 205:790.272 - 0.739ms returns FALSE
T1E68 205:790.304 JLINK_IsHalted()
T1E68 205:790.912 - 0.601ms returns FALSE
T1E68 205:899.296 JLINK_IsHalted()
T1E68 205:899.968 - 0.662ms returns FALSE
T1E68 205:900.000 JLINK_IsHalted()
T1E68 205:900.592 - 0.596ms returns FALSE
T1E68 206:008.960 JLINK_IsHalted()
T1E68 206:009.696 - 0.736ms returns FALSE
T1E68 206:009.744 JLINK_IsHalted()
T1E68 206:010.320 - 0.585ms returns FALSE
T0658 206:086.928 JLINK_IsHalted()
T0658 206:087.552 - 0.632ms returns FALSE
T0658 206:087.584 JLINK_IsHalted()
T0658 206:088.112 - 0.543ms returns FALSE
T1E68 206:117.792 JLINK_IsHalted()
T1E68 206:118.448 - 0.671ms returns FALSE
T1E68 206:118.496 JLINK_IsHalted()
T1E68 206:119.136 - 0.629ms returns FALSE
T1E68 206:227.984 JLINK_IsHalted()
T1E68 206:228.592 - 0.617ms returns FALSE
T1E68 206:228.624 JLINK_IsHalted()
T1E68 206:229.264 - 0.642ms returns FALSE
T1E68 206:337.280 JLINK_IsHalted()
T1E68 206:338.000 - 0.720ms returns FALSE
T1E68 206:338.032 JLINK_IsHalted()
T1E68 206:338.704 - 0.670ms returns FALSE
T1E68 206:446.352 JLINK_IsHalted()
T1E68 206:447.056 - 0.708ms returns FALSE
T1E68 206:447.088 JLINK_IsHalted()
T1E68 206:447.744 - 0.652ms returns FALSE
T1E68 206:556.096 JLINK_IsHalted()
T1E68 206:556.736 - 0.645ms returns FALSE
T1E68 206:556.768 JLINK_IsHalted()
T1E68 206:557.280 - 0.513ms returns FALSE
T1E68 206:665.248 JLINK_IsHalted()
T1E68 206:665.952 - 0.687ms returns FALSE
T1E68 206:665.984 JLINK_IsHalted()
T1E68 206:666.704 - 0.720ms returns FALSE
T1E68 206:774.032 JLINK_IsHalted()
T1E68 206:774.720 - 0.691ms returns FALSE
T1E68 206:774.752 JLINK_IsHalted()
T1E68 206:775.440 - 0.674ms returns FALSE
T1E68 206:883.760 JLINK_IsHalted()
T1E68 206:884.480 - 0.723ms returns FALSE
T1E68 206:884.512 JLINK_IsHalted()
T1E68 206:885.104 - 0.591ms returns FALSE
T1E68 206:993.712 JLINK_IsHalted()
T1E68 206:994.720 - 0.992ms returns FALSE
T1E68 206:995.024 JLINK_IsHalted()
T1E68 206:995.648 - 0.624ms returns FALSE
T0658 207:088.224 JLINK_IsHalted()
T0658 207:088.816 - 0.606ms returns FALSE
T0658 207:088.848 JLINK_IsHalted()
T0658 207:089.408 - 0.561ms returns FALSE
T1E68 207:101.984 JLINK_IsHalted()
T1E68 207:102.720 - 0.723ms returns FALSE
T1E68 207:102.752 JLINK_IsHalted()
T1E68 207:103.344 - 0.600ms returns FALSE
T1E68 207:211.808 JLINK_IsHalted()
T1E68 207:212.448 - 0.652ms returns FALSE
T1E68 207:212.480 JLINK_IsHalted()
T1E68 207:213.088 - 0.594ms returns FALSE
T1E68 207:320.944 JLINK_IsHalted()
T1E68 207:321.616 - 0.657ms returns FALSE
T1E68 207:321.632 JLINK_IsHalted()
T1E68 207:322.288 - 0.650ms returns FALSE
T1E68 207:430.704 JLINK_IsHalted()
T1E68 207:431.440 - 0.728ms returns FALSE
T1E68 207:431.472 JLINK_IsHalted()
T1E68 207:432.096 - 0.610ms returns FALSE
T1E68 207:539.984 JLINK_IsHalted()
T1E68 207:540.704 - 0.735ms returns FALSE
T1E68 207:540.768 JLINK_IsHalted()
T1E68 207:541.376 - 0.614ms returns FALSE
T1E68 207:649.728 JLINK_IsHalted()
T1E68 207:650.416 - 0.686ms returns FALSE
T1E68 207:650.464 JLINK_IsHalted()
T1E68 207:651.088 - 0.620ms returns FALSE
T1E68 207:759.056 JLINK_IsHalted()
T1E68 207:759.760 - 0.709ms returns FALSE
T1E68 207:759.792 JLINK_IsHalted()
T1E68 207:760.352 - 0.553ms returns FALSE
T1E68 207:867.824 JLINK_IsHalted()
T1E68 207:868.464 - 0.638ms returns FALSE
T1E68 207:868.480 JLINK_IsHalted()
T1E68 207:869.024 - 0.545ms returns FALSE
T1E68 207:977.552 JLINK_IsHalted()
T1E68 207:978.272 - 0.734ms returns FALSE
T1E68 207:978.336 JLINK_IsHalted()
T1E68 207:978.976 - 0.642ms returns FALSE
T1E68 208:087.312 JLINK_IsHalted()
T1E68 208:088.016 - 0.709ms returns FALSE
T1E68 208:088.064 JLINK_IsHalted()
T1E68 208:088.720 - 0.650ms returns FALSE
T0658 208:089.408 JLINK_IsHalted()
T0658 208:090.016 - 0.606ms returns FALSE
T0658 208:090.048 JLINK_IsHalted()
T0658 208:090.704 - 0.650ms returns FALSE
T1E68 208:195.888 JLINK_IsHalted()
T1E68 208:196.512 - 0.614ms returns FALSE
T1E68 208:196.528 JLINK_IsHalted()
T1E68 208:197.072 - 0.541ms returns FALSE
T1E68 208:305.632 JLINK_IsHalted()
T1E68 208:306.336 - 0.694ms returns FALSE
T1E68 208:306.384 JLINK_IsHalted()
T1E68 208:306.992 - 0.613ms returns FALSE
T1E68 208:415.360 JLINK_IsHalted()
T1E68 208:416.064 - 0.696ms returns FALSE
T1E68 208:416.112 JLINK_IsHalted()
T1E68 208:416.736 - 0.626ms returns FALSE
T1E68 208:524.016 JLINK_IsHalted()
T1E68 208:524.688 - 0.661ms returns FALSE
T1E68 208:524.704 JLINK_IsHalted()
T1E68 208:525.248 - 0.546ms returns FALSE
T1E68 208:633.776 JLINK_IsHalted()
T1E68 208:634.464 - 0.685ms returns FALSE
T1E68 208:634.512 JLINK_IsHalted()
T1E68 208:635.136 - 0.631ms returns FALSE
T1E68 208:743.424 JLINK_IsHalted()
T1E68 208:744.032 - 0.605ms returns FALSE
T1E68 208:744.048 JLINK_IsHalted()
T1E68 208:744.672 - 0.621ms returns FALSE
T1E68 208:852.320 JLINK_IsHalted()
T1E68 208:852.976 - 0.649ms returns FALSE
T1E68 208:853.008 JLINK_IsHalted()
T1E68 208:853.552 - 0.548ms returns FALSE
T1E68 208:961.744 JLINK_IsHalted()
T1E68 208:962.416 - 0.682ms returns FALSE
T1E68 208:962.464 JLINK_IsHalted()
T1E68 208:963.072 - 0.600ms returns FALSE
T1E68 209:070.896 JLINK_IsHalted()
T1E68 209:071.648 - 0.743ms returns FALSE
T1E68 209:071.696 JLINK_IsHalted()
T1E68 209:072.336 - 0.635ms returns FALSE
T0658 209:091.072 JLINK_IsHalted()
T0658 209:091.776 - 0.695ms returns FALSE
T0658 209:091.824 JLINK_IsHalted()
T0658 209:092.432 - 0.599ms returns FALSE
T1E68 209:180.560 JLINK_IsHalted()
T1E68 209:181.200 - 0.640ms returns FALSE
T1E68 209:181.216 JLINK_IsHalted()
T1E68 209:181.792 - 0.572ms returns FALSE
T1E68 209:289.632 JLINK_IsHalted()
T1E68 209:290.320 - 0.692ms returns FALSE
T1E68 209:290.352 JLINK_IsHalted()
T1E68 209:290.976 - 0.614ms returns FALSE
T1E68 209:399.616 JLINK_IsHalted()
T1E68 209:400.288 - 0.661ms returns FALSE
T1E68 209:400.304 JLINK_IsHalted()
T1E68 209:400.880 - 0.575ms returns FALSE
T1E68 209:508.256 JLINK_IsHalted()
T1E68 209:508.960 - 0.693ms returns FALSE
T1E68 209:509.008 JLINK_IsHalted()
T1E68 209:509.632 - 0.621ms returns FALSE
T1E68 209:618.048 JLINK_IsHalted()
T1E68 209:618.752 - 0.708ms returns FALSE
T1E68 209:618.784 JLINK_IsHalted()
T1E68 209:619.376 - 0.583ms returns FALSE
T1E68 209:727.744 JLINK_IsHalted()
T1E68 209:728.352 - 0.616ms returns FALSE
T1E68 209:728.384 JLINK_IsHalted()
T1E68 209:728.912 - 0.519ms returns FALSE
T1E68 209:836.480 JLINK_IsHalted()
T1E68 209:837.104 - 0.616ms returns FALSE
T1E68 209:837.120 JLINK_IsHalted()
T1E68 209:837.728 - 0.600ms returns FALSE
T1E68 209:946.176 JLINK_IsHalted()
T1E68 209:946.928 - 0.746ms returns FALSE
T1E68 209:946.960 JLINK_IsHalted()
T1E68 209:947.568 - 0.611ms returns FALSE
T1E68 210:055.184 JLINK_IsHalted()
T1E68 210:055.888 - 0.697ms returns FALSE
T1E68 210:055.920 JLINK_IsHalted()
T1E68 210:056.560 - 0.631ms returns FALSE
T0658 210:093.216 JLINK_IsHalted()
T0658 210:093.952 - 0.746ms returns FALSE
T0658 210:094.032 JLINK_IsHalted()
T0658 210:094.720 - 0.692ms returns FALSE
T1E68 210:164.880 JLINK_IsHalted()
T1E68 210:165.600 - 0.739ms returns FALSE
T1E68 210:165.664 JLINK_IsHalted()
T1E68 210:166.288 - 0.625ms returns FALSE
T1E68 210:273.984 JLINK_IsHalted()
T1E68 210:274.704 - 0.708ms returns FALSE
T1E68 210:274.736 JLINK_IsHalted()
T1E68 210:275.408 - 0.670ms returns FALSE
T1E68 210:383.392 JLINK_IsHalted()
T1E68 210:384.064 - 0.668ms returns FALSE
T1E68 210:384.096 JLINK_IsHalted()
T1E68 210:384.688 - 0.595ms returns FALSE
T1E68 210:493.392 JLINK_IsHalted()
T1E68 210:494.096 - 0.702ms returns FALSE
T1E68 210:494.128 JLINK_IsHalted()
T1E68 210:494.800 - 0.657ms returns FALSE
T1E68 210:602.208 JLINK_IsHalted()
T1E68 210:602.880 - 0.661ms returns FALSE
T1E68 210:602.912 JLINK_IsHalted()
T1E68 210:603.456 - 0.533ms returns FALSE
T1E68 210:712.016 JLINK_IsHalted()
T1E68 210:712.704 - 0.687ms returns FALSE
T1E68 210:712.752 JLINK_IsHalted()
T1E68 210:713.376 - 0.627ms returns FALSE
T1E68 210:821.696 JLINK_IsHalted()
T1E68 210:822.432 - 0.729ms returns FALSE
T1E68 210:822.464 JLINK_IsHalted()
T1E68 210:823.056 - 0.593ms returns FALSE
T1E68 210:930.528 JLINK_IsHalted()
T1E68 210:931.184 - 0.668ms returns FALSE
T1E68 210:931.216 JLINK_IsHalted()
T1E68 210:931.808 - 0.588ms returns FALSE
T1E68 211:040.256 JLINK_IsHalted()
T1E68 211:040.928 - 0.670ms returns FALSE
T1E68 211:040.944 JLINK_IsHalted()
T1E68 211:041.472 - 0.533ms returns FALSE
T0658 211:095.232 JLINK_IsHalted()
T0658 211:095.952 - 0.710ms returns FALSE
T0658 211:095.984 JLINK_IsHalted()
T0658 211:096.608 - 0.612ms returns FALSE
T1E68 211:148.992 JLINK_IsHalted()
T1E68 211:149.696 - 0.711ms returns FALSE
T1E68 211:149.728 JLINK_IsHalted()
T1E68 211:150.304 - 0.583ms returns FALSE
T1E68 211:258.688 JLINK_IsHalted()
T1E68 211:259.424 - 0.726ms returns FALSE
T1E68 211:259.440 JLINK_IsHalted()
T1E68 211:260.032 - 0.582ms returns FALSE
T1E68 211:367.664 JLINK_IsHalted()
T1E68 211:368.288 - 0.616ms returns FALSE
T1E68 211:368.304 JLINK_IsHalted()
T1E68 211:368.864 - 0.554ms returns FALSE
T1E68 211:477.392 JLINK_IsHalted()
T1E68 211:478.080 - 0.688ms returns FALSE
T1E68 211:478.112 JLINK_IsHalted()
T1E68 211:478.720 - 0.600ms returns FALSE
T1E68 211:587.072 JLINK_IsHalted()
T1E68 211:587.680 - 0.618ms returns FALSE
T1E68 211:587.712 JLINK_IsHalted()
T1E68 211:588.256 - 0.533ms returns FALSE
T1E68 211:695.968 JLINK_IsHalted()
T1E68 211:696.720 - 0.747ms returns FALSE
T1E68 211:696.752 JLINK_IsHalted()
T1E68 211:697.344 - 0.593ms returns FALSE
T1E68 211:806.032 JLINK_IsHalted()
T1E68 211:806.720 - 0.684ms returns FALSE
T1E68 211:806.752 JLINK_IsHalted()
T1E68 211:807.344 - 0.597ms returns FALSE
T1E68 211:914.688 JLINK_IsHalted()
T1E68 211:915.328 - 0.639ms returns FALSE
T1E68 211:915.360 JLINK_IsHalted()
T1E68 211:915.904 - 0.549ms returns FALSE
T1E68 212:024.352 JLINK_IsHalted()
T1E68 212:025.008 - 0.667ms returns FALSE
T1E68 212:025.056 JLINK_IsHalted()
T1E68 212:025.664 - 0.611ms returns FALSE
T0658 212:097.280 JLINK_IsHalted()
T0658 212:097.888 - 0.594ms returns FALSE
T0658 212:097.904 JLINK_IsHalted()
T0658 212:098.464 - 0.548ms returns FALSE
T1E68 212:133.536 JLINK_IsHalted()
T1E68 212:134.144 - 0.597ms returns FALSE
T1E68 212:134.176 JLINK_IsHalted()
T1E68 212:134.736 - 0.557ms returns FALSE
T1E68 212:243.184 JLINK_IsHalted()
T1E68 212:243.904 - 0.715ms returns FALSE
T1E68 212:243.936 JLINK_IsHalted()
T1E68 212:244.560 - 0.611ms returns FALSE
T1E68 212:352.544 JLINK_IsHalted()
T1E68 212:353.264 - 0.713ms returns FALSE
T1E68 212:353.296 JLINK_IsHalted()
T1E68 212:353.872 - 0.572ms returns FALSE
T1E68 212:461.424 JLINK_IsHalted()
T1E68 212:462.112 - 0.676ms returns FALSE
T1E68 212:462.144 JLINK_IsHalted()
T1E68 212:462.752 - 0.611ms returns FALSE
T1E68 212:571.168 JLINK_IsHalted()
T1E68 212:571.872 - 0.697ms returns FALSE
T1E68 212:571.920 JLINK_IsHalted()
T1E68 212:572.528 - 0.609ms returns FALSE
T1E68 212:680.960 JLINK_IsHalted()
T1E68 212:681.696 - 0.737ms returns FALSE
T1E68 212:681.744 JLINK_IsHalted()
T1E68 212:682.384 - 0.630ms returns FALSE
T1E68 212:789.616 JLINK_IsHalted()
T1E68 212:790.368 - 0.740ms returns FALSE
T1E68 212:790.400 JLINK_IsHalted()
T1E68 212:790.992 - 0.597ms returns FALSE
T1E68 212:899.488 JLINK_IsHalted()
T1E68 212:900.112 - 0.613ms returns FALSE
T1E68 212:900.144 JLINK_IsHalted()
T1E68 212:900.720 - 0.569ms returns FALSE
T1E68 213:008.816 JLINK_IsHalted()
T1E68 213:009.488 - 0.671ms returns FALSE
T1E68 213:009.520 JLINK_IsHalted()
T1E68 213:010.144 - 0.614ms returns FALSE
T0658 213:098.896 JLINK_IsHalted()
T0658 213:099.552 - 0.672ms returns FALSE
T0658 213:099.600 JLINK_IsHalted()
T0658 213:100.288 - 0.690ms returns FALSE
T1E68 213:117.952 JLINK_IsHalted()
T1E68 213:118.624 - 0.678ms returns FALSE
T1E68 213:118.672 JLINK_IsHalted()
T1E68 213:119.280 - 0.612ms returns FALSE
T1E68 213:227.696 JLINK_IsHalted()
T1E68 213:228.320 - 0.627ms returns FALSE
T1E68 213:228.352 JLINK_IsHalted()
T1E68 213:228.928 - 0.578ms returns FALSE
T1E68 213:336.656 JLINK_IsHalted()
T1E68 213:337.280 - 0.621ms returns FALSE
T1E68 213:337.312 JLINK_IsHalted()
T1E68 213:337.936 - 0.614ms returns FALSE
T1E68 213:446.560 JLINK_IsHalted()
T1E68 213:447.280 - 0.712ms returns FALSE
T1E68 213:447.328 JLINK_IsHalted()
T1E68 213:447.920 - 0.600ms returns FALSE
T1E68 213:555.584 JLINK_IsHalted()
T1E68 213:556.288 - 0.705ms returns FALSE
T1E68 213:556.320 JLINK_IsHalted()
T1E68 213:556.944 - 0.612ms returns FALSE
T1E68 213:664.544 JLINK_IsHalted()
T1E68 213:665.184 - 0.640ms returns FALSE
T1E68 213:665.232 JLINK_IsHalted()
T1E68 213:665.824 - 0.587ms returns FALSE
T1E68 213:774.432 JLINK_IsHalted()
T1E68 213:775.136 - 0.694ms returns FALSE
T1E68 213:775.168 JLINK_IsHalted()
T1E68 213:775.776 - 0.611ms returns FALSE
T1E68 213:883.392 JLINK_IsHalted()
T1E68 213:884.064 - 0.685ms returns FALSE
T1E68 213:884.128 JLINK_IsHalted()
T1E68 213:884.752 - 0.629ms returns FALSE
T1E68 213:993.120 JLINK_IsHalted()
T1E68 213:993.808 - 0.681ms returns FALSE
T1E68 213:993.856 JLINK_IsHalted()
T1E68 213:994.464 - 0.619ms returns FALSE
T0658 214:100.080 JLINK_IsHalted()
T0658 214:100.784 - 0.703ms returns FALSE
T0658 214:100.832 JLINK_IsHalted()
T0658 214:101.504 - 0.657ms returns FALSE
T1E68 214:102.928 JLINK_IsHalted()
T1E68 214:103.536 - 0.614ms returns FALSE
T1E68 214:103.568 JLINK_IsHalted()
T1E68 214:104.144 - 0.567ms returns FALSE
T1E68 214:211.680 JLINK_IsHalted()
T1E68 214:212.384 - 0.700ms returns FALSE
T1E68 214:212.416 JLINK_IsHalted()
T1E68 214:213.024 - 0.600ms returns FALSE
T1E68 214:320.800 JLINK_IsHalted()
T1E68 214:350.928 - 30.132ms returns FALSE
T1E68 214:350.976 JLINK_IsHalted()
T1E68 214:351.584 - 0.615ms returns FALSE
T1E68 214:446.656 JLINK_IsHalted()
T1E68 214:447.360 - 0.698ms returns FALSE
T1E68 214:447.392 JLINK_IsHalted()
T1E68 214:447.968 - 0.575ms returns FALSE
T1E68 214:555.760 JLINK_IsHalted()
T1E68 214:556.384 - 0.617ms returns FALSE
T1E68 214:556.400 JLINK_IsHalted()
T1E68 214:556.960 - 0.542ms returns FALSE
T1E68 214:664.848 JLINK_IsHalted()
T1E68 214:665.536 - 0.692ms returns FALSE
T1E68 214:665.568 JLINK_IsHalted()
T1E68 214:666.272 - 0.700ms returns FALSE
T1E68 214:774.144 JLINK_IsHalted()
T1E68 214:774.816 - 0.675ms returns FALSE
T1E68 214:774.880 JLINK_IsHalted()
T1E68 214:775.472 - 0.589ms returns FALSE
T1E68 214:883.792 JLINK_IsHalted()
T1E68 214:884.512 - 0.700ms returns FALSE
T1E68 214:884.528 JLINK_IsHalted()
T1E68 214:885.280 - 0.737ms returns FALSE
T1E68 214:993.536 JLINK_IsHalted()
T1E68 214:994.272 - 0.732ms returns FALSE
T1E68 214:994.336 JLINK_IsHalted()
T1E68 214:994.912 - 0.602ms returns FALSE
T0658 215:101.616 JLINK_IsHalted()
T0658 215:102.336 - 0.716ms returns FALSE
T0658 215:102.384 JLINK_IsHalted()
T0658 215:103.024 - 0.636ms returns FALSE
T1E68 215:103.104 JLINK_IsHalted()
T1E68 215:103.696 - 0.583ms returns FALSE
T1E68 215:103.712 JLINK_IsHalted()
T1E68 215:104.288 - 0.554ms returns FALSE
T1E68 215:212.256 JLINK_IsHalted()
T1E68 215:212.960 - 0.694ms returns FALSE
T1E68 215:212.976 JLINK_IsHalted()
T1E68 215:213.600 - 0.609ms returns FALSE
T1E68 215:321.136 JLINK_IsHalted()
T1E68 215:321.808 - 0.674ms returns FALSE
T1E68 215:321.856 JLINK_IsHalted()
T1E68 215:322.448 - 0.602ms returns FALSE
T1E68 215:430.192 JLINK_IsHalted()
T1E68 215:430.880 - 0.689ms returns FALSE
T1E68 215:430.944 JLINK_IsHalted()
T1E68 215:431.520 - 0.590ms returns FALSE
T1E68 215:539.936 JLINK_IsHalted()
T1E68 215:540.640 - 0.679ms returns FALSE
T1E68 215:540.656 JLINK_IsHalted()
T1E68 215:541.280 - 0.606ms returns FALSE
T1E68 215:649.744 JLINK_IsHalted()
T1E68 215:650.432 - 0.691ms returns FALSE
T1E68 215:650.464 JLINK_IsHalted()
T1E68 215:651.072 - 0.591ms returns FALSE
T1E68 215:758.816 JLINK_IsHalted()
T1E68 215:759.520 - 0.692ms returns FALSE
T1E68 215:759.536 JLINK_IsHalted()
T1E68 215:760.160 - 0.612ms returns FALSE
T1E68 215:868.336 JLINK_IsHalted()
T1E68 215:869.056 - 0.702ms returns FALSE
T1E68 215:869.104 JLINK_IsHalted()
T1E68 215:869.728 - 0.632ms returns FALSE
T1E68 215:977.888 JLINK_IsHalted()
T1E68 215:978.544 - 0.665ms returns FALSE
T1E68 215:978.576 JLINK_IsHalted()
T1E68 215:979.136 - 0.553ms returns FALSE
T1E68 216:086.576 JLINK_IsHalted()
T1E68 216:087.248 - 0.671ms returns FALSE
T1E68 216:087.296 JLINK_IsHalted()
T1E68 216:087.840 - 0.552ms returns FALSE
T0658 216:102.736 JLINK_IsHalted()
T0658 216:103.424 - 0.683ms returns FALSE
T0658 216:103.504 JLINK_IsHalted()
T0658 216:104.144 - 0.645ms returns FALSE
T1E68 216:196.320 JLINK_IsHalted()
T1E68 216:196.960 - 0.651ms returns FALSE
T1E68 216:197.024 JLINK_IsHalted()
T1E68 216:197.600 - 0.591ms returns FALSE
T1E68 216:305.248 JLINK_IsHalted()
T1E68 216:305.952 - 0.684ms returns FALSE
T1E68 216:305.968 JLINK_IsHalted()
T1E68 216:306.560 - 0.587ms returns FALSE
T1E68 216:414.896 JLINK_IsHalted()
T1E68 216:415.584 - 0.678ms returns FALSE
T1E68 216:415.616 JLINK_IsHalted()
T1E68 216:416.256 - 0.642ms returns FALSE
T1E68 216:524.592 JLINK_IsHalted()
T1E68 216:525.344 - 0.731ms returns FALSE
T1E68 216:525.440 JLINK_IsHalted()
T1E68 216:526.080 - 0.629ms returns FALSE
T1E68 216:633.760 JLINK_IsHalted()
T1E68 216:634.416 - 0.676ms returns FALSE
T1E68 216:634.464 JLINK_IsHalted()
T1E68 216:635.088 - 0.618ms returns FALSE
T1E68 216:743.632 JLINK_IsHalted()
T1E68 216:744.288 - 0.678ms returns FALSE
T1E68 216:744.352 JLINK_IsHalted()
T1E68 216:744.928 - 0.599ms returns FALSE
T1E68 216:852.320 JLINK_IsHalted()
T1E68 216:852.960 - 0.644ms returns FALSE
T1E68 216:853.024 JLINK_IsHalted()
T1E68 216:853.600 - 0.603ms returns FALSE
T1E68 216:962.048 JLINK_IsHalted()
T1E68 216:962.768 - 0.709ms returns FALSE
T1E68 216:962.784 JLINK_IsHalted()
T1E68 216:963.376 - 0.585ms returns FALSE
T1E68 217:071.440 JLINK_IsHalted()
T1E68 217:079.296 - 7.854ms returns FALSE
T1E68 217:079.328 JLINK_IsHalted()
T1E68 217:079.904 - 0.577ms returns FALSE
T0658 217:104.608 JLINK_IsHalted()
T0658 217:105.312 - 0.694ms returns FALSE
T0658 217:105.360 JLINK_IsHalted()
T0658 217:106.000 - 0.638ms returns FALSE
T1E68 217:180.192 JLINK_IsHalted()
T1E68 217:180.832 - 0.651ms returns FALSE
T1E68 217:180.848 JLINK_IsHalted()
T1E68 217:181.408 - 0.549ms returns FALSE
T1E68 217:290.032 JLINK_IsHalted()
T1E68 217:290.656 - 0.636ms returns FALSE
T1E68 217:290.672 JLINK_IsHalted()
T1E68 217:291.232 - 0.550ms returns FALSE
T1E68 217:398.960 JLINK_IsHalted()
T1E68 217:399.728 - 0.767ms returns FALSE
T1E68 217:399.760 JLINK_IsHalted()
T1E68 217:400.400 - 0.637ms returns FALSE
T1E68 217:508.640 JLINK_IsHalted()
T1E68 217:509.344 - 0.715ms returns FALSE
T1E68 217:509.376 JLINK_IsHalted()
T1E68 217:509.984 - 0.588ms returns FALSE
T1E68 217:618.480 JLINK_IsHalted()
T1E68 217:619.200 - 0.710ms returns FALSE
T1E68 217:619.232 JLINK_IsHalted()
T1E68 217:619.840 - 0.600ms returns FALSE
T1E68 217:727.440 JLINK_IsHalted()
T1E68 217:728.128 - 0.704ms returns FALSE
T1E68 217:728.176 JLINK_IsHalted()
T1E68 217:728.800 - 0.619ms returns FALSE
T1E68 217:837.392 JLINK_IsHalted()
T1E68 217:838.080 - 0.707ms returns FALSE
T1E68 217:838.128 JLINK_IsHalted()
T1E68 217:838.800 - 0.650ms returns FALSE
T1E68 217:946.064 JLINK_IsHalted()
T1E68 217:946.784 - 0.710ms returns FALSE
T1E68 217:946.832 JLINK_IsHalted()
T1E68 217:947.472 - 0.631ms returns FALSE
T1E68 218:055.888 JLINK_IsHalted()
T1E68 218:056.576 - 0.695ms returns FALSE
T1E68 218:056.624 JLINK_IsHalted()
T1E68 218:057.296 - 0.660ms returns FALSE
T0658 218:106.960 JLINK_IsHalted()
T0658 218:107.568 - 0.609ms returns FALSE
T0658 218:107.600 JLINK_IsHalted()
T0658 218:108.256 - 0.670ms returns FALSE
T1E68 218:164.608 JLINK_IsHalted()
T1E68 218:165.280 - 0.661ms returns FALSE
T1E68 218:165.296 JLINK_IsHalted()
T1E68 218:165.888 - 0.577ms returns FALSE
T1E68 218:274.352 JLINK_IsHalted()
T1E68 218:275.040 - 0.699ms returns FALSE
T1E68 218:275.104 JLINK_IsHalted()
T1E68 218:275.680 - 0.589ms returns FALSE
T1E68 218:384.048 JLINK_IsHalted()
T1E68 218:384.736 - 0.685ms returns FALSE
T1E68 218:444.064 JLINK_IsHalted()
T1E68 218:444.672 - 0.619ms returns FALSE
T1E68 218:540.112 JLINK_IsHalted()
T1E68 218:540.768 - 0.667ms returns FALSE
T1E68 218:540.832 JLINK_IsHalted()
T1E68 218:541.392 - 0.575ms returns FALSE
T1E68 218:649.696 JLINK_IsHalted()
T1E68 218:650.368 - 0.669ms returns FALSE
T1E68 218:650.416 JLINK_IsHalted()
T1E68 218:651.008 - 0.600ms returns FALSE
T1E68 218:758.688 JLINK_IsHalted()
T1E68 218:759.392 - 0.718ms returns FALSE
T1E68 218:759.456 JLINK_IsHalted()
T1E68 218:760.032 - 0.593ms returns FALSE
T1E68 218:868.400 JLINK_IsHalted()
T1E68 218:869.072 - 0.650ms returns FALSE
T1E68 218:869.088 JLINK_IsHalted()
T1E68 218:869.680 - 0.594ms returns FALSE
T1E68 218:977.232 JLINK_IsHalted()
T1E68 218:977.952 - 0.696ms returns FALSE
T1E68 218:977.968 JLINK_IsHalted()
T1E68 218:978.560 - 0.581ms returns FALSE
T1E68 219:086.928 JLINK_IsHalted()
T1E68 219:087.536 - 0.635ms returns FALSE
T1E68 219:087.616 JLINK_IsHalted()
T1E68 219:088.160 - 0.558ms returns FALSE
T0658 219:108.064 JLINK_IsHalted()
T0658 219:108.784 - 0.713ms returns FALSE
T0658 219:108.832 JLINK_IsHalted()
T0658 219:109.456 - 0.610ms returns FALSE
T1E68 219:196.672 JLINK_IsHalted()
T1E68 219:197.360 - 0.683ms returns FALSE
T1E68 219:197.408 JLINK_IsHalted()
T1E68 219:198.000 - 0.610ms returns FALSE
T1E68 219:305.376 JLINK_IsHalted()
T1E68 219:306.064 - 0.691ms returns FALSE
T1E68 219:306.080 JLINK_IsHalted()
T1E68 219:306.720 - 0.614ms returns FALSE
T1E68 219:415.120 JLINK_IsHalted()
T1E68 219:415.760 - 0.652ms returns FALSE
T1E68 219:415.808 JLINK_IsHalted()
T1E68 219:416.448 - 0.653ms returns FALSE
T1E68 219:524.816 JLINK_IsHalted()
T1E68 219:525.472 - 0.666ms returns FALSE
T1E68 219:525.536 JLINK_IsHalted()
T1E68 219:526.144 - 0.608ms returns FALSE
T1E68 219:633.584 JLINK_IsHalted()
T1E68 219:634.272 - 0.699ms returns FALSE
T1E68 219:634.336 JLINK_IsHalted()
T1E68 219:634.976 - 0.631ms returns FALSE
T1E68 219:743.328 JLINK_IsHalted()
T1E68 219:744.032 - 0.709ms returns FALSE
T1E68 219:744.080 JLINK_IsHalted()
T1E68 219:744.720 - 0.637ms returns FALSE
T1E68 219:852.704 JLINK_IsHalted()
T1E68 219:853.408 - 0.716ms returns FALSE
T1E68 219:853.440 JLINK_IsHalted()
T1E68 219:854.080 - 0.619ms returns FALSE
T1E68 219:961.888 JLINK_IsHalted()
T1E68 219:962.672 - 0.797ms returns FALSE
T1E68 219:962.704 JLINK_IsHalted()
T1E68 219:963.264 - 0.548ms returns FALSE
T1E68 220:070.816 JLINK_IsHalted()
T1E68 220:071.472 - 0.666ms returns FALSE
T1E68 220:071.520 JLINK_IsHalted()
T1E68 220:072.096 - 0.583ms returns FALSE
T0658 220:109.088 JLINK_IsHalted()
T0658 220:109.744 - 0.672ms returns FALSE
T0658 220:109.792 JLINK_IsHalted()
T0658 220:110.384 - 0.599ms returns FALSE
T1E68 220:180.864 JLINK_IsHalted()
T1E68 220:181.552 - 0.690ms returns FALSE
T1E68 220:181.600 JLINK_IsHalted()
T1E68 220:182.272 - 0.667ms returns FALSE
T1E68 220:289.888 JLINK_IsHalted()
T1E68 220:290.528 - 0.637ms returns FALSE
T1E68 220:290.560 JLINK_IsHalted()
T1E68 220:291.152 - 0.575ms returns FALSE
T1E68 220:399.776 JLINK_IsHalted()
T1E68 220:400.464 - 0.688ms returns FALSE
T1E68 220:400.480 JLINK_IsHalted()
T1E68 220:401.104 - 0.612ms returns FALSE
T1E68 220:508.592 JLINK_IsHalted()
T1E68 220:509.280 - 0.703ms returns FALSE
T1E68 220:509.312 JLINK_IsHalted()
T1E68 220:509.856 - 0.538ms returns FALSE
T1E68 220:618.464 JLINK_IsHalted()
T1E68 220:619.088 - 0.616ms returns FALSE
T1E68 220:619.104 JLINK_IsHalted()
T1E68 220:619.680 - 0.565ms returns FALSE
T1E68 220:727.168 JLINK_IsHalted()
T1E68 220:727.856 - 0.692ms returns FALSE
T1E68 220:727.904 JLINK_IsHalted()
T1E68 220:728.528 - 0.615ms returns FALSE
T1E68 220:836.992 JLINK_IsHalted()
T1E68 220:837.712 - 0.728ms returns FALSE
T1E68 220:837.760 JLINK_IsHalted()
T1E68 220:838.368 - 0.628ms returns FALSE
T1E68 220:946.656 JLINK_IsHalted()
T1E68 220:947.328 - 0.671ms returns FALSE
T1E68 220:947.376 JLINK_IsHalted()
T1E68 220:947.968 - 0.599ms returns FALSE
T1E68 221:055.440 JLINK_IsHalted()
T1E68 221:056.048 - 0.638ms returns FALSE
T1E68 221:056.080 JLINK_IsHalted()
T1E68 221:056.672 - 0.582ms returns FALSE
T0658 221:110.432 JLINK_IsHalted()
T0658 221:111.008 - 0.611ms returns FALSE
T0658 221:111.040 JLINK_IsHalted()
T0658 221:111.680 - 0.626ms returns FALSE
T1E68 221:164.592 JLINK_IsHalted()
T1E68 221:165.280 - 0.670ms returns FALSE
T1E68 221:165.312 JLINK_IsHalted()
T1E68 221:165.920 - 0.607ms returns FALSE
T1E68 221:274.336 JLINK_IsHalted()
T1E68 221:275.040 - 0.685ms returns FALSE
T1E68 221:275.088 JLINK_IsHalted()
T1E68 221:275.680 - 0.598ms returns FALSE
T1E68 221:383.552 JLINK_IsHalted()
T1E68 221:384.272 - 0.711ms returns FALSE
T1E68 221:384.320 JLINK_IsHalted()
T1E68 221:384.960 - 0.626ms returns FALSE
T1E68 221:492.688 JLINK_IsHalted()
T1E68 221:493.376 - 0.681ms returns FALSE
T1E68 221:493.408 JLINK_IsHalted()
T1E68 221:493.984 - 0.580ms returns FALSE
T1E68 221:602.640 JLINK_IsHalted()
T1E68 221:603.296 - 0.668ms returns FALSE
T1E68 221:603.360 JLINK_IsHalted()
T1E68 221:603.920 - 0.563ms returns FALSE
T1E68 221:711.616 JLINK_IsHalted()
T1E68 221:712.208 - 0.609ms returns FALSE
T1E68 221:712.224 JLINK_IsHalted()
T1E68 221:712.768 - 0.512ms returns FALSE
T1E68 221:821.264 JLINK_IsHalted()
T1E68 221:821.824 - 0.576ms returns FALSE
T1E68 221:821.856 JLINK_IsHalted()
T1E68 221:822.384 - 0.529ms returns FALSE
T1E68 221:931.056 JLINK_IsHalted()
T1E68 221:931.728 - 0.656ms returns FALSE
T1E68 221:931.776 JLINK_IsHalted()
T1E68 221:932.320 - 0.538ms returns FALSE
T1E68 222:039.728 JLINK_IsHalted()
T1E68 222:040.416 - 0.679ms returns FALSE
T1E68 222:040.448 JLINK_IsHalted()
T1E68 222:041.056 - 0.600ms returns FALSE
T0658 222:112.000 JLINK_IsHalted()
T0658 222:112.688 - 0.685ms returns FALSE
T0658 222:112.720 JLINK_IsHalted()
T0658 222:113.312 - 0.587ms returns FALSE
T1E68 222:149.680 JLINK_IsHalted()
T1E68 222:150.352 - 0.666ms returns FALSE
T1E68 222:150.400 JLINK_IsHalted()
T1E68 222:151.008 - 0.623ms returns FALSE
T1E68 222:258.720 JLINK_IsHalted()
T1E68 222:259.408 - 0.698ms returns FALSE
T1E68 222:259.424 JLINK_IsHalted()
T1E68 222:260.016 - 0.589ms returns FALSE
T1E68 222:368.288 JLINK_IsHalted()
T1E68 222:368.976 - 0.688ms returns FALSE
T1E68 222:369.024 JLINK_IsHalted()
T1E68 222:369.696 - 0.662ms returns FALSE
T1E68 222:477.664 JLINK_IsHalted()
T1E68 222:478.464 - 0.782ms returns FALSE
T1E68 222:478.496 JLINK_IsHalted()
T1E68 222:479.136 - 0.640ms returns FALSE
T1E68 222:586.832 JLINK_IsHalted()
T1E68 222:587.552 - 0.719ms returns FALSE
T1E68 222:587.568 JLINK_IsHalted()
T1E68 222:588.192 - 0.594ms returns FALSE
T1E68 222:695.840 JLINK_IsHalted()
T1E68 222:696.496 - 0.661ms returns FALSE
T1E68 222:696.544 JLINK_IsHalted()
T1E68 222:697.168 - 0.625ms returns FALSE
T1E68 222:805.664 JLINK_IsHalted()
T1E68 222:806.320 - 0.669ms returns FALSE
T1E68 222:806.352 JLINK_IsHalted()
T1E68 222:806.912 - 0.572ms returns FALSE
T1E68 222:914.640 JLINK_IsHalted()
T1E68 222:915.328 - 0.682ms returns FALSE
T1E68 222:915.376 JLINK_IsHalted()
T1E68 222:916.016 - 0.635ms returns FALSE
T1E68 223:024.592 JLINK_IsHalted()
T1E68 223:025.248 - 0.665ms returns FALSE
T1E68 223:025.280 JLINK_IsHalted()
T1E68 223:025.872 - 0.577ms returns FALSE
T0658 223:113.568 JLINK_IsHalted()
T0658 223:114.272 - 0.684ms returns FALSE
T0658 223:114.320 JLINK_IsHalted()
T0658 223:114.912 - 0.608ms returns FALSE
T1E68 223:133.344 JLINK_IsHalted()
T1E68 223:134.000 - 0.658ms returns FALSE
T1E68 223:134.032 JLINK_IsHalted()
T1E68 223:134.688 - 0.653ms returns FALSE
T1E68 223:243.040 JLINK_IsHalted()
T1E68 223:243.776 - 0.722ms returns FALSE
T1E68 223:243.808 JLINK_IsHalted()
T1E68 223:244.416 - 0.601ms returns FALSE
T1E68 223:352.784 JLINK_IsHalted()
T1E68 223:353.504 - 0.703ms returns FALSE
T1E68 223:353.552 JLINK_IsHalted()
T1E68 223:354.272 - 0.740ms returns FALSE
T1E68 223:461.760 JLINK_IsHalted()
T1E68 223:462.432 - 0.652ms returns FALSE
T1E68 223:462.448 JLINK_IsHalted()
T1E68 223:463.008 - 0.574ms returns FALSE
T1E68 223:571.504 JLINK_IsHalted()
T1E68 223:572.128 - 0.609ms returns FALSE
T1E68 223:572.144 JLINK_IsHalted()
T1E68 223:572.688 - 0.554ms returns FALSE
T1E68 223:680.208 JLINK_IsHalted()
T1E68 223:680.928 - 0.709ms returns FALSE
T1E68 223:680.976 JLINK_IsHalted()
T1E68 223:681.584 - 0.613ms returns FALSE
T1E68 223:790.288 JLINK_IsHalted()
T1E68 223:790.976 - 0.688ms returns FALSE
T1E68 223:791.008 JLINK_IsHalted()
T1E68 223:791.584 - 0.585ms returns FALSE
T1E68 223:899.552 JLINK_IsHalted()
T1E68 223:900.288 - 0.721ms returns FALSE
T1E68 223:900.320 JLINK_IsHalted()
T1E68 223:900.928 - 0.610ms returns FALSE
T1E68 224:008.544 JLINK_IsHalted()
T1E68 224:009.296 - 0.729ms returns FALSE
T1E68 224:009.312 JLINK_IsHalted()
T1E68 224:009.904 - 0.590ms returns FALSE
T0658 224:116.432 JLINK_IsHalted()
T0658 224:117.152 - 0.715ms returns FALSE
T0658 224:117.200 JLINK_IsHalted()
T0658 224:117.792 - 0.596ms returns FALSE
T1E68 224:118.112 JLINK_IsHalted()
T1E68 224:118.752 - 0.625ms returns FALSE
T1E68 224:118.784 JLINK_IsHalted()
T1E68 224:119.376 - 0.585ms returns FALSE
T1E68 224:227.872 JLINK_IsHalted()
T1E68 224:228.576 - 0.714ms returns FALSE
T1E68 224:228.640 JLINK_IsHalted()
T1E68 224:229.280 - 0.644ms returns FALSE
T1E68 224:336.688 JLINK_IsHalted()
T1E68 224:337.360 - 0.666ms returns FALSE
T1E68 224:337.376 JLINK_IsHalted()
T1E68 224:338.016 - 0.626ms returns FALSE
T1E68 224:446.304 JLINK_IsHalted()
T1E68 224:447.008 - 0.677ms returns FALSE
T1E68 224:447.024 JLINK_IsHalted()
T1E68 224:447.696 - 0.659ms returns FALSE
T1E68 224:555.216 JLINK_IsHalted()
T1E68 224:555.936 - 0.700ms returns FALSE
T1E68 224:555.984 JLINK_IsHalted()
T1E68 224:556.592 - 0.624ms returns FALSE
T1E68 224:665.344 JLINK_IsHalted()
T1E68 224:666.080 - 0.752ms returns FALSE
T1E68 224:666.144 JLINK_IsHalted()
T1E68 224:666.720 - 0.601ms returns FALSE
T1E68 224:774.016 JLINK_IsHalted()
T1E68 224:774.688 - 0.670ms returns FALSE
T1E68 224:774.704 JLINK_IsHalted()
T1E68 224:775.248 - 0.547ms returns FALSE
T1E68 224:883.792 JLINK_IsHalted()
T1E68 224:884.448 - 0.674ms returns FALSE
T1E68 224:884.480 JLINK_IsHalted()
T1E68 224:885.088 - 0.598ms returns FALSE
T1E68 224:993.440 JLINK_IsHalted()
T1E68 224:994.144 - 0.693ms returns FALSE
T1E68 224:994.176 JLINK_IsHalted()
T1E68 224:994.816 - 0.625ms returns FALSE
T1E68 225:102.208 JLINK_IsHalted()
T1E68 225:103.024 - 0.825ms returns FALSE
T1E68 225:103.104 JLINK_IsHalted()
T1E68 225:103.776 - 0.662ms returns FALSE
T0658 225:118.208 JLINK_IsHalted()
T0658 225:118.800 - 0.574ms returns FALSE
T0658 225:118.816 JLINK_IsHalted()
T0658 225:119.392 - 0.552ms returns FALSE
T1E68 225:212.112 JLINK_IsHalted()
T1E68 225:212.752 - 0.650ms returns FALSE
T1E68 225:212.800 JLINK_IsHalted()
T1E68 225:213.440 - 0.634ms returns FALSE
T1E68 225:321.472 JLINK_IsHalted()
T1E68 225:322.160 - 0.695ms returns FALSE
T1E68 225:322.208 JLINK_IsHalted()
T1E68 225:322.800 - 0.603ms returns FALSE
T1E68 225:430.944 JLINK_IsHalted()
T1E68 225:431.584 - 0.632ms returns FALSE
T1E68 225:431.632 JLINK_IsHalted()
T1E68 225:432.272 - 0.643ms returns FALSE
T1E68 225:539.712 JLINK_IsHalted()
T1E68 225:540.400 - 0.692ms returns FALSE
T1E68 225:540.432 JLINK_IsHalted()
T1E68 225:541.024 - 0.592ms returns FALSE
T1E68 225:649.584 JLINK_IsHalted()
T1E68 225:650.272 - 0.682ms returns FALSE
T1E68 225:650.336 JLINK_IsHalted()
T1E68 225:650.912 - 0.607ms returns FALSE
T1E68 225:758.800 JLINK_IsHalted()
T1E68 225:759.520 - 0.701ms returns FALSE
T1E68 225:759.536 JLINK_IsHalted()
T1E68 225:760.128 - 0.589ms returns FALSE
T1E68 225:867.728 JLINK_IsHalted()
T1E68 225:868.416 - 0.704ms returns FALSE
T1E68 225:868.464 JLINK_IsHalted()
T1E68 225:869.056 - 0.600ms returns FALSE
T1E68 225:977.424 JLINK_IsHalted()
T1E68 225:978.144 - 0.698ms returns FALSE
T1E68 225:978.160 JLINK_IsHalted()
T1E68 225:978.832 - 0.658ms returns FALSE
T1E68 226:087.072 JLINK_IsHalted()
T1E68 226:087.712 - 0.625ms returns FALSE
T1E68 226:087.728 JLINK_IsHalted()
T1E68 226:088.272 - 0.539ms returns FALSE
T0658 226:120.224 JLINK_IsHalted()
T0658 226:120.880 - 0.658ms returns FALSE
T0658 226:120.928 JLINK_IsHalted()
T0658 226:121.600 - 0.670ms returns FALSE
T1E68 226:195.808 JLINK_IsHalted()
T1E68 226:196.528 - 0.697ms returns FALSE
T1E68 226:196.576 JLINK_IsHalted()
T1E68 226:197.280 - 0.712ms returns FALSE
T1E68 226:305.584 JLINK_IsHalted()
T1E68 226:306.272 - 0.697ms returns FALSE
T1E68 226:306.336 JLINK_IsHalted()
T1E68 226:306.944 - 0.631ms returns FALSE
T1E68 226:415.328 JLINK_IsHalted()
T1E68 226:416.032 - 0.674ms returns FALSE
T1E68 226:416.048 JLINK_IsHalted()
T1E68 226:416.720 - 0.642ms returns FALSE
T1E68 226:524.112 JLINK_IsHalted()
T1E68 226:524.832 - 0.720ms returns FALSE
T1E68 226:524.848 JLINK_IsHalted()
T1E68 226:525.472 - 0.611ms returns FALSE
T1E68 226:633.344 JLINK_IsHalted()
T1E68 226:633.904 - 0.569ms returns FALSE
T1E68 226:633.936 JLINK_IsHalted()
T1E68 226:634.464 - 0.516ms returns FALSE
T1E68 226:742.832 JLINK_IsHalted()
T1E68 226:743.472 - 0.632ms returns FALSE
T1E68 226:743.520 JLINK_IsHalted()
T1E68 226:744.112 - 0.579ms returns FALSE
T1E68 226:852.176 JLINK_IsHalted()
T1E68 226:852.832 - 0.650ms returns FALSE
T1E68 226:852.864 JLINK_IsHalted()
T1E68 226:853.424 - 0.553ms returns FALSE
T1E68 226:961.792 JLINK_IsHalted()
T1E68 226:962.512 - 0.717ms returns FALSE
T1E68 226:962.528 JLINK_IsHalted()
T1E68 226:963.104 - 0.558ms returns FALSE
T1E68 227:071.616 JLINK_IsHalted()
T1E68 227:072.336 - 0.700ms returns FALSE
T1E68 227:072.352 JLINK_IsHalted()
T1E68 227:072.976 - 0.603ms returns FALSE
T0658 227:121.616 JLINK_IsHalted()
T0658 227:122.256 - 0.645ms returns FALSE
T0658 227:122.272 JLINK_IsHalted()
T0658 227:122.864 - 0.565ms returns FALSE
T1E68 227:180.448 JLINK_IsHalted()
T1E68 227:181.136 - 0.696ms returns FALSE
T1E68 227:181.184 JLINK_IsHalted()
T1E68 227:181.872 - 0.704ms returns FALSE
T1E68 227:290.144 JLINK_IsHalted()
T1E68 227:290.832 - 0.696ms returns FALSE
T1E68 227:290.880 JLINK_IsHalted()
T1E68 227:291.520 - 0.643ms returns FALSE
T1E68 227:399.472 JLINK_IsHalted()
T1E68 227:400.160 - 0.688ms returns FALSE
T1E68 227:400.224 JLINK_IsHalted()
T1E68 227:400.832 - 0.608ms returns FALSE
T1E68 227:509.168 JLINK_IsHalted()
T1E68 227:509.920 - 0.741ms returns FALSE
T1E68 227:509.936 JLINK_IsHalted()
T1E68 227:510.576 - 0.626ms returns FALSE
T1E68 227:618.592 JLINK_IsHalted()
T1E68 227:619.280 - 0.695ms returns FALSE
T1E68 227:619.296 JLINK_IsHalted()
T1E68 227:619.888 - 0.595ms returns FALSE
T1E68 227:727.264 JLINK_IsHalted()
T1E68 227:727.872 - 0.593ms returns FALSE
T1E68 227:727.904 JLINK_IsHalted()
T1E68 227:728.464 - 0.571ms returns FALSE
T1E68 227:836.976 JLINK_IsHalted()
T1E68 227:837.744 - 0.748ms returns FALSE
T1E68 227:837.776 JLINK_IsHalted()
T1E68 227:838.384 - 0.599ms returns FALSE
T1E68 227:945.760 JLINK_IsHalted()
T1E68 227:989.120 - 43.372ms returns FALSE
T1E68 227:989.200 JLINK_IsHalted()
T1E68 227:989.840 - 0.658ms returns FALSE
T1E68 228:086.864 JLINK_IsHalted()
T1E68 228:087.552 - 0.684ms returns FALSE
T1E68 228:087.584 JLINK_IsHalted()
T1E68 228:088.160 - 0.595ms returns FALSE
T0658 228:122.928 JLINK_IsHalted()
T0658 228:123.600 - 0.664ms returns FALSE
T0658 228:123.616 JLINK_IsHalted()
T0658 228:124.256 - 0.617ms returns FALSE
T1E68 228:196.608 JLINK_IsHalted()
T1E68 228:197.280 - 0.666ms returns FALSE
T1E68 228:197.328 JLINK_IsHalted()
T1E68 228:197.920 - 0.595ms returns FALSE
T1E68 228:305.584 JLINK_IsHalted()
T1E68 228:306.256 - 0.668ms returns FALSE
T1E68 228:306.272 JLINK_IsHalted()
T1E68 228:306.816 - 0.546ms returns FALSE
T1E68 228:415.328 JLINK_IsHalted()
T1E68 228:416.000 - 0.655ms returns FALSE
T1E68 228:416.032 JLINK_IsHalted()
T1E68 228:416.592 - 0.571ms returns FALSE
T1E68 228:524.192 JLINK_IsHalted()
T1E68 228:524.848 - 0.687ms returns FALSE
T1E68 228:524.896 JLINK_IsHalted()
T1E68 228:525.488 - 0.575ms returns FALSE
T1E68 228:633.888 JLINK_IsHalted()
T1E68 228:634.496 - 0.626ms returns FALSE
T1E68 228:634.528 JLINK_IsHalted()
T1E68 228:635.056 - 0.540ms returns FALSE
T1E68 228:743.888 JLINK_IsHalted()
T1E68 228:744.544 - 0.659ms returns FALSE
T1E68 228:744.576 JLINK_IsHalted()
T1E68 228:745.136 - 0.564ms returns FALSE
T1E68 228:852.736 JLINK_IsHalted()
T1E68 228:853.344 - 0.619ms returns FALSE
T1E68 228:853.376 JLINK_IsHalted()
T1E68 228:853.920 - 0.541ms returns FALSE
T1E68 228:961.536 JLINK_IsHalted()
T1E68 228:962.272 - 0.739ms returns FALSE
T1E68 228:962.304 JLINK_IsHalted()
T1E68 228:962.912 - 0.600ms returns FALSE
T1E68 229:071.184 JLINK_IsHalted()
T1E68 229:071.872 - 0.689ms returns FALSE
T1E68 229:071.904 JLINK_IsHalted()
T1E68 229:072.480 - 0.578ms returns FALSE
T0658 229:124.432 JLINK_IsHalted()
T0658 229:125.152 - 0.719ms returns FALSE
T0658 229:125.168 JLINK_IsHalted()
T0658 229:125.712 - 0.531ms returns FALSE
T1E68 229:180.976 JLINK_IsHalted()
T1E68 229:181.568 - 0.610ms returns FALSE
T1E68 229:181.600 JLINK_IsHalted()
T1E68 229:182.160 - 0.555ms returns FALSE
T1E68 229:289.856 JLINK_IsHalted()
T1E68 229:345.888 - 56.016ms returns FALSE
T1E68 229:345.920 JLINK_IsHalted()
T1E68 229:346.528 - 0.611ms returns FALSE
T1E68 229:446.240 JLINK_IsHalted()
T1E68 229:446.944 - 0.686ms returns FALSE
T1E68 229:446.992 JLINK_IsHalted()
T1E68 229:447.600 - 0.613ms returns FALSE
T1E68 229:555.408 JLINK_IsHalted()
T1E68 229:556.064 - 0.667ms returns FALSE
T1E68 229:556.128 JLINK_IsHalted()
T1E68 229:556.736 - 0.625ms returns FALSE
T1E68 229:665.408 JLINK_IsHalted()
T1E68 229:666.048 - 0.632ms returns FALSE
T1E68 229:666.080 JLINK_IsHalted()
T1E68 229:666.688 - 0.606ms returns FALSE
T1E68 229:774.336 JLINK_IsHalted()
T1E68 229:775.008 - 0.666ms returns FALSE
T1E68 229:775.024 JLINK_IsHalted()
T1E68 229:775.648 - 0.604ms returns FALSE
T1E68 229:884.080 JLINK_IsHalted()
T1E68 229:884.752 - 0.674ms returns FALSE
T1E68 229:884.768 JLINK_IsHalted()
T1E68 229:885.344 - 0.563ms returns FALSE
T1E68 229:992.800 JLINK_IsHalted()
T1E68 229:993.440 - 0.645ms returns FALSE
T1E68 229:993.472 JLINK_IsHalted()
T1E68 229:994.064 - 0.581ms returns FALSE
T1E68 230:102.112 JLINK_IsHalted()
T1E68 230:102.832 - 0.711ms returns FALSE
T1E68 230:102.864 JLINK_IsHalted()
T1E68 230:103.472 - 0.606ms returns FALSE
T0658 230:126.176 JLINK_IsHalted()
T0658 230:126.848 - 0.672ms returns FALSE
T0658 230:126.880 JLINK_IsHalted()
T0658 230:127.520 - 0.625ms returns FALSE
T1E68 230:212.144 JLINK_IsHalted()
T1E68 230:212.784 - 0.621ms returns FALSE
T1E68 230:212.816 JLINK_IsHalted()
T1E68 230:213.376 - 0.573ms returns FALSE
T1E68 230:320.928 JLINK_IsHalted()
T1E68 230:321.632 - 0.712ms returns FALSE
T1E68 230:321.664 JLINK_IsHalted()
T1E68 230:322.304 - 0.626ms returns FALSE
T1E68 230:430.640 JLINK_IsHalted()
T1E68 230:431.328 - 0.678ms returns FALSE
T1E68 230:431.360 JLINK_IsHalted()
T1E68 230:432.000 - 0.614ms returns FALSE
T1E68 230:540.288 JLINK_IsHalted()
T1E68 230:540.976 - 0.672ms returns FALSE
T1E68 230:541.008 JLINK_IsHalted()
T1E68 230:541.536 - 0.547ms returns FALSE
T1E68 230:649.040 JLINK_IsHalted()
T1E68 230:649.680 - 0.636ms returns FALSE
T1E68 230:649.680 JLINK_IsHalted()
T1E68 230:650.240 - 0.546ms returns FALSE
T1E68 230:758.304 JLINK_IsHalted()
T1E68 230:758.880 - 0.595ms returns FALSE
T1E68 230:758.944 JLINK_IsHalted()
T1E68 230:759.520 - 0.587ms returns FALSE
T1E68 230:868.176 JLINK_IsHalted()
T1E68 230:868.864 - 0.698ms returns FALSE
T1E68 230:868.912 JLINK_IsHalted()
T1E68 230:869.536 - 0.617ms returns FALSE
T1E68 230:977.920 JLINK_IsHalted()
T1E68 230:978.592 - 0.644ms returns FALSE
T1E68 230:978.608 JLINK_IsHalted()
T1E68 230:979.280 - 0.664ms returns FALSE
T1E68 231:086.592 JLINK_IsHalted()
T1E68 231:087.280 - 0.679ms returns FALSE
T1E68 231:087.312 JLINK_IsHalted()
T1E68 231:087.920 - 0.601ms returns FALSE
T0658 231:128.672 JLINK_IsHalted()
T0658 231:129.312 - 0.647ms returns FALSE
T0658 231:129.376 JLINK_IsHalted()
T0658 231:129.952 - 0.606ms returns FALSE
T1E68 231:196.416 JLINK_IsHalted()
T1E68 231:197.136 - 0.711ms returns FALSE
T1E68 231:197.152 JLINK_IsHalted()
T1E68 231:197.728 - 0.572ms returns FALSE
T1E68 231:306.080 JLINK_IsHalted()
T1E68 231:306.784 - 0.694ms returns FALSE
T1E68 231:306.832 JLINK_IsHalted()
T1E68 231:307.440 - 0.626ms returns FALSE
T1E68 231:414.784 JLINK_IsHalted()
T1E68 231:415.504 - 0.710ms returns FALSE
T1E68 231:415.552 JLINK_IsHalted()
T1E68 231:416.144 - 0.596ms returns FALSE
T1E68 231:524.704 JLINK_IsHalted()
T1E68 231:525.408 - 0.707ms returns FALSE
T1E68 231:525.472 JLINK_IsHalted()
T1E68 231:526.096 - 0.624ms returns FALSE
T1E68 231:633.840 JLINK_IsHalted()
T1E68 231:634.480 - 0.650ms returns FALSE
T1E68 231:634.528 JLINK_IsHalted()
T1E68 231:635.104 - 0.565ms returns FALSE
T1E68 231:742.768 JLINK_IsHalted()
T1E68 231:743.440 - 0.668ms returns FALSE
T1E68 231:743.488 JLINK_IsHalted()
T1E68 231:744.096 - 0.608ms returns FALSE
T1E68 231:852.464 JLINK_IsHalted()
T1E68 231:853.280 - 0.816ms returns FALSE
T1E68 231:853.344 JLINK_IsHalted()
T1E68 231:853.984 - 0.636ms returns FALSE
T1E68 231:962.192 JLINK_IsHalted()
T1E68 231:962.784 - 0.598ms returns FALSE
T1E68 231:962.832 JLINK_IsHalted()
T1E68 231:963.392 - 0.568ms returns FALSE
T1E68 232:071.456 JLINK_IsHalted()
T1E68 232:072.096 - 0.633ms returns FALSE
T1E68 232:072.096 JLINK_IsHalted()
T1E68 232:072.624 - 0.523ms returns FALSE
T0658 232:130.512 JLINK_IsHalted()
T0658 232:131.280 - 0.755ms returns FALSE
T0658 232:131.328 JLINK_IsHalted()
T0658 232:132.000 - 0.643ms returns FALSE
T1E68 232:180.096 JLINK_IsHalted()
T1E68 232:180.688 - 0.589ms returns FALSE
T1E68 232:180.704 JLINK_IsHalted()
T1E68 232:181.280 - 0.542ms returns FALSE
T1E68 232:290.048 JLINK_IsHalted()
T1E68 232:290.768 - 0.711ms returns FALSE
T1E68 232:290.784 JLINK_IsHalted()
T1E68 232:291.424 - 0.622ms returns FALSE
T1E68 232:399.280 JLINK_IsHalted()
T1E68 232:399.968 - 0.709ms returns FALSE
T1E68 232:400.032 JLINK_IsHalted()
T1E68 232:400.688 - 0.668ms returns FALSE
T1E68 232:509.104 JLINK_IsHalted()
T1E68 232:509.776 - 0.662ms returns FALSE
T1E68 232:509.792 JLINK_IsHalted()
T1E68 232:510.368 - 0.564ms returns FALSE
T1E68 232:618.144 JLINK_IsHalted()
T1E68 232:618.832 - 0.704ms returns FALSE
T1E68 232:618.880 JLINK_IsHalted()
T1E68 232:619.520 - 0.637ms returns FALSE
T1E68 232:727.856 JLINK_IsHalted()
T1E68 232:728.528 - 0.670ms returns FALSE
T1E68 232:728.576 JLINK_IsHalted()
T1E68 232:729.136 - 0.583ms returns FALSE
T1E68 232:836.736 JLINK_IsHalted()
T1E68 232:837.424 - 0.693ms returns FALSE
T1E68 232:837.472 JLINK_IsHalted()
T1E68 232:838.112 - 0.636ms returns FALSE
T1E68 232:946.384 JLINK_IsHalted()
T1E68 232:947.104 - 0.717ms returns FALSE
T1E68 232:947.152 JLINK_IsHalted()
T1E68 232:947.760 - 0.611ms returns FALSE
T1E68 233:055.200 JLINK_IsHalted()
T1E68 233:055.904 - 0.696ms returns FALSE
T1E68 233:055.952 JLINK_IsHalted()
T1E68 233:056.544 - 0.604ms returns FALSE
T0658 233:133.264 JLINK_IsHalted()
T0658 233:133.920 - 0.654ms returns FALSE
T0658 233:133.952 JLINK_IsHalted()
T0658 233:134.544 - 0.595ms returns FALSE
T1E68 233:164.928 JLINK_IsHalted()
T1E68 233:165.568 - 0.661ms returns FALSE
T1E68 233:165.616 JLINK_IsHalted()
T1E68 233:166.256 - 0.649ms returns FALSE
T1E68 233:274.784 JLINK_IsHalted()
T1E68 233:275.472 - 0.694ms returns FALSE
T1E68 233:275.488 JLINK_IsHalted()
T1E68 233:276.080 - 0.584ms returns FALSE
T1E68 233:383.472 JLINK_IsHalted()
T1E68 233:384.144 - 0.671ms returns FALSE
T1E68 233:443.408 JLINK_IsHalted()
T1E68 233:444.016 - 0.600ms returns FALSE
T1E68 233:540.048 JLINK_IsHalted()
T1E68 233:540.704 - 0.654ms returns FALSE
T1E68 233:540.736 JLINK_IsHalted()
T1E68 233:541.344 - 0.598ms returns FALSE
T1E68 233:649.632 JLINK_IsHalted()
T1E68 233:650.336 - 0.680ms returns FALSE
T1E68 233:650.384 JLINK_IsHalted()
T1E68 233:651.024 - 0.650ms returns FALSE
T1E68 233:758.416 JLINK_IsHalted()
T1E68 233:759.072 - 0.669ms returns FALSE
T1E68 233:759.152 JLINK_IsHalted()
T1E68 233:759.776 - 0.615ms returns FALSE
T1E68 233:868.208 JLINK_IsHalted()
T1E68 233:868.880 - 0.673ms returns FALSE
T1E68 233:868.928 JLINK_IsHalted()
T1E68 233:869.520 - 0.608ms returns FALSE
T1E68 233:978.032 JLINK_IsHalted()
T1E68 233:978.704 - 0.686ms returns FALSE
T1E68 233:978.752 JLINK_IsHalted()
T1E68 233:979.344 - 0.603ms returns FALSE
T1E68 234:086.784 JLINK_IsHalted()
T1E68 234:087.424 - 0.654ms returns FALSE
T1E68 234:087.472 JLINK_IsHalted()
T1E68 234:088.064 - 0.599ms returns FALSE
T0658 234:134.912 JLINK_IsHalted()
T0658 234:135.600 - 0.687ms returns FALSE
T0658 234:135.632 JLINK_IsHalted()
T0658 234:136.272 - 0.620ms returns FALSE
T1E68 234:196.448 JLINK_IsHalted()
T1E68 234:197.168 - 0.717ms returns FALSE
T1E68 234:197.200 JLINK_IsHalted()
T1E68 234:197.840 - 0.625ms returns FALSE
T1E68 234:305.312 JLINK_IsHalted()
T1E68 234:306.016 - 0.713ms returns FALSE
T1E68 234:306.080 JLINK_IsHalted()
T1E68 234:306.688 - 0.611ms returns FALSE
T1E68 234:415.536 JLINK_IsHalted()
T1E68 234:416.288 - 0.742ms returns FALSE
T1E68 234:416.336 JLINK_IsHalted()
T1E68 234:416.944 - 0.618ms returns FALSE
T1E68 234:524.320 JLINK_IsHalted()
T1E68 234:525.024 - 0.727ms returns FALSE
T1E68 234:525.088 JLINK_IsHalted()
T1E68 234:525.696 - 0.605ms returns FALSE
T1E68 234:634.016 JLINK_IsHalted()
T1E68 234:634.704 - 0.692ms returns FALSE
T1E68 234:634.720 JLINK_IsHalted()
T1E68 234:635.312 - 0.574ms returns FALSE
T1E68 234:742.944 JLINK_IsHalted()
T1E68 234:743.584 - 0.639ms returns FALSE
T1E68 234:743.600 JLINK_IsHalted()
T1E68 234:744.272 - 0.659ms returns FALSE
T1E68 234:852.640 JLINK_IsHalted()
T1E68 234:853.328 - 0.682ms returns FALSE
T1E68 234:853.344 JLINK_IsHalted()
T1E68 234:853.968 - 0.601ms returns FALSE
T1E68 234:961.872 JLINK_IsHalted()
T1E68 234:962.512 - 0.644ms returns FALSE
T1E68 234:962.528 JLINK_IsHalted()
T1E68 234:963.120 - 0.579ms returns FALSE
T1E68 235:070.896 JLINK_IsHalted()
T1E68 235:071.520 - 0.625ms returns FALSE
T1E68 235:071.536 JLINK_IsHalted()
T1E68 235:072.080 - 0.541ms returns FALSE
T0658 235:135.904 JLINK_IsHalted()
T0658 235:136.480 - 0.611ms returns FALSE
T0658 235:136.544 JLINK_IsHalted()
T0658 235:137.104 - 0.570ms returns FALSE
T1E68 235:180.704 JLINK_IsHalted()
T1E68 235:181.392 - 0.696ms returns FALSE
T1E68 235:181.440 JLINK_IsHalted()
T1E68 235:182.032 - 0.598ms returns FALSE
T1E68 235:290.368 JLINK_IsHalted()
T1E68 235:291.088 - 0.703ms returns FALSE
T1E68 235:291.136 JLINK_IsHalted()
T1E68 235:291.744 - 0.629ms returns FALSE
T1E68 235:399.168 JLINK_IsHalted()
T1E68 235:399.808 - 0.631ms returns FALSE
T1E68 235:399.840 JLINK_IsHalted()
T1E68 235:400.368 - 0.538ms returns FALSE
T1E68 235:508.912 JLINK_IsHalted()
T1E68 235:509.600 - 0.688ms returns FALSE
T1E68 235:509.632 JLINK_IsHalted()
T1E68 235:510.272 - 0.631ms returns FALSE
T1E68 235:617.744 JLINK_IsHalted()
T1E68 235:618.336 - 0.608ms returns FALSE
T1E68 235:618.352 JLINK_IsHalted()
T1E68 235:618.992 - 0.618ms returns FALSE
T1E68 235:727.440 JLINK_IsHalted()
T1E68 235:728.096 - 0.660ms returns FALSE
T1E68 235:728.128 JLINK_IsHalted()
T1E68 235:728.720 - 0.582ms returns FALSE
T1E68 235:837.360 JLINK_IsHalted()
T1E68 235:838.032 - 0.660ms returns FALSE
T1E68 235:838.048 JLINK_IsHalted()
T1E68 235:838.672 - 0.612ms returns FALSE
T1E68 235:946.160 JLINK_IsHalted()
T1E68 235:946.848 - 0.701ms returns FALSE
T1E68 235:946.912 JLINK_IsHalted()
T1E68 235:947.472 - 0.581ms returns FALSE
T1E68 236:055.856 JLINK_IsHalted()
T1E68 236:056.544 - 0.686ms returns FALSE
T1E68 236:056.608 JLINK_IsHalted()
T1E68 236:057.264 - 0.670ms returns FALSE
T0658 236:137.776 JLINK_IsHalted()
T0658 236:169.632 - 31.858ms returns FALSE
T0658 236:169.680 JLINK_IsHalted()
T0658 236:170.272 - 0.602ms returns FALSE
T1E68 236:170.416 JLINK_IsHalted()
T1E68 236:171.088 - 0.663ms returns FALSE
T1E68 236:171.104 JLINK_IsHalted()
T1E68 236:171.696 - 0.600ms returns FALSE
T1E68 236:273.888 JLINK_IsHalted()
T1E68 236:274.592 - 0.691ms returns FALSE
T1E68 236:274.640 JLINK_IsHalted()
T1E68 236:275.248 - 0.615ms returns FALSE
T1E68 236:383.312 JLINK_IsHalted()
T1E68 236:384.000 - 0.690ms returns FALSE
T1E68 236:384.048 JLINK_IsHalted()
T1E68 236:384.768 - 0.707ms returns FALSE
T1E68 236:493.104 JLINK_IsHalted()
T1E68 236:493.824 - 0.718ms returns FALSE
T1E68 236:493.872 JLINK_IsHalted()
T1E68 236:494.496 - 0.635ms returns FALSE
T1E68 236:602.928 JLINK_IsHalted()
T1E68 236:603.568 - 0.658ms returns FALSE
T1E68 236:603.616 JLINK_IsHalted()
T1E68 236:604.208 - 0.599ms returns FALSE
T1E68 236:711.712 JLINK_IsHalted()
T1E68 236:712.352 - 0.643ms returns FALSE
T1E68 236:712.368 JLINK_IsHalted()
T1E68 236:712.960 - 0.592ms returns FALSE
T1E68 236:821.584 JLINK_IsHalted()
T1E68 236:822.272 - 0.684ms returns FALSE
T1E68 236:822.304 JLINK_IsHalted()
T1E68 236:822.912 - 0.615ms returns FALSE
T1E68 236:930.352 JLINK_IsHalted()
T1E68 236:931.072 - 0.708ms returns FALSE
T1E68 236:931.104 JLINK_IsHalted()
T1E68 236:931.712 - 0.609ms returns FALSE
T1E68 237:040.176 JLINK_IsHalted()
T1E68 237:040.800 - 0.624ms returns FALSE
T1E68 237:040.816 JLINK_IsHalted()
T1E68 237:041.360 - 0.548ms returns FALSE
T1E68 237:148.960 JLINK_IsHalted()
T1E68 237:149.696 - 0.740ms returns FALSE
T1E68 237:149.744 JLINK_IsHalted()
T1E68 237:150.368 - 0.633ms returns FALSE
T0658 237:171.104 JLINK_IsHalted()
T0658 237:171.744 - 0.647ms returns FALSE
T0658 237:171.760 JLINK_IsHalted()
T0658 237:172.400 - 0.627ms returns FALSE
T1E68 237:258.704 JLINK_IsHalted()
T1E68 237:259.424 - 0.705ms returns FALSE
T1E68 237:259.440 JLINK_IsHalted()
T1E68 237:260.032 - 0.580ms returns FALSE
T1E68 237:368.416 JLINK_IsHalted()
T1E68 237:369.088 - 0.656ms returns FALSE
T1E68 237:369.136 JLINK_IsHalted()
T1E68 237:369.728 - 0.609ms returns FALSE
T1E68 237:477.168 JLINK_IsHalted()
T1E68 237:536.512 - 59.342ms returns FALSE
T1E68 237:536.560 JLINK_IsHalted()
T1E68 237:537.120 - 0.560ms returns FALSE
T1E68 237:633.488 JLINK_IsHalted()
T1E68 237:634.128 - 0.643ms returns FALSE
T1E68 237:634.176 JLINK_IsHalted()
T1E68 237:634.720 - 0.536ms returns FALSE
T1E68 237:743.232 JLINK_IsHalted()
T1E68 237:743.920 - 0.686ms returns FALSE
T1E68 237:743.952 JLINK_IsHalted()
T1E68 237:744.592 - 0.618ms returns FALSE
T1E68 237:852.960 JLINK_IsHalted()
T1E68 237:853.664 - 0.716ms returns FALSE
T1E68 237:853.728 JLINK_IsHalted()
T1E68 237:854.240 - 0.530ms returns FALSE
T1E68 237:961.696 JLINK_IsHalted()
T1E68 237:962.400 - 0.701ms returns FALSE
T1E68 237:962.448 JLINK_IsHalted()
T1E68 237:963.088 - 0.643ms returns FALSE
T1E68 238:071.632 JLINK_IsHalted()
T1E68 238:072.288 - 0.678ms returns FALSE
T1E68 238:072.352 JLINK_IsHalted()
T1E68 238:072.960 - 0.617ms returns FALSE
T0658 238:172.800 JLINK_IsHalted()
T0658 238:173.408 - 0.632ms returns FALSE
T0658 238:173.472 JLINK_IsHalted()
T0658 238:174.128 - 0.656ms returns FALSE
T1E68 238:180.576 JLINK_IsHalted()
T1E68 238:181.280 - 0.679ms returns FALSE
T1E68 238:181.296 JLINK_IsHalted()
T1E68 238:181.920 - 0.599ms returns FALSE
T1E68 238:290.512 JLINK_IsHalted()
T1E68 238:291.280 - 0.762ms returns FALSE
T1E68 238:291.296 JLINK_IsHalted()
T1E68 238:291.936 - 0.628ms returns FALSE
T1E68 238:399.328 JLINK_IsHalted()
T1E68 238:400.000 - 0.674ms returns FALSE
T1E68 238:400.048 JLINK_IsHalted()
T1E68 238:400.688 - 0.637ms returns FALSE
T1E68 238:509.024 JLINK_IsHalted()
T1E68 238:509.696 - 0.673ms returns FALSE
T1E68 238:509.728 JLINK_IsHalted()
T1E68 238:510.304 - 0.569ms returns FALSE
T1E68 238:617.824 JLINK_IsHalted()
T1E68 238:618.528 - 0.706ms returns FALSE
T1E68 238:618.576 JLINK_IsHalted()
T1E68 238:619.264 - 0.699ms returns FALSE
T1E68 238:727.632 JLINK_IsHalted()
T1E68 238:728.272 - 0.644ms returns FALSE
T1E68 238:728.288 JLINK_IsHalted()
T1E68 238:728.912 - 0.609ms returns FALSE
T1E68 238:836.528 JLINK_IsHalted()
T1E68 238:837.280 - 0.755ms returns FALSE
T1E68 238:837.328 JLINK_IsHalted()
T1E68 238:837.920 - 0.601ms returns FALSE
T1E68 238:946.336 JLINK_IsHalted()
T1E68 238:946.992 - 0.684ms returns FALSE
T1E68 238:947.040 JLINK_IsHalted()
T1E68 238:947.680 - 0.641ms returns FALSE
T1E68 239:056.000 JLINK_IsHalted()
T1E68 239:056.720 - 0.713ms returns FALSE
T1E68 239:056.768 JLINK_IsHalted()
T1E68 239:057.376 - 0.611ms returns FALSE
T1E68 239:164.848 JLINK_IsHalted()
T1E68 239:165.488 - 0.654ms returns FALSE
T1E68 239:165.536 JLINK_IsHalted()
T1E68 239:166.128 - 0.600ms returns FALSE
T0658 239:174.016 JLINK_IsHalted()
T0658 239:174.736 - 0.719ms returns FALSE
T0658 239:174.816 JLINK_IsHalted()
T0658 239:175.424 - 0.633ms returns FALSE
T1E68 239:274.496 JLINK_IsHalted()
T1E68 239:275.136 - 0.633ms returns FALSE
T1E68 239:275.168 JLINK_IsHalted()
T1E68 239:275.696 - 0.539ms returns FALSE
T1E68 239:384.288 JLINK_IsHalted()
T1E68 239:384.880 - 0.605ms returns FALSE
T1E68 239:384.912 JLINK_IsHalted()
T1E68 239:385.472 - 0.549ms returns FALSE
T1E68 239:492.992 JLINK_IsHalted()
T1E68 239:493.680 - 0.668ms returns FALSE
T1E68 239:493.712 JLINK_IsHalted()
T1E68 239:494.272 - 0.566ms returns FALSE
T1E68 239:602.816 JLINK_IsHalted()
T1E68 239:603.488 - 0.660ms returns FALSE
T1E68 239:603.552 JLINK_IsHalted()
T1E68 239:604.144 - 0.597ms returns FALSE
T1E68 239:711.520 JLINK_IsHalted()
T1E68 239:712.288 - 0.757ms returns FALSE
T1E68 239:712.304 JLINK_IsHalted()
T1E68 239:712.864 - 0.572ms returns FALSE
T1E68 239:821.408 JLINK_IsHalted()
T1E68 239:822.080 - 0.654ms returns FALSE
T1E68 239:822.112 JLINK_IsHalted()
T1E68 239:822.752 - 0.639ms returns FALSE
T1E68 239:931.168 JLINK_IsHalted()
T1E68 239:931.824 - 0.683ms returns FALSE
T1E68 239:931.872 JLINK_IsHalted()
T1E68 239:932.512 - 0.642ms returns FALSE
T1E68 240:039.904 JLINK_IsHalted()
T1E68 240:040.608 - 0.684ms returns FALSE
T1E68 240:040.656 JLINK_IsHalted()
T1E68 240:041.264 - 0.618ms returns FALSE
T1E68 240:149.680 JLINK_IsHalted()
T1E68 240:150.352 - 0.663ms returns FALSE
T1E68 240:150.368 JLINK_IsHalted()
T1E68 240:150.992 - 0.599ms returns FALSE
T0658 240:175.712 JLINK_IsHalted()
T0658 240:176.464 - 0.721ms returns FALSE
T0658 240:176.480 JLINK_IsHalted()
T0658 240:177.104 - 0.600ms returns FALSE
T1E68 240:258.688 JLINK_IsHalted()
T1E68 240:259.968 - 1.289ms returns FALSE
T1E68 240:260.000 JLINK_IsHalted()
T1E68 240:260.560 - 0.567ms returns FALSE
T1E68 240:368.384 JLINK_IsHalted()
T1E68 240:369.072 - 0.698ms returns FALSE
T1E68 240:369.120 JLINK_IsHalted()
T1E68 240:369.744 - 0.613ms returns FALSE
T1E68 240:477.088 JLINK_IsHalted()
T1E68 240:477.792 - 0.695ms returns FALSE
T1E68 240:477.824 JLINK_IsHalted()
T1E68 240:478.512 - 0.671ms returns FALSE
T1E68 240:586.928 JLINK_IsHalted()
T1E68 240:587.616 - 0.690ms returns FALSE
T1E68 240:587.680 JLINK_IsHalted()
T1E68 240:588.288 - 0.625ms returns FALSE
T1E68 240:695.856 JLINK_IsHalted()
T1E68 240:696.544 - 0.690ms returns FALSE
T1E68 240:696.608 JLINK_IsHalted()
T1E68 240:697.264 - 0.668ms returns FALSE
T1E68 240:805.808 JLINK_IsHalted()
T1E68 240:806.480 - 0.649ms returns FALSE
T1E68 240:806.560 JLINK_IsHalted()
T1E68 240:807.168 - 0.621ms returns FALSE
T1E68 240:914.768 JLINK_IsHalted()
T1E68 240:915.456 - 0.683ms returns FALSE
T1E68 240:915.488 JLINK_IsHalted()
T1E68 240:916.176 - 0.670ms returns FALSE
T1E68 241:024.672 JLINK_IsHalted()
T1E68 241:025.328 - 0.663ms returns FALSE
T1E68 241:025.360 JLINK_IsHalted()
T1E68 241:025.952 - 0.601ms returns FALSE
T1E68 241:133.392 JLINK_IsHalted()
T1E68 241:134.080 - 0.690ms returns FALSE
T1E68 241:134.128 JLINK_IsHalted()
T1E68 241:134.720 - 0.598ms returns FALSE
T0658 241:177.392 JLINK_IsHalted()
T0658 241:178.112 - 0.703ms returns FALSE
T0658 241:178.144 JLINK_IsHalted()
T0658 241:178.752 - 0.619ms returns FALSE
T1E68 241:243.088 JLINK_IsHalted()
T1E68 241:243.744 - 0.667ms returns FALSE
T1E68 241:243.776 JLINK_IsHalted()
T1E68 241:244.384 - 0.598ms returns FALSE
T1E68 241:352.864 JLINK_IsHalted()
T1E68 241:353.552 - 0.693ms returns FALSE
T1E68 241:353.568 JLINK_IsHalted()
T1E68 241:354.160 - 0.586ms returns FALSE
T1E68 241:461.808 JLINK_IsHalted()
T1E68 241:462.448 - 0.635ms returns FALSE
T1E68 241:462.480 JLINK_IsHalted()
T1E68 241:463.040 - 0.571ms returns FALSE
T1E68 241:570.992 JLINK_IsHalted()
T1E68 241:571.712 - 0.717ms returns FALSE
T1E68 241:571.744 JLINK_IsHalted()
T1E68 241:572.304 - 0.560ms returns FALSE
T1E68 241:680.352 JLINK_IsHalted()
T1E68 241:680.992 - 0.638ms returns FALSE
T1E68 241:681.024 JLINK_IsHalted()
T1E68 241:681.584 - 0.561ms returns FALSE
T1E68 241:790.256 JLINK_IsHalted()
T1E68 241:790.976 - 0.702ms returns FALSE
T1E68 241:791.024 JLINK_IsHalted()
T1E68 241:791.696 - 0.671ms returns FALSE
T1E68 241:899.040 JLINK_IsHalted()
T1E68 241:899.744 - 0.734ms returns FALSE
T1E68 241:899.808 JLINK_IsHalted()
T1E68 241:900.384 - 0.594ms returns FALSE
T1E68 242:008.880 JLINK_IsHalted()
T1E68 242:009.568 - 0.659ms returns FALSE
T1E68 242:009.632 JLINK_IsHalted()
T1E68 242:010.288 - 0.660ms returns FALSE
T1E68 242:118.528 JLINK_IsHalted()
T1E68 242:119.168 - 0.638ms returns FALSE
T1E68 242:119.200 JLINK_IsHalted()
T1E68 242:119.760 - 0.575ms returns FALSE
T0658 242:178.592 JLINK_IsHalted()
T0658 242:179.296 - 0.704ms returns FALSE
T0658 242:179.360 JLINK_IsHalted()
T0658 242:180.000 - 0.639ms returns FALSE
T1E68 242:227.296 JLINK_IsHalted()
T1E68 242:227.968 - 0.678ms returns FALSE
T1E68 242:228.016 JLINK_IsHalted()
T1E68 242:228.688 - 0.654ms returns FALSE
T1E68 242:337.056 JLINK_IsHalted()
T1E68 242:337.744 - 0.697ms returns FALSE
T1E68 242:337.792 JLINK_IsHalted()
T1E68 242:338.432 - 0.632ms returns FALSE
T1E68 242:445.904 JLINK_IsHalted()
T1E68 242:446.592 - 0.709ms returns FALSE
T1E68 242:446.640 JLINK_IsHalted()
T1E68 242:447.264 - 0.622ms returns FALSE
T1E68 242:555.856 JLINK_IsHalted()
T1E68 242:556.576 - 0.711ms returns FALSE
T1E68 242:556.592 JLINK_IsHalted()
T1E68 242:557.264 - 0.660ms returns FALSE
T1E68 242:664.672 JLINK_IsHalted()
T1E68 242:665.376 - 0.704ms returns FALSE
T1E68 242:665.424 JLINK_IsHalted()
T1E68 242:666.064 - 0.630ms returns FALSE
T1E68 242:774.496 JLINK_IsHalted()
T1E68 242:775.136 - 0.657ms returns FALSE
T1E68 242:775.200 JLINK_IsHalted()
T1E68 242:775.776 - 0.588ms returns FALSE
T1E68 242:884.224 JLINK_IsHalted()
T1E68 242:884.944 - 0.717ms returns FALSE
T1E68 242:884.992 JLINK_IsHalted()
T1E68 242:885.680 - 0.700ms returns FALSE
T1E68 242:992.976 JLINK_IsHalted()
T1E68 242:993.696 - 0.714ms returns FALSE
T1E68 242:993.744 JLINK_IsHalted()
T1E68 242:994.352 - 0.625ms returns FALSE
T1E68 243:102.368 JLINK_IsHalted()
T1E68 243:103.056 - 0.704ms returns FALSE
T1E68 243:103.104 JLINK_IsHalted()
T1E68 243:103.744 - 0.642ms returns FALSE
T0658 243:180.464 JLINK_IsHalted()
T0658 243:181.104 - 0.643ms returns FALSE
T0658 243:181.136 JLINK_IsHalted()
T0658 243:181.696 - 0.561ms returns FALSE
T1E68 243:212.128 JLINK_IsHalted()
T1E68 243:212.800 - 0.669ms returns FALSE
T1E68 243:212.832 JLINK_IsHalted()
T1E68 243:213.440 - 0.594ms returns FALSE
T1E68 243:321.088 JLINK_IsHalted()
T1E68 243:321.728 - 0.621ms returns FALSE
T1E68 243:321.728 JLINK_IsHalted()
T1E68 243:322.288 - 0.549ms returns FALSE
T1E68 243:430.960 JLINK_IsHalted()
T1E68 243:431.632 - 0.651ms returns FALSE
T1E68 243:431.648 JLINK_IsHalted()
T1E68 243:432.272 - 0.613ms returns FALSE
T1E68 243:539.840 JLINK_IsHalted()
T1E68 243:540.512 - 0.653ms returns FALSE
T1E68 243:540.528 JLINK_IsHalted()
T1E68 243:541.120 - 0.589ms returns FALSE
T1E68 243:649.632 JLINK_IsHalted()
T1E68 243:650.336 - 0.687ms returns FALSE
T1E68 243:650.352 JLINK_IsHalted()
T1E68 243:650.992 - 0.624ms returns FALSE
T1E68 243:758.432 JLINK_IsHalted()
T1E68 243:759.104 - 0.661ms returns FALSE
T1E68 243:759.200 JLINK_IsHalted()
T1E68 243:759.792 - 0.607ms returns FALSE
T1E68 243:868.160 JLINK_IsHalted()
T1E68 243:868.848 - 0.696ms returns FALSE
T1E68 243:868.896 JLINK_IsHalted()
T1E68 243:869.520 - 0.626ms returns FALSE
T1E68 243:977.824 JLINK_IsHalted()
T1E68 243:978.544 - 0.700ms returns FALSE
T1E68 243:978.592 JLINK_IsHalted()
T1E68 243:979.264 - 0.667ms returns FALSE
T1E68 244:086.736 JLINK_IsHalted()
T1E68 244:087.424 - 0.690ms returns FALSE
T1E68 244:087.472 JLINK_IsHalted()
T1E68 244:088.112 - 0.636ms returns FALSE
T0658 244:181.680 JLINK_IsHalted()
T0658 244:182.400 - 0.702ms returns FALSE
T0658 244:182.432 JLINK_IsHalted()
T0658 244:183.072 - 0.628ms returns FALSE
T1E68 244:196.384 JLINK_IsHalted()
T1E68 244:197.024 - 0.627ms returns FALSE
T1E68 244:197.040 JLINK_IsHalted()
T1E68 244:197.680 - 0.635ms returns FALSE
T1E68 244:305.872 JLINK_IsHalted()
T1E68 244:343.808 - 37.917ms returns FALSE
T1E68 244:343.840 JLINK_IsHalted()
T1E68 244:344.448 - 0.603ms returns FALSE
T1E68 244:446.112 JLINK_IsHalted()
T1E68 244:446.800 - 0.695ms returns FALSE
T1E68 244:446.848 JLINK_IsHalted()
T1E68 244:447.456 - 0.630ms returns FALSE
T1E68 244:555.648 JLINK_IsHalted()
T1E68 244:556.288 - 0.650ms returns FALSE
T1E68 244:556.336 JLINK_IsHalted()
T1E68 244:556.928 - 0.600ms returns FALSE
T1E68 244:665.376 JLINK_IsHalted()
T1E68 244:665.952 - 0.588ms returns FALSE
T1E68 244:665.952 JLINK_IsHalted()
T1E68 244:666.464 - 0.511ms returns FALSE
T1E68 244:774.176 JLINK_IsHalted()
T1E68 244:774.880 - 0.701ms returns FALSE
T1E68 244:774.944 JLINK_IsHalted()
T1E68 244:775.504 - 0.572ms returns FALSE
T1E68 244:884.192 JLINK_IsHalted()
T1E68 244:884.896 - 0.685ms returns FALSE
T1E68 244:884.912 JLINK_IsHalted()
T1E68 244:885.536 - 0.591ms returns FALSE
T1E68 244:992.944 JLINK_IsHalted()
T1E68 244:993.584 - 0.625ms returns FALSE
T1E68 244:993.632 JLINK_IsHalted()
T1E68 244:994.256 - 0.615ms returns FALSE
T1E68 245:102.720 JLINK_IsHalted()
T1E68 245:103.392 - 0.666ms returns FALSE
T1E68 245:103.440 JLINK_IsHalted()
T1E68 245:104.032 - 0.593ms returns FALSE
T0658 245:184.080 JLINK_IsHalted()
T0658 245:184.800 - 0.716ms returns FALSE
T0658 245:184.864 JLINK_IsHalted()
T0658 245:185.488 - 0.625ms returns FALSE
T1E68 245:211.824 JLINK_IsHalted()
T1E68 245:212.496 - 0.649ms returns FALSE
T1E68 245:212.512 JLINK_IsHalted()
T1E68 245:213.104 - 0.575ms returns FALSE
T1E68 245:321.504 JLINK_IsHalted()
T1E68 245:322.144 - 0.656ms returns FALSE
T1E68 245:322.192 JLINK_IsHalted()
T1E68 245:322.784 - 0.604ms returns FALSE
T1E68 245:430.224 JLINK_IsHalted()
T1E68 245:430.944 - 0.711ms returns FALSE
T1E68 245:430.992 JLINK_IsHalted()
T1E68 245:431.584 - 0.585ms returns FALSE
T1E68 245:539.968 JLINK_IsHalted()
T1E68 245:540.608 - 0.640ms returns FALSE
T1E68 245:540.640 JLINK_IsHalted()
T1E68 245:541.248 - 0.612ms returns FALSE
T1E68 245:649.840 JLINK_IsHalted()
T1E68 245:650.528 - 0.699ms returns FALSE
T1E68 245:650.592 JLINK_IsHalted()
T1E68 245:651.280 - 0.676ms returns FALSE
T1E68 245:758.512 JLINK_IsHalted()
T1E68 245:759.232 - 0.710ms returns FALSE
T1E68 245:759.280 JLINK_IsHalted()
T1E68 245:759.904 - 0.603ms returns FALSE
T1E68 245:868.192 JLINK_IsHalted()
T1E68 245:868.848 - 0.646ms returns FALSE
T1E68 245:868.880 JLINK_IsHalted()
T1E68 245:869.472 - 0.583ms returns FALSE
T1E68 245:977.904 JLINK_IsHalted()
T1E68 245:978.704 - 0.784ms returns FALSE
T1E68 245:978.752 JLINK_IsHalted()
T1E68 245:979.360 - 0.616ms returns FALSE
T1E68 246:086.864 JLINK_IsHalted()
T1E68 246:087.584 - 0.702ms returns FALSE
T1E68 246:087.600 JLINK_IsHalted()
T1E68 246:088.272 - 0.653ms returns FALSE
T0658 246:185.760 JLINK_IsHalted()
T0658 246:186.400 - 0.642ms returns FALSE
T0658 246:186.448 JLINK_IsHalted()
T0658 246:187.008 - 0.566ms returns FALSE
T1E68 246:196.560 JLINK_IsHalted()
T1E68 246:197.280 - 0.697ms returns FALSE
T1E68 246:197.296 JLINK_IsHalted()
T1E68 246:197.936 - 0.621ms returns FALSE
T1E68 246:305.232 JLINK_IsHalted()
T1E68 246:305.872 - 0.630ms returns FALSE
T1E68 246:305.888 JLINK_IsHalted()
T1E68 246:306.480 - 0.578ms returns FALSE
T1E68 246:414.944 JLINK_IsHalted()
T1E68 246:415.696 - 0.754ms returns FALSE
T1E68 246:415.744 JLINK_IsHalted()
T1E68 246:416.352 - 0.629ms returns FALSE
T1E68 246:524.624 JLINK_IsHalted()
T1E68 246:525.216 - 0.601ms returns FALSE
T1E68 246:525.232 JLINK_IsHalted()
T1E68 246:525.776 - 0.531ms returns FALSE
T1E68 246:633.312 JLINK_IsHalted()
T1E68 246:633.936 - 0.617ms returns FALSE
T1E68 246:633.952 JLINK_IsHalted()
T1E68 246:634.496 - 0.542ms returns FALSE
T1E68 246:743.088 JLINK_IsHalted()
T1E68 246:743.760 - 0.654ms returns FALSE
T1E68 246:743.776 JLINK_IsHalted()
T1E68 246:744.368 - 0.578ms returns FALSE
T1E68 246:852.784 JLINK_IsHalted()
T1E68 246:853.376 - 0.598ms returns FALSE
T1E68 246:853.408 JLINK_IsHalted()
T1E68 246:853.936 - 0.537ms returns FALSE
T1E68 246:961.504 JLINK_IsHalted()
T1E68 246:962.128 - 0.615ms returns FALSE
T1E68 246:962.176 JLINK_IsHalted()
T1E68 246:962.736 - 0.575ms returns FALSE
T1E68 247:070.976 JLINK_IsHalted()
T1E68 247:078.496 - 7.516ms returns FALSE
T1E68 247:078.528 JLINK_IsHalted()
T1E68 247:079.088 - 0.559ms returns FALSE
T1E68 247:180.640 JLINK_IsHalted()
T1E68 247:181.264 - 0.616ms returns FALSE
T1E68 247:181.280 JLINK_IsHalted()
T1E68 247:181.872 - 0.577ms returns FALSE
T0658 247:186.848 JLINK_IsHalted()
T0658 247:187.456 - 0.618ms returns FALSE
T0658 247:187.504 JLINK_IsHalted()
T0658 247:188.064 - 0.561ms returns FALSE
T1E68 247:289.568 JLINK_IsHalted()
T1E68 247:290.208 - 0.640ms returns FALSE
T1E68 247:290.240 JLINK_IsHalted()
T1E68 247:290.800 - 0.565ms returns FALSE
T1E68 247:399.344 JLINK_IsHalted()
T1E68 247:399.968 - 0.614ms returns FALSE
T1E68 247:399.984 JLINK_IsHalted()
T1E68 247:400.528 - 0.547ms returns FALSE
T1E68 247:508.960 JLINK_IsHalted()
T1E68 247:509.680 - 0.699ms returns FALSE
T1E68 247:509.712 JLINK_IsHalted()
T1E68 247:510.304 - 0.580ms returns FALSE
T1E68 247:617.744 JLINK_IsHalted()
T1E68 247:618.352 - 0.629ms returns FALSE
T1E68 247:618.400 JLINK_IsHalted()
T1E68 247:618.976 - 0.549ms returns FALSE
T1E68 247:727.440 JLINK_IsHalted()
T1E68 247:728.160 - 0.718ms returns FALSE
T1E68 247:728.208 JLINK_IsHalted()
T1E68 247:728.800 - 0.587ms returns FALSE
T1E68 247:837.136 JLINK_IsHalted()
T1E68 247:837.744 - 0.617ms returns FALSE
T1E68 247:837.776 JLINK_IsHalted()
T1E68 247:838.336 - 0.549ms returns FALSE
T1E68 247:945.856 JLINK_IsHalted()
T1E68 247:946.544 - 0.686ms returns FALSE
T1E68 247:946.576 JLINK_IsHalted()
T1E68 247:947.264 - 0.695ms returns FALSE
T1E68 248:055.392 JLINK_IsHalted()
T1E68 248:056.064 - 0.669ms returns FALSE
T1E68 248:056.096 JLINK_IsHalted()
T1E68 248:056.704 - 0.604ms returns FALSE
T1E68 248:165.040 JLINK_IsHalted()
T1E68 248:165.680 - 0.640ms returns FALSE
T1E68 248:165.728 JLINK_IsHalted()
T1E68 248:166.304 - 0.576ms returns FALSE
T0658 248:188.128 JLINK_IsHalted()
T0658 248:188.720 - 0.598ms returns FALSE
T0658 248:188.768 JLINK_IsHalted()
T0658 248:189.360 - 0.578ms returns FALSE
T1E68 248:274.272 JLINK_IsHalted()
T1E68 248:274.912 - 0.636ms returns FALSE
T1E68 248:274.944 JLINK_IsHalted()
T1E68 248:275.536 - 0.576ms returns FALSE
T1E68 248:383.392 JLINK_IsHalted()
T1E68 248:437.296 - 53.904ms returns FALSE
T1E68 248:437.344 JLINK_IsHalted()
T1E68 248:437.984 - 0.624ms returns FALSE
T1E68 248:540.576 JLINK_IsHalted()
T1E68 248:541.264 - 0.697ms returns FALSE
T1E68 248:541.280 JLINK_IsHalted()
T1E68 248:541.856 - 0.567ms returns FALSE
T1E68 248:649.264 JLINK_IsHalted()
T1E68 248:649.984 - 0.699ms returns FALSE
T1E68 248:650.016 JLINK_IsHalted()
T1E68 248:650.704 - 0.670ms returns FALSE
T1E68 248:758.992 JLINK_IsHalted()
T1E68 248:759.648 - 0.650ms returns FALSE
T1E68 248:759.712 JLINK_IsHalted()
T1E68 248:760.272 - 0.566ms returns FALSE
T1E68 248:867.760 JLINK_IsHalted()
T1E68 248:868.304 - 0.574ms returns FALSE
T1E68 248:868.352 JLINK_IsHalted()
T1E68 248:868.864 - 0.522ms returns FALSE
T1E68 248:977.360 JLINK_IsHalted()
T1E68 248:977.920 - 0.570ms returns FALSE
T1E68 248:977.952 JLINK_IsHalted()
T1E68 248:978.464 - 0.496ms returns FALSE
T1E68 249:087.056 JLINK_IsHalted()
T1E68 249:087.664 - 0.629ms returns FALSE
T1E68 249:087.696 JLINK_IsHalted()
T1E68 249:088.288 - 0.573ms returns FALSE
T0658 249:189.936 JLINK_IsHalted()
T0658 249:190.576 - 0.624ms returns FALSE
T0658 249:190.624 JLINK_IsHalted()
T0658 249:191.216 - 0.590ms returns FALSE
T1E68 249:195.776 JLINK_IsHalted()
T1E68 249:196.416 - 0.639ms returns FALSE
T1E68 249:196.448 JLINK_IsHalted()
T1E68 249:197.024 - 0.568ms returns FALSE
T1E68 249:305.520 JLINK_IsHalted()
T1E68 249:306.272 - 0.745ms returns FALSE
T1E68 249:306.320 JLINK_IsHalted()
T1E68 249:306.912 - 0.595ms returns FALSE
T1E68 249:415.168 JLINK_IsHalted()
T1E68 249:415.840 - 0.661ms returns FALSE
T1E68 249:415.856 JLINK_IsHalted()
T1E68 249:416.480 - 0.610ms returns FALSE
T1E68 249:523.888 JLINK_IsHalted()
T1E68 249:524.576 - 0.690ms returns FALSE
T1E68 249:524.640 JLINK_IsHalted()
T1E68 249:525.280 - 0.645ms returns FALSE
T1E68 249:633.616 JLINK_IsHalted()
T1E68 249:634.224 - 0.617ms returns FALSE
T1E68 249:634.256 JLINK_IsHalted()
T1E68 249:634.784 - 0.537ms returns FALSE
T1E68 249:742.672 JLINK_IsHalted()
T1E68 249:802.032 - 59.367ms returns FALSE
T1E68 249:802.080 JLINK_IsHalted()
T1E68 249:802.656 - 0.562ms returns FALSE
T1E68 249:899.312 JLINK_IsHalted()
T1E68 249:900.000 - 0.708ms returns FALSE
T1E68 249:900.064 JLINK_IsHalted()
T1E68 249:900.704 - 0.639ms returns FALSE
T1E68 250:008.400 JLINK_IsHalted()
T1E68 250:009.056 - 0.667ms returns FALSE
T1E68 250:009.136 JLINK_IsHalted()
T1E68 250:009.760 - 0.615ms returns FALSE
T1E68 250:118.144 JLINK_IsHalted()
T1E68 250:118.816 - 0.674ms returns FALSE
T1E68 250:118.864 JLINK_IsHalted()
T1E68 250:119.504 - 0.634ms returns FALSE
T0658 250:191.200 JLINK_IsHalted()
T0658 250:191.920 - 0.714ms returns FALSE
T0658 250:191.952 JLINK_IsHalted()
T0658 250:192.688 - 0.752ms returns FALSE
T1E68 250:227.152 JLINK_IsHalted()
T1E68 250:227.840 - 0.690ms returns FALSE
T1E68 250:227.888 JLINK_IsHalted()
T1E68 250:228.528 - 0.641ms returns FALSE
T1E68 250:336.848 JLINK_IsHalted()
T1E68 250:337.536 - 0.691ms returns FALSE
T1E68 250:337.568 JLINK_IsHalted()
T1E68 250:338.176 - 0.595ms returns FALSE
T1E68 250:446.544 JLINK_IsHalted()
T1E68 250:447.280 - 0.742ms returns FALSE
T1E68 250:447.328 JLINK_IsHalted()
T1E68 250:447.952 - 0.611ms returns FALSE
T1E68 250:555.344 JLINK_IsHalted()
T1E68 250:556.000 - 0.664ms returns FALSE
T1E68 250:556.064 JLINK_IsHalted()
T1E68 250:556.704 - 0.635ms returns FALSE
T1E68 250:665.216 JLINK_IsHalted()
T1E68 250:665.904 - 0.694ms returns FALSE
T1E68 250:665.952 JLINK_IsHalted()
T1E68 250:666.576 - 0.612ms returns FALSE
T1E68 250:774.240 JLINK_IsHalted()
T1E68 250:774.944 - 0.688ms returns FALSE
T1E68 250:774.992 JLINK_IsHalted()
T1E68 250:775.552 - 0.564ms returns FALSE
T1E68 250:884.000 JLINK_IsHalted()
T1E68 250:884.704 - 0.699ms returns FALSE
T1E68 250:884.768 JLINK_IsHalted()
T1E68 250:885.376 - 0.613ms returns FALSE
T1E68 250:992.640 JLINK_IsHalted()
T1E68 250:993.312 - 0.665ms returns FALSE
T1E68 250:993.360 JLINK_IsHalted()
T1E68 250:993.968 - 0.620ms returns FALSE
T1E68 251:102.624 JLINK_IsHalted()
T1E68 251:103.328 - 0.709ms returns FALSE
T1E68 251:103.360 JLINK_IsHalted()
T1E68 251:104.000 - 0.619ms returns FALSE
T0658 251:193.680 JLINK_IsHalted()
T0658 251:194.288 - 0.619ms returns FALSE
T0658 251:194.320 JLINK_IsHalted()
T0658 251:194.880 - 0.554ms returns FALSE
T1E68 251:211.440 JLINK_IsHalted()
T1E68 251:212.128 - 0.677ms returns FALSE
T1E68 251:212.192 JLINK_IsHalted()
T1E68 251:212.768 - 0.611ms returns FALSE
T1E68 251:321.120 JLINK_IsHalted()
T1E68 251:321.808 - 0.676ms returns FALSE
T1E68 251:321.856 JLINK_IsHalted()
T1E68 251:322.464 - 0.620ms returns FALSE
T1E68 251:430.864 JLINK_IsHalted()
T1E68 251:431.584 - 0.696ms returns FALSE
T1E68 251:431.600 JLINK_IsHalted()
T1E68 251:432.272 - 0.656ms returns FALSE
T1E68 251:539.840 JLINK_IsHalted()
T1E68 251:540.480 - 0.655ms returns FALSE
T1E68 251:540.528 JLINK_IsHalted()
T1E68 251:541.120 - 0.594ms returns FALSE
T1E68 251:649.824 JLINK_IsHalted()
T1E68 251:650.512 - 0.699ms returns FALSE
T1E68 251:650.560 JLINK_IsHalted()
T1E68 251:651.200 - 0.639ms returns FALSE
T1E68 251:758.880 JLINK_IsHalted()
T1E68 251:759.584 - 0.725ms returns FALSE
T1E68 251:759.648 JLINK_IsHalted()
T1E68 251:760.288 - 0.632ms returns FALSE
T1E68 251:867.808 JLINK_IsHalted()
T1E68 251:868.384 - 0.578ms returns FALSE
T1E68 251:868.416 JLINK_IsHalted()
T1E68 251:868.928 - 0.507ms returns FALSE
T1E68 251:977.552 JLINK_IsHalted()
T1E68 251:978.208 - 0.657ms returns FALSE
T1E68 251:978.240 JLINK_IsHalted()
T1E68 251:978.800 - 0.562ms returns FALSE
T1E68 252:087.296 JLINK_IsHalted()
T1E68 252:088.016 - 0.735ms returns FALSE
T1E68 252:088.064 JLINK_IsHalted()
T1E68 252:088.704 - 0.633ms returns FALSE
T1E68 252:196.016 JLINK_IsHalted()
T1E68 252:196.704 - 0.681ms returns FALSE
T1E68 252:196.736 JLINK_IsHalted()
T1E68 252:197.328 - 0.574ms returns FALSE
T0658 252:197.408 JLINK_IsHalted()
T0658 252:197.984 - 0.596ms returns FALSE
T0658 252:198.048 JLINK_IsHalted()
T0658 252:198.688 - 0.639ms returns FALSE
T1E68 252:305.952 JLINK_IsHalted()
T1E68 252:306.592 - 0.639ms returns FALSE
T1E68 252:306.608 JLINK_IsHalted()
T1E68 252:307.248 - 0.626ms returns FALSE
T1E68 252:414.816 JLINK_IsHalted()
T1E68 252:415.568 - 0.721ms returns FALSE
T1E68 252:415.584 JLINK_IsHalted()
T1E68 252:416.256 - 0.663ms returns FALSE
T1E68 252:524.416 JLINK_IsHalted()
T1E68 252:531.280 - 6.866ms returns FALSE
T1E68 252:531.328 JLINK_IsHalted()
T1E68 252:531.936 - 0.624ms returns FALSE
T1E68 252:634.064 JLINK_IsHalted()
T1E68 252:634.720 - 0.646ms returns FALSE
T1E68 252:634.752 JLINK_IsHalted()
T1E68 252:635.296 - 0.556ms returns FALSE
T1E68 252:743.072 JLINK_IsHalted()
T1E68 252:743.712 - 0.640ms returns FALSE
T1E68 252:743.728 JLINK_IsHalted()
T1E68 252:744.288 - 0.560ms returns FALSE
T1E68 252:852.768 JLINK_IsHalted()
T1E68 252:853.376 - 0.613ms returns FALSE
T1E68 252:853.424 JLINK_IsHalted()
T1E68 252:853.968 - 0.542ms returns FALSE
T1E68 252:961.440 JLINK_IsHalted()
T1E68 252:962.128 - 0.680ms returns FALSE
T1E68 252:962.176 JLINK_IsHalted()
T1E68 252:962.784 - 0.613ms returns FALSE
T1E68 253:071.360 JLINK_IsHalted()
T1E68 253:072.048 - 0.667ms returns FALSE
T1E68 253:072.080 JLINK_IsHalted()
T1E68 253:072.720 - 0.638ms returns FALSE
T1E68 253:181.136 JLINK_IsHalted()
T1E68 253:181.728 - 0.597ms returns FALSE
T1E68 253:181.744 JLINK_IsHalted()
T1E68 253:182.304 - 0.567ms returns FALSE
T0658 253:199.312 JLINK_IsHalted()
T0658 253:199.952 - 0.652ms returns FALSE
T0658 253:199.968 JLINK_IsHalted()
T0658 253:200.592 - 0.598ms returns FALSE
T1E68 253:289.856 JLINK_IsHalted()
T1E68 253:290.528 - 0.685ms returns FALSE
T1E68 253:290.576 JLINK_IsHalted()
T1E68 253:291.136 - 0.571ms returns FALSE
T1E68 253:399.008 JLINK_IsHalted()
T1E68 253:399.712 - 0.701ms returns FALSE
T1E68 253:399.760 JLINK_IsHalted()
T1E68 253:400.352 - 0.590ms returns FALSE
T1E68 253:508.912 JLINK_IsHalted()
T1E68 253:509.584 - 0.673ms returns FALSE
T1E68 253:509.632 JLINK_IsHalted()
T1E68 253:510.272 - 0.624ms returns FALSE
T1E68 253:618.640 JLINK_IsHalted()
T1E68 253:619.280 - 0.640ms returns FALSE
T1E68 253:619.296 JLINK_IsHalted()
T1E68 253:619.840 - 0.557ms returns FALSE
T1E68 253:727.360 JLINK_IsHalted()
T1E68 253:728.032 - 0.667ms returns FALSE
T1E68 253:728.048 JLINK_IsHalted()
T1E68 253:728.672 - 0.625ms returns FALSE
T1E68 253:836.592 JLINK_IsHalted()
T1E68 253:855.712 - 19.121ms returns FALSE
T1E68 253:855.744 JLINK_IsHalted()
T1E68 253:856.352 - 0.616ms returns FALSE
T1E68 253:962.320 JLINK_IsHalted()
T1E68 253:963.008 - 0.683ms returns FALSE
T1E68 253:963.040 JLINK_IsHalted()
T1E68 253:963.696 - 0.649ms returns FALSE
T1E68 254:071.392 JLINK_IsHalted()
T1E68 254:072.112 - 0.704ms returns FALSE
T1E68 254:072.144 JLINK_IsHalted()
T1E68 254:072.784 - 0.628ms returns FALSE
T1E68 254:180.144 JLINK_IsHalted()
T1E68 254:180.736 - 0.576ms returns FALSE
T1E68 254:180.768 JLINK_IsHalted()
T1E68 254:181.280 - 0.517ms returns FALSE
T0658 254:200.320 JLINK_IsHalted()
T0658 254:200.912 - 0.576ms returns FALSE
T0658 254:200.912 JLINK_IsHalted()
T0658 254:201.472 - 0.538ms returns FALSE
T1E68 254:290.096 JLINK_IsHalted()
T1E68 254:290.784 - 0.681ms returns FALSE
T1E68 254:290.816 JLINK_IsHalted()
T1E68 254:291.424 - 0.609ms returns FALSE
T1E68 254:399.904 JLINK_IsHalted()
T1E68 254:400.688 - 0.782ms returns FALSE
T1E68 254:400.720 JLINK_IsHalted()
T1E68 254:401.312 - 0.580ms returns FALSE
T1E68 254:508.704 JLINK_IsHalted()
T1E68 254:509.392 - 0.715ms returns FALSE
T1E68 254:509.440 JLINK_IsHalted()
T1E68 254:510.032 - 0.600ms returns FALSE
T1E68 254:618.400 JLINK_IsHalted()
T1E68 254:619.104 - 0.700ms returns FALSE
T1E68 254:619.136 JLINK_IsHalted()
T1E68 254:619.776 - 0.632ms returns FALSE
T1E68 254:727.200 JLINK_IsHalted()
T1E68 254:727.888 - 0.682ms returns FALSE
T1E68 254:727.904 JLINK_IsHalted()
T1E68 254:728.528 - 0.596ms returns FALSE
T1E68 254:836.944 JLINK_IsHalted()
T1E68 254:837.680 - 0.736ms returns FALSE
T1E68 254:837.712 JLINK_IsHalted()
T1E68 254:838.272 - 0.572ms returns FALSE
T1E68 254:946.768 JLINK_IsHalted()
T1E68 254:947.456 - 0.692ms returns FALSE
T1E68 254:947.504 JLINK_IsHalted()
T1E68 254:948.128 - 0.629ms returns FALSE
T1E68 255:055.408 JLINK_IsHalted()
T1E68 255:056.048 - 0.645ms returns FALSE
T1E68 255:056.096 JLINK_IsHalted()
T1E68 255:056.672 - 0.559ms returns FALSE
T1E68 255:165.280 JLINK_IsHalted()
T1E68 255:165.920 - 0.631ms returns FALSE
T1E68 255:165.952 JLINK_IsHalted()
T1E68 255:166.512 - 0.579ms returns FALSE
T0658 255:202.016 JLINK_IsHalted()
T0658 255:247.568 - 45.534ms returns FALSE
T0658 255:247.584 JLINK_IsHalted()
T0658 255:248.128 - 0.536ms returns FALSE
T1E68 255:274.672 JLINK_IsHalted()
T1E68 255:275.344 - 0.670ms returns FALSE
T1E68 255:275.360 JLINK_IsHalted()
T1E68 255:275.984 - 0.593ms returns FALSE
T1E68 255:384.144 JLINK_IsHalted()
T1E68 255:384.800 - 0.664ms returns FALSE
T1E68 255:384.832 JLINK_IsHalted()
T1E68 255:385.440 - 0.598ms returns FALSE
T1E68 255:492.992 JLINK_IsHalted()
T1E68 255:493.680 - 0.699ms returns FALSE
T1E68 255:493.728 JLINK_IsHalted()
T1E68 255:494.304 - 0.581ms returns FALSE
T1E68 255:602.864 JLINK_IsHalted()
T1E68 255:603.536 - 0.651ms returns FALSE
T1E68 255:603.552 JLINK_IsHalted()
T1E68 255:604.128 - 0.563ms returns FALSE
T1E68 255:711.696 JLINK_IsHalted()
T1E68 255:712.336 - 0.659ms returns FALSE
T1E68 255:712.384 JLINK_IsHalted()
T1E68 255:712.976 - 0.602ms returns FALSE
T1E68 255:821.344 JLINK_IsHalted()
T1E68 255:822.112 - 0.763ms returns FALSE
T1E68 255:822.160 JLINK_IsHalted()
T1E68 255:822.768 - 0.620ms returns FALSE
T1E68 255:930.240 JLINK_IsHalted()
T1E68 255:930.912 - 0.678ms returns FALSE
T1E68 255:930.960 JLINK_IsHalted()
T1E68 255:931.520 - 0.579ms returns FALSE
T1E68 256:039.856 JLINK_IsHalted()
T1E68 256:040.528 - 0.673ms returns FALSE
T1E68 256:040.576 JLINK_IsHalted()
T1E68 256:041.216 - 0.639ms returns FALSE
T1E68 256:149.728 JLINK_IsHalted()
T1E68 256:150.432 - 0.692ms returns FALSE
T1E68 256:150.448 JLINK_IsHalted()
T1E68 256:151.072 - 0.616ms returns FALSE
T0658 256:248.832 JLINK_IsHalted()
T0658 256:249.552 - 0.720ms returns FALSE
T0658 256:249.600 JLINK_IsHalted()
T0658 256:250.272 - 0.662ms returns FALSE
T1E68 256:258.656 JLINK_IsHalted()
T1E68 256:259.360 - 0.688ms returns FALSE
T1E68 256:259.408 JLINK_IsHalted()
T1E68 256:260.000 - 0.599ms returns FALSE
T1E68 256:368.464 JLINK_IsHalted()
T1E68 256:369.120 - 0.673ms returns FALSE
T1E68 256:369.184 JLINK_IsHalted()
T1E68 256:369.792 - 0.624ms returns FALSE
T1E68 256:477.088 JLINK_IsHalted()
T1E68 256:477.696 - 0.617ms returns FALSE
T1E68 256:477.728 JLINK_IsHalted()
T1E68 256:478.256 - 0.544ms returns FALSE
T1E68 256:586.848 JLINK_IsHalted()
T1E68 256:620.320 - 33.459ms returns FALSE
T1E68 256:620.368 JLINK_IsHalted()
T1E68 256:620.976 - 0.612ms returns FALSE
T1E68 256:727.712 JLINK_IsHalted()
T1E68 256:728.288 - 0.579ms returns FALSE
T1E68 256:728.320 JLINK_IsHalted()
T1E68 256:728.832 - 0.527ms returns FALSE
T1E68 256:837.072 JLINK_IsHalted()
T1E68 256:837.760 - 0.683ms returns FALSE
T1E68 256:837.792 JLINK_IsHalted()
T1E68 256:838.400 - 0.612ms returns FALSE
T1E68 256:945.840 JLINK_IsHalted()
T1E68 256:946.528 - 0.708ms returns FALSE
T1E68 256:946.592 JLINK_IsHalted()
T1E68 256:947.248 - 0.671ms returns FALSE
T1E68 257:055.536 JLINK_IsHalted()
T1E68 257:056.288 - 0.719ms returns FALSE
T1E68 257:056.304 JLINK_IsHalted()
T1E68 257:056.944 - 0.620ms returns FALSE
T1E68 257:165.232 JLINK_IsHalted()
T1E68 257:165.920 - 0.688ms returns FALSE
T1E68 257:165.984 JLINK_IsHalted()
T1E68 257:166.592 - 0.609ms returns FALSE
T0658 257:250.256 JLINK_IsHalted()
T0658 257:250.864 - 0.620ms returns FALSE
T0658 257:250.896 JLINK_IsHalted()
T0658 257:251.456 - 0.575ms returns FALSE
T1E68 257:274.032 JLINK_IsHalted()
T1E68 257:274.672 - 0.647ms returns FALSE
T1E68 257:274.704 JLINK_IsHalted()
T1E68 257:275.232 - 0.548ms returns FALSE
T1E68 257:383.680 JLINK_IsHalted()
T1E68 257:384.288 - 0.615ms returns FALSE
T1E68 257:384.320 JLINK_IsHalted()
T1E68 257:384.912 - 0.575ms returns FALSE
T1E68 257:493.344 JLINK_IsHalted()
T1E68 257:493.936 - 0.596ms returns FALSE
T1E68 257:493.968 JLINK_IsHalted()
T1E68 257:494.480 - 0.524ms returns FALSE
T1E68 257:602.080 JLINK_IsHalted()
T1E68 257:602.720 - 0.631ms returns FALSE
T1E68 257:602.768 JLINK_IsHalted()
T1E68 257:603.296 - 0.553ms returns FALSE
T1E68 257:712.176 JLINK_IsHalted()
T1E68 257:712.816 - 0.629ms returns FALSE
T1E68 257:712.848 JLINK_IsHalted()
T1E68 257:713.440 - 0.580ms returns FALSE
T1E68 257:821.104 JLINK_IsHalted()
T1E68 257:821.728 - 0.611ms returns FALSE
T1E68 257:821.728 JLINK_IsHalted()
T1E68 257:822.256 - 0.522ms returns FALSE
T1E68 257:931.088 JLINK_IsHalted()
T1E68 257:931.728 - 0.639ms returns FALSE
T1E68 257:931.728 JLINK_IsHalted()
T1E68 257:932.256 - 0.526ms returns FALSE
T1E68 258:040.352 JLINK_IsHalted()
T1E68 258:041.040 - 0.671ms returns FALSE
T1E68 258:041.056 JLINK_IsHalted()
T1E68 258:041.696 - 0.632ms returns FALSE
T1E68 258:149.712 JLINK_IsHalted()
T1E68 258:150.432 - 0.700ms returns FALSE
T1E68 258:150.448 JLINK_IsHalted()
T1E68 258:151.072 - 0.596ms returns FALSE
T0658 258:252.032 JLINK_IsHalted()
T0658 258:252.640 - 0.626ms returns FALSE
T0658 258:252.672 JLINK_IsHalted()
T0658 258:253.232 - 0.560ms returns FALSE
T1E68 258:258.944 JLINK_IsHalted()
T1E68 258:259.680 - 0.752ms returns FALSE
T1E68 258:259.744 JLINK_IsHalted()
T1E68 258:260.320 - 0.600ms returns FALSE
T1E68 258:367.824 JLINK_IsHalted()
T1E68 258:368.512 - 0.684ms returns FALSE
T1E68 258:368.544 JLINK_IsHalted()
T1E68 258:369.120 - 0.590ms returns FALSE
T1E68 258:477.520 JLINK_IsHalted()
T1E68 258:478.176 - 0.654ms returns FALSE
T1E68 258:478.208 JLINK_IsHalted()
T1E68 258:478.816 - 0.608ms returns FALSE
T1E68 258:587.216 JLINK_IsHalted()
T1E68 258:587.872 - 0.658ms returns FALSE
T1E68 258:587.904 JLINK_IsHalted()
T1E68 258:588.512 - 0.597ms returns FALSE
T1E68 258:695.984 JLINK_IsHalted()
T1E68 258:696.704 - 0.710ms returns FALSE
T1E68 258:696.736 JLINK_IsHalted()
T1E68 258:697.376 - 0.625ms returns FALSE
T1E68 258:805.856 JLINK_IsHalted()
T1E68 258:806.560 - 0.701ms returns FALSE
T1E68 258:806.608 JLINK_IsHalted()
T1E68 258:807.264 - 0.667ms returns FALSE
T1E68 258:914.608 JLINK_IsHalted()
T1E68 258:915.296 - 0.694ms returns FALSE
T1E68 258:915.360 JLINK_IsHalted()
T1E68 258:915.936 - 0.611ms returns FALSE
T1E68 259:024.480 JLINK_IsHalted()
T1E68 259:025.184 - 0.694ms returns FALSE
T1E68 259:025.232 JLINK_IsHalted()
T1E68 259:025.824 - 0.596ms returns FALSE
T1E68 259:134.176 JLINK_IsHalted()
T1E68 259:134.896 - 0.703ms returns FALSE
T1E68 259:134.944 JLINK_IsHalted()
T1E68 259:135.568 - 0.617ms returns FALSE
T1E68 259:242.912 JLINK_IsHalted()
T1E68 259:243.616 - 0.701ms returns FALSE
T1E68 259:243.648 JLINK_IsHalted()
T1E68 259:244.256 - 0.608ms returns FALSE
T0658 259:252.992 JLINK_IsHalted()
T0658 259:253.680 - 0.684ms returns FALSE
T0658 259:253.712 JLINK_IsHalted()
T0658 259:254.272 - 0.576ms returns FALSE
T1E68 259:352.448 JLINK_IsHalted()
T1E68 259:353.120 - 0.678ms returns FALSE
T1E68 259:353.168 JLINK_IsHalted()
T1E68 259:353.776 - 0.621ms returns FALSE
T1E68 259:462.240 JLINK_IsHalted()
T1E68 259:462.880 - 0.631ms returns FALSE
T1E68 259:462.912 JLINK_IsHalted()
T1E68 259:463.472 - 0.555ms returns FALSE
T1E68 259:571.248 JLINK_IsHalted()
T1E68 259:571.936 - 0.695ms returns FALSE
T1E68 259:572.000 JLINK_IsHalted()
T1E68 259:572.688 - 0.698ms returns FALSE
T1E68 259:680.256 JLINK_IsHalted()
T1E68 259:680.896 - 0.638ms returns FALSE
T1E68 259:680.928 JLINK_IsHalted()
T1E68 259:681.504 - 0.574ms returns FALSE
T1E68 259:790.000 JLINK_IsHalted()
T1E68 259:790.752 - 0.731ms returns FALSE
T1E68 259:790.800 JLINK_IsHalted()
T1E68 259:791.456 - 0.664ms returns FALSE
T1E68 259:899.728 JLINK_IsHalted()
T1E68 259:900.416 - 0.698ms returns FALSE
T1E68 259:900.464 JLINK_IsHalted()
T1E68 259:901.088 - 0.620ms returns FALSE
T1E68 260:008.608 JLINK_IsHalted()
T1E68 260:009.392 - 0.785ms returns FALSE
T1E68 260:009.440 JLINK_IsHalted()
T1E68 260:010.032 - 0.601ms returns FALSE
T1E68 260:118.368 JLINK_IsHalted()
T1E68 260:119.040 - 0.677ms returns FALSE
T1E68 260:119.088 JLINK_IsHalted()
T1E68 260:119.760 - 0.651ms returns FALSE
T1E68 260:228.048 JLINK_IsHalted()
T1E68 260:228.768 - 0.706ms returns FALSE
T1E68 260:228.784 JLINK_IsHalted()
T1E68 260:229.408 - 0.612ms returns FALSE
T0658 260:254.208 JLINK_IsHalted()
T0658 260:254.816 - 0.613ms returns FALSE
T0658 260:254.880 JLINK_IsHalted()
T0658 260:255.456 - 0.604ms returns FALSE
T1E68 260:336.736 JLINK_IsHalted()
T1E68 260:337.408 - 0.682ms returns FALSE
T1E68 260:337.456 JLINK_IsHalted()
T1E68 260:338.096 - 0.624ms returns FALSE
T1E68 260:446.432 JLINK_IsHalted()
T1E68 260:447.136 - 0.695ms returns FALSE
T1E68 260:447.184 JLINK_IsHalted()
T1E68 260:447.824 - 0.630ms returns FALSE
T1E68 260:555.168 JLINK_IsHalted()
T1E68 260:555.904 - 0.745ms returns FALSE
T1E68 260:555.936 JLINK_IsHalted()
T1E68 260:556.544 - 0.593ms returns FALSE
T1E68 260:665.344 JLINK_IsHalted()
T1E68 260:665.936 - 0.603ms returns FALSE
T1E68 260:665.952 JLINK_IsHalted()
T1E68 260:666.528 - 0.552ms returns FALSE
T1E68 260:774.656 JLINK_IsHalted()
T1E68 260:775.344 - 0.688ms returns FALSE
T1E68 260:775.376 JLINK_IsHalted()
T1E68 260:776.096 - 0.702ms returns FALSE
T1E68 260:883.888 JLINK_IsHalted()
T1E68 260:884.560 - 0.689ms returns FALSE
T1E68 260:884.608 JLINK_IsHalted()
T1E68 260:885.280 - 0.651ms returns FALSE
T1E68 260:993.632 JLINK_IsHalted()
T1E68 260:994.336 - 0.688ms returns FALSE
T1E68 260:994.352 JLINK_IsHalted()
T1E68 260:994.992 - 0.624ms returns FALSE
T1E68 261:102.512 JLINK_IsHalted()
T1E68 261:103.152 - 0.646ms returns FALSE
T1E68 261:103.184 JLINK_IsHalted()
T1E68 261:103.712 - 0.545ms returns FALSE
T1E68 261:211.472 JLINK_IsHalted()
T1E68 261:212.192 - 0.710ms returns FALSE
T1E68 261:212.208 JLINK_IsHalted()
T1E68 261:212.832 - 0.592ms returns FALSE
T0658 261:255.680 JLINK_IsHalted()
T0658 261:256.352 - 0.659ms returns FALSE
T0658 261:256.400 JLINK_IsHalted()
T0658 261:256.992 - 0.592ms returns FALSE
T1E68 261:321.248 JLINK_IsHalted()
T1E68 261:321.952 - 0.702ms returns FALSE
T1E68 261:322.016 JLINK_IsHalted()
T1E68 261:322.704 - 0.693ms returns FALSE
T1E68 261:430.960 JLINK_IsHalted()
T1E68 261:431.632 - 0.659ms returns FALSE
T1E68 261:431.648 JLINK_IsHalted()
T1E68 261:432.272 - 0.612ms returns FALSE
T1E68 261:539.680 JLINK_IsHalted()
T1E68 261:540.352 - 0.681ms returns FALSE
T1E68 261:540.400 JLINK_IsHalted()
T1E68 261:541.040 - 0.624ms returns FALSE
T1E68 261:649.408 JLINK_IsHalted()
T1E68 261:650.144 - 0.736ms returns FALSE
T1E68 261:650.176 JLINK_IsHalted()
T1E68 261:650.784 - 0.609ms returns FALSE
T1E68 261:759.200 JLINK_IsHalted()
T1E68 261:759.872 - 0.679ms returns FALSE
T1E68 261:759.920 JLINK_IsHalted()
T1E68 261:760.512 - 0.595ms returns FALSE
T1E68 261:868.112 JLINK_IsHalted()
T1E68 261:868.752 - 0.655ms returns FALSE
T1E68 261:868.800 JLINK_IsHalted()
T1E68 261:869.392 - 0.591ms returns FALSE
T1E68 261:977.888 JLINK_IsHalted()
T1E68 261:978.592 - 0.706ms returns FALSE
T1E68 261:978.624 JLINK_IsHalted()
T1E68 261:979.264 - 0.641ms returns FALSE
T1E68 262:086.368 JLINK_IsHalted()
T1E68 262:086.992 - 0.603ms returns FALSE
T1E68 262:087.008 JLINK_IsHalted()
T1E68 262:087.552 - 0.536ms returns FALSE
T1E68 262:196.608 JLINK_IsHalted()
T1E68 262:197.296 - 0.685ms returns FALSE
T1E68 262:197.328 JLINK_IsHalted()
T1E68 262:197.920 - 0.580ms returns FALSE
T0658 262:256.848 JLINK_IsHalted()
T0658 262:257.536 - 0.704ms returns FALSE
T0658 262:257.584 JLINK_IsHalted()
T0658 262:258.256 - 0.680ms returns FALSE
T1E68 262:305.616 JLINK_IsHalted()
T1E68 262:306.304 - 0.700ms returns FALSE
T1E68 262:306.352 JLINK_IsHalted()
T1E68 262:306.912 - 0.573ms returns FALSE
T1E68 262:415.280 JLINK_IsHalted()
T1E68 262:415.952 - 0.659ms returns FALSE
T1E68 262:415.968 JLINK_IsHalted()
T1E68 262:416.640 - 0.656ms returns FALSE
T1E68 262:524.448 JLINK_IsHalted()
T1E68 262:525.152 - 0.706ms returns FALSE
T1E68 262:525.184 JLINK_IsHalted()
T1E68 262:525.744 - 0.562ms returns FALSE
T1E68 262:633.424 JLINK_IsHalted()
T1E68 262:634.032 - 0.633ms returns FALSE
T1E68 262:634.080 JLINK_IsHalted()
T1E68 262:634.672 - 0.591ms returns FALSE
T1E68 262:743.456 JLINK_IsHalted()
T1E68 262:744.144 - 0.666ms returns FALSE
T1E68 262:744.160 JLINK_IsHalted()
T1E68 262:744.800 - 0.630ms returns FALSE
T1E68 262:852.256 JLINK_IsHalted()
T1E68 262:852.960 - 0.708ms returns FALSE
T1E68 262:852.992 JLINK_IsHalted()
T1E68 262:853.680 - 0.677ms returns FALSE
T1E68 262:962.000 JLINK_IsHalted()
T1E68 262:962.720 - 0.727ms returns FALSE
T1E68 262:962.768 JLINK_IsHalted()
T1E68 262:963.360 - 0.601ms returns FALSE
T1E68 263:070.800 JLINK_IsHalted()
T1E68 263:071.520 - 0.709ms returns FALSE
T1E68 263:071.568 JLINK_IsHalted()
T1E68 263:072.128 - 0.581ms returns FALSE
T1E68 263:180.960 JLINK_IsHalted()
T1E68 263:181.696 - 0.762ms returns FALSE
T1E68 263:181.744 JLINK_IsHalted()
T1E68 263:182.368 - 0.613ms returns FALSE
T0658 263:258.960 JLINK_IsHalted()
T0658 263:259.680 - 0.709ms returns FALSE
T0658 263:259.696 JLINK_IsHalted()
T0658 263:260.256 - 0.558ms returns FALSE
T1E68 263:289.680 JLINK_IsHalted()
T1E68 263:290.320 - 0.643ms returns FALSE
T1E68 263:290.368 JLINK_IsHalted()
T1E68 263:290.960 - 0.577ms returns FALSE
T1E68 263:399.120 JLINK_IsHalted()
T1E68 263:424.864 - 25.764ms returns FALSE
T1E68 263:424.928 JLINK_IsHalted()
T1E68 263:425.536 - 0.621ms returns FALSE
T1E68 263:524.816 JLINK_IsHalted()
T1E68 263:525.472 - 0.649ms returns FALSE
T1E68 263:525.504 JLINK_IsHalted()
T1E68 263:526.096 - 0.593ms returns FALSE
T1E68 263:633.664 JLINK_IsHalted()
T1E68 263:634.384 - 0.717ms returns FALSE
T1E68 263:634.400 JLINK_IsHalted()
T1E68 263:634.992 - 0.596ms returns FALSE
T1E68 263:743.536 JLINK_IsHalted()
T1E68 263:744.256 - 0.720ms returns FALSE
T1E68 263:744.304 JLINK_IsHalted()
T1E68 263:744.896 - 0.601ms returns FALSE
T1E68 263:852.288 JLINK_IsHalted()
T1E68 263:852.960 - 0.667ms returns FALSE
T1E68 263:852.976 JLINK_IsHalted()
T1E68 263:853.616 - 0.630ms returns FALSE
T1E68 263:962.064 JLINK_IsHalted()
T1E68 263:962.704 - 0.661ms returns FALSE
T1E68 263:962.752 JLINK_IsHalted()
T1E68 263:963.344 - 0.581ms returns FALSE
T1E68 264:071.008 JLINK_IsHalted()
T1E68 264:071.728 - 0.730ms returns FALSE
T1E68 264:071.776 JLINK_IsHalted()
T1E68 264:072.416 - 0.640ms returns FALSE
T1E68 264:180.704 JLINK_IsHalted()
T1E68 264:181.408 - 0.685ms returns FALSE
T1E68 264:181.424 JLINK_IsHalted()
T1E68 264:182.064 - 0.628ms returns FALSE
T0658 264:260.832 JLINK_IsHalted()
T0658 264:261.504 - 0.667ms returns FALSE
T0658 264:261.552 JLINK_IsHalted()
T0658 264:262.144 - 0.606ms returns FALSE
T1E68 264:290.480 JLINK_IsHalted()
T1E68 264:291.168 - 0.678ms returns FALSE
T1E68 264:291.232 JLINK_IsHalted()
T1E68 264:291.840 - 0.624ms returns FALSE
T1E68 264:399.184 JLINK_IsHalted()
T1E68 264:399.840 - 0.652ms returns FALSE
T1E68 264:399.872 JLINK_IsHalted()
T1E68 264:400.480 - 0.607ms returns FALSE
T1E68 264:508.960 JLINK_IsHalted()
T1E68 264:509.696 - 0.741ms returns FALSE
T1E68 264:509.728 JLINK_IsHalted()
T1E68 264:510.304 - 0.582ms returns FALSE
T1E68 264:618.400 JLINK_IsHalted()
T1E68 264:619.056 - 0.655ms returns FALSE
T1E68 264:619.104 JLINK_IsHalted()
T1E68 264:619.728 - 0.628ms returns FALSE
T1E68 264:727.456 JLINK_IsHalted()
T1E68 264:728.144 - 0.696ms returns FALSE
T1E68 264:728.160 JLINK_IsHalted()
T1E68 264:728.784 - 0.612ms returns FALSE
T1E68 264:837.152 JLINK_IsHalted()
T1E68 264:837.840 - 0.684ms returns FALSE
T1E68 264:837.888 JLINK_IsHalted()
T1E68 264:838.496 - 0.630ms returns FALSE
T1E68 264:946.000 JLINK_IsHalted()
T1E68 264:946.688 - 0.673ms returns FALSE
T1E68 264:946.720 JLINK_IsHalted()
T1E68 264:947.280 - 0.569ms returns FALSE
T1E68 265:055.968 JLINK_IsHalted()
T1E68 265:056.688 - 0.731ms returns FALSE
T1E68 265:056.736 JLINK_IsHalted()
T1E68 265:057.360 - 0.621ms returns FALSE
T1E68 265:164.768 JLINK_IsHalted()
T1E68 265:165.392 - 0.599ms returns FALSE
T1E68 265:165.408 JLINK_IsHalted()
T1E68 265:165.952 - 0.548ms returns FALSE
T0658 265:261.904 JLINK_IsHalted()
T0658 265:262.512 - 0.608ms returns FALSE
T0658 265:262.544 JLINK_IsHalted()
T0658 265:263.104 - 0.551ms returns FALSE
T1E68 265:274.672 JLINK_IsHalted()
T1E68 265:275.312 - 0.640ms returns FALSE
T1E68 265:275.344 JLINK_IsHalted()
T1E68 265:275.952 - 0.598ms returns FALSE
T1E68 265:383.392 JLINK_IsHalted()
T1E68 265:384.064 - 0.669ms returns FALSE
T1E68 265:384.096 JLINK_IsHalted()
T1E68 265:384.704 - 0.600ms returns FALSE
T1E68 265:493.072 JLINK_IsHalted()
T1E68 265:493.760 - 0.685ms returns FALSE
T1E68 265:493.808 JLINK_IsHalted()
T1E68 265:494.432 - 0.633ms returns FALSE
T1E68 265:602.784 JLINK_IsHalted()
T1E68 265:603.488 - 0.687ms returns FALSE
T1E68 265:603.536 JLINK_IsHalted()
T1E68 265:604.128 - 0.600ms returns FALSE
T1E68 265:711.536 JLINK_IsHalted()
T1E68 265:712.256 - 0.726ms returns FALSE
T1E68 265:712.304 JLINK_IsHalted()
T1E68 265:712.928 - 0.621ms returns FALSE
T1E68 265:821.440 JLINK_IsHalted()
T1E68 265:822.128 - 0.691ms returns FALSE
T1E68 265:822.176 JLINK_IsHalted()
T1E68 265:822.816 - 0.634ms returns FALSE
T1E68 265:930.464 JLINK_IsHalted()
T1E68 265:931.104 - 0.634ms returns FALSE
T1E68 265:931.136 JLINK_IsHalted()
T1E68 265:931.696 - 0.580ms returns FALSE
T1E68 266:040.192 JLINK_IsHalted()
T1E68 266:040.864 - 0.674ms returns FALSE
T1E68 266:040.912 JLINK_IsHalted()
T1E68 266:041.552 - 0.621ms returns FALSE
T1E68 266:149.760 JLINK_IsHalted()
T1E68 266:156.256 - 6.495ms returns FALSE
T1E68 266:156.320 JLINK_IsHalted()
T1E68 266:156.928 - 0.619ms returns FALSE
T1E68 266:258.480 JLINK_IsHalted()
T1E68 266:259.120 - 0.658ms returns FALSE
T1E68 266:259.168 JLINK_IsHalted()
T1E68 266:259.840 - 0.660ms returns FALSE
T0658 266:263.584 JLINK_IsHalted()
T0658 266:264.288 - 0.713ms returns FALSE
T0658 266:264.320 JLINK_IsHalted()
T0658 266:264.912 - 0.599ms returns FALSE
T1E68 266:367.968 JLINK_IsHalted()
T1E68 266:368.688 - 0.694ms returns FALSE
T1E68 266:368.720 JLINK_IsHalted()
T1E68 266:369.328 - 0.609ms returns FALSE
T1E68 266:477.776 JLINK_IsHalted()
T1E68 266:478.464 - 0.699ms returns FALSE
T1E68 266:478.512 JLINK_IsHalted()
T1E68 266:479.136 - 0.618ms returns FALSE
T1E68 266:586.624 JLINK_IsHalted()
T1E68 266:587.344 - 0.704ms returns FALSE
T1E68 266:587.392 JLINK_IsHalted()
T1E68 266:588.000 - 0.629ms returns FALSE
T1E68 266:696.288 JLINK_IsHalted()
T1E68 266:696.992 - 0.694ms returns FALSE
T1E68 266:697.040 JLINK_IsHalted()
T1E68 266:697.696 - 0.656ms returns FALSE
T1E68 266:806.048 JLINK_IsHalted()
T1E68 266:806.736 - 0.692ms returns FALSE
T1E68 266:806.752 JLINK_IsHalted()
T1E68 266:807.328 - 0.552ms returns FALSE
T1E68 266:914.896 JLINK_IsHalted()
T1E68 266:915.536 - 0.651ms returns FALSE
T1E68 266:915.552 JLINK_IsHalted()
T1E68 266:916.176 - 0.599ms returns FALSE
T1E68 267:024.640 JLINK_IsHalted()
T1E68 267:025.328 - 0.700ms returns FALSE
T1E68 267:025.376 JLINK_IsHalted()
T1E68 267:026.016 - 0.639ms returns FALSE
T1E68 267:133.344 JLINK_IsHalted()
T1E68 267:134.048 - 0.707ms returns FALSE
T1E68 267:134.112 JLINK_IsHalted()
T1E68 267:134.720 - 0.625ms returns FALSE
T1E68 267:243.056 JLINK_IsHalted()
T1E68 267:243.776 - 0.704ms returns FALSE
T1E68 267:243.808 JLINK_IsHalted()
T1E68 267:244.384 - 0.569ms returns FALSE
T0658 267:265.200 JLINK_IsHalted()
T0658 267:265.888 - 0.690ms returns FALSE
T0658 267:265.920 JLINK_IsHalted()
T0658 267:266.512 - 0.596ms returns FALSE
T1E68 267:352.832 JLINK_IsHalted()
T1E68 267:353.504 - 0.673ms returns FALSE
T1E68 267:353.552 JLINK_IsHalted()
T1E68 267:354.160 - 0.618ms returns FALSE
T1E68 267:461.536 JLINK_IsHalted()
T1E68 267:462.272 - 0.729ms returns FALSE
T1E68 267:462.304 JLINK_IsHalted()
T1E68 267:462.944 - 0.620ms returns FALSE
T1E68 267:571.024 JLINK_IsHalted()
T1E68 267:571.680 - 0.681ms returns FALSE
T1E68 267:571.744 JLINK_IsHalted()
T1E68 267:572.400 - 0.647ms returns FALSE
T1E68 267:680.176 JLINK_IsHalted()
T1E68 267:680.800 - 0.596ms returns FALSE
T1E68 267:680.800 JLINK_IsHalted()
T1E68 267:681.360 - 0.552ms returns FALSE
T1E68 267:790.256 JLINK_IsHalted()
T1E68 267:790.944 - 0.703ms returns FALSE
T1E68 267:791.008 JLINK_IsHalted()
T1E68 267:791.584 - 0.610ms returns FALSE
T1E68 267:899.136 JLINK_IsHalted()
T1E68 267:899.776 - 0.655ms returns FALSE
T1E68 267:899.824 JLINK_IsHalted()
T1E68 267:900.416 - 0.579ms returns FALSE
T1E68 268:008.928 JLINK_IsHalted()
T1E68 268:009.680 - 0.731ms returns FALSE
T1E68 268:009.728 JLINK_IsHalted()
T1E68 268:010.320 - 0.596ms returns FALSE
T1E68 268:117.760 JLINK_IsHalted()
T1E68 268:118.480 - 0.716ms returns FALSE
T1E68 268:118.496 JLINK_IsHalted()
T1E68 268:119.264 - 0.749ms returns FALSE
T1E68 268:227.424 JLINK_IsHalted()
T1E68 268:228.128 - 0.695ms returns FALSE
T1E68 268:228.176 JLINK_IsHalted()
T1E68 268:228.736 - 0.575ms returns FALSE
T0658 268:266.528 JLINK_IsHalted()
T0658 268:267.232 - 0.714ms returns FALSE
T0658 268:267.296 JLINK_IsHalted()
T0658 268:267.904 - 0.632ms returns FALSE
T1E68 268:336.416 JLINK_IsHalted()
T1E68 268:337.104 - 0.695ms returns FALSE
T1E68 268:337.152 JLINK_IsHalted()
T1E68 268:337.760 - 0.624ms returns FALSE
T1E68 268:446.208 JLINK_IsHalted()
T1E68 268:446.912 - 0.728ms returns FALSE
T1E68 268:446.976 JLINK_IsHalted()
T1E68 268:447.584 - 0.613ms returns FALSE
T1E68 268:556.064 JLINK_IsHalted()
T1E68 268:556.736 - 0.675ms returns FALSE
T1E68 268:556.768 JLINK_IsHalted()
T1E68 268:557.376 - 0.588ms returns FALSE
T1E68 268:664.768 JLINK_IsHalted()
T1E68 268:665.536 - 0.726ms returns FALSE
T1E68 268:665.536 JLINK_IsHalted()
T1E68 268:666.176 - 0.617ms returns FALSE
T1E68 268:774.784 JLINK_IsHalted()
T1E68 268:775.488 - 0.677ms returns FALSE
T1E68 268:775.488 JLINK_IsHalted()
T1E68 268:776.128 - 0.600ms returns FALSE
T1E68 268:884.160 JLINK_IsHalted()
T1E68 268:884.768 - 0.621ms returns FALSE
T1E68 268:884.800 JLINK_IsHalted()
T1E68 268:885.312 - 0.543ms returns FALSE
T1E68 268:993.248 JLINK_IsHalted()
T1E68 268:993.952 - 0.707ms returns FALSE
T1E68 268:993.984 JLINK_IsHalted()
T1E68 268:994.592 - 0.597ms returns FALSE
T1E68 269:102.784 JLINK_IsHalted()
T1E68 269:103.488 - 0.697ms returns FALSE
T1E68 269:103.520 JLINK_IsHalted()
T1E68 269:104.128 - 0.597ms returns FALSE
T1E68 269:211.488 JLINK_IsHalted()
T1E68 269:212.128 - 0.632ms returns FALSE
T1E68 269:212.160 JLINK_IsHalted()
T1E68 269:212.736 - 0.560ms returns FALSE
T0658 269:268.704 JLINK_IsHalted()
T0658 269:269.440 - 0.716ms returns FALSE
T0658 269:269.472 JLINK_IsHalted()
T0658 269:270.112 - 0.640ms returns FALSE
T1E68 269:321.280 JLINK_IsHalted()
T1E68 269:321.984 - 0.688ms returns FALSE
T1E68 269:322.048 JLINK_IsHalted()
T1E68 269:322.688 - 0.650ms returns FALSE
T1E68 269:430.976 JLINK_IsHalted()
T1E68 269:431.680 - 0.685ms returns FALSE
T1E68 269:431.744 JLINK_IsHalted()
T1E68 269:432.320 - 0.581ms returns FALSE
T1E68 269:539.936 JLINK_IsHalted()
T1E68 269:540.576 - 0.638ms returns FALSE
T1E68 269:540.608 JLINK_IsHalted()
T1E68 269:541.248 - 0.644ms returns FALSE
T1E68 269:649.760 JLINK_IsHalted()
T1E68 269:650.400 - 0.654ms returns FALSE
T1E68 269:650.464 JLINK_IsHalted()
T1E68 269:651.040 - 0.600ms returns FALSE
T1E68 269:758.912 JLINK_IsHalted()
T1E68 269:759.584 - 0.704ms returns FALSE
T1E68 269:759.648 JLINK_IsHalted()
T1E68 269:760.256 - 0.632ms returns FALSE
T1E68 269:867.840 JLINK_IsHalted()
T1E68 269:868.576 - 0.723ms returns FALSE
T1E68 269:868.608 JLINK_IsHalted()
T1E68 269:869.280 - 0.641ms returns FALSE
T1E68 269:977.728 JLINK_IsHalted()
T1E68 269:978.368 - 0.631ms returns FALSE
T1E68 269:978.400 JLINK_IsHalted()
T1E68 269:979.008 - 0.602ms returns FALSE
T1E68 270:086.592 JLINK_IsHalted()
T1E68 270:087.232 - 0.662ms returns FALSE
T1E68 270:087.264 JLINK_IsHalted()
T1E68 270:087.840 - 0.540ms returns FALSE
T1E68 270:196.224 JLINK_IsHalted()
T1E68 270:254.720 - 58.509ms returns FALSE
T1E68 270:254.784 JLINK_IsHalted()
T1E68 270:255.424 - 0.644ms returns FALSE
T0658 270:271.264 JLINK_IsHalted()
T0658 270:271.872 - 0.608ms returns FALSE
T0658 270:271.904 JLINK_IsHalted()
T0658 270:272.448 - 0.575ms returns FALSE
T1E68 270:352.832 JLINK_IsHalted()
T1E68 270:353.472 - 0.652ms returns FALSE
T1E68 270:353.504 JLINK_IsHalted()
T1E68 270:354.144 - 0.631ms returns FALSE
T1E68 270:462.304 JLINK_IsHalted()
T1E68 270:463.072 - 0.746ms returns FALSE
T1E68 270:463.104 JLINK_IsHalted()
T1E68 270:463.808 - 0.667ms returns FALSE
T1E68 270:571.136 JLINK_IsHalted()
T1E68 270:571.840 - 0.678ms returns FALSE
T1E68 270:571.872 JLINK_IsHalted()
T1E68 270:572.512 - 0.659ms returns FALSE
T1E68 270:680.896 JLINK_IsHalted()
T1E68 270:681.536 - 0.641ms returns FALSE
T1E68 270:681.568 JLINK_IsHalted()
T1E68 270:682.144 - 0.552ms returns FALSE
T1E68 270:789.824 JLINK_IsHalted()
T1E68 270:790.592 - 0.724ms returns FALSE
T1E68 270:790.592 JLINK_IsHalted()
T1E68 270:791.264 - 0.654ms returns FALSE
T1E68 270:899.616 JLINK_IsHalted()
T1E68 270:900.288 - 0.665ms returns FALSE
T1E68 270:900.288 JLINK_IsHalted()
T1E68 270:900.896 - 0.594ms returns FALSE
T1E68 271:008.256 JLINK_IsHalted()
T1E68 271:008.960 - 0.671ms returns FALSE
T1E68 271:008.960 JLINK_IsHalted()
T1E68 271:009.600 - 0.620ms returns FALSE
T1E68 271:118.336 JLINK_IsHalted()
T1E68 271:119.008 - 0.670ms returns FALSE
T1E68 271:119.040 JLINK_IsHalted()
T1E68 271:119.680 - 0.643ms returns FALSE
T1E68 271:227.040 JLINK_IsHalted()
T1E68 271:227.744 - 0.708ms returns FALSE
T1E68 271:227.776 JLINK_IsHalted()
T1E68 271:228.352 - 0.578ms returns FALSE
T0658 271:273.152 JLINK_IsHalted()
T0658 271:273.792 - 0.657ms returns FALSE
T0658 271:273.856 JLINK_IsHalted()
T0658 271:274.432 - 0.597ms returns FALSE
T1E68 271:336.832 JLINK_IsHalted()
T1E68 271:337.536 - 0.684ms returns FALSE
T1E68 271:337.568 JLINK_IsHalted()
T1E68 271:338.272 - 0.696ms returns FALSE
T1E68 271:446.464 JLINK_IsHalted()
T1E68 271:447.168 - 0.699ms returns FALSE
T1E68 271:447.200 JLINK_IsHalted()
T1E68 271:447.840 - 0.631ms returns FALSE
T1E68 271:555.520 JLINK_IsHalted()
T1E68 271:604.576 - 49.084ms returns FALSE
T1E68 271:604.640 JLINK_IsHalted()
T1E68 271:605.280 - 0.628ms returns FALSE
T1E68 271:711.680 JLINK_IsHalted()
T1E68 271:712.352 - 0.696ms returns FALSE
T1E68 271:712.416 JLINK_IsHalted()
T1E68 271:713.056 - 0.640ms returns FALSE
T1E68 271:821.248 JLINK_IsHalted()
T1E68 271:821.888 - 0.636ms returns FALSE
T1E68 271:821.888 JLINK_IsHalted()
T1E68 271:822.528 - 0.599ms returns FALSE
T1E68 271:931.072 JLINK_IsHalted()
T1E68 271:931.840 - 0.760ms returns FALSE
T1E68 271:931.904 JLINK_IsHalted()
T1E68 271:932.480 - 0.606ms returns FALSE
T1E68 272:039.872 JLINK_IsHalted()
T1E68 272:040.512 - 0.625ms returns FALSE
T1E68 272:040.544 JLINK_IsHalted()
T1E68 272:041.088 - 0.534ms returns FALSE
T1E68 272:149.664 JLINK_IsHalted()
T1E68 272:150.336 - 0.673ms returns FALSE
T1E68 272:150.400 JLINK_IsHalted()
T1E68 272:150.976 - 0.586ms returns FALSE
T1E68 272:258.784 JLINK_IsHalted()
T1E68 272:259.488 - 0.698ms returns FALSE
T1E68 272:259.520 JLINK_IsHalted()
T1E68 272:260.160 - 0.616ms returns FALSE
T0658 272:274.880 JLINK_IsHalted()
T0658 272:275.488 - 0.592ms returns FALSE
T0658 272:275.520 JLINK_IsHalted()
T0658 272:276.064 - 0.577ms returns FALSE
T1E68 272:368.512 JLINK_IsHalted()
T1E68 272:369.184 - 0.684ms returns FALSE
T1E68 272:369.216 JLINK_IsHalted()
T1E68 272:369.856 - 0.625ms returns FALSE
T1E68 272:477.216 JLINK_IsHalted()
T1E68 272:477.856 - 0.634ms returns FALSE
T1E68 272:477.888 JLINK_IsHalted()
T1E68 272:478.432 - 0.569ms returns FALSE
T1E68 272:586.944 JLINK_IsHalted()
T1E68 272:587.712 - 0.752ms returns FALSE
T1E68 272:587.712 JLINK_IsHalted()
T1E68 272:588.384 - 0.644ms returns FALSE
T1E68 272:696.640 JLINK_IsHalted()
T1E68 272:697.344 - 0.686ms returns FALSE
T1E68 272:697.376 JLINK_IsHalted()
T1E68 272:698.016 - 0.638ms returns FALSE
T1E68 272:805.408 JLINK_IsHalted()
T1E68 272:806.048 - 0.632ms returns FALSE
T1E68 272:806.048 JLINK_IsHalted()
T1E68 272:806.656 - 0.603ms returns FALSE
T1E68 272:915.392 JLINK_IsHalted()
T1E68 272:974.720 - 59.331ms returns FALSE
T1E68 272:974.784 JLINK_IsHalted()
T1E68 272:975.360 - 0.576ms returns FALSE
T1E68 273:071.168 JLINK_IsHalted()
T1E68 273:071.840 - 0.649ms returns FALSE
T1E68 273:071.872 JLINK_IsHalted()
T1E68 273:072.448 - 0.560ms returns FALSE
T1E68 273:180.480 JLINK_IsHalted()
T1E68 273:181.152 - 0.684ms returns FALSE
T1E68 273:181.184 JLINK_IsHalted()
T1E68 273:181.760 - 0.564ms returns FALSE
T0658 273:276.032 JLINK_IsHalted()
T0658 273:276.704 - 0.662ms returns FALSE
T0658 273:276.736 JLINK_IsHalted()
T0658 273:277.344 - 0.598ms returns FALSE
T1E68 273:290.208 JLINK_IsHalted()
T1E68 273:290.848 - 0.653ms returns FALSE
T1E68 273:290.912 JLINK_IsHalted()
T1E68 273:291.520 - 0.620ms returns FALSE
T1E68 273:399.808 JLINK_IsHalted()
T1E68 273:400.448 - 0.641ms returns FALSE
T1E68 273:400.512 JLINK_IsHalted()
T1E68 273:401.056 - 0.582ms returns FALSE
T1E68 273:508.672 JLINK_IsHalted()
T1E68 273:509.376 - 0.678ms returns FALSE
T1E68 273:509.408 JLINK_IsHalted()
T1E68 273:510.016 - 0.592ms returns FALSE
T1E68 273:618.400 JLINK_IsHalted()
T1E68 273:619.072 - 0.670ms returns FALSE
T1E68 273:619.104 JLINK_IsHalted()
T1E68 273:619.712 - 0.603ms returns FALSE
T1E68 273:727.328 JLINK_IsHalted()
T1E68 273:727.936 - 0.618ms returns FALSE
T1E68 273:727.968 JLINK_IsHalted()
T1E68 273:728.544 - 0.553ms returns FALSE
T1E68 273:837.152 JLINK_IsHalted()
T1E68 273:837.856 - 0.691ms returns FALSE
T1E68 273:837.888 JLINK_IsHalted()
T1E68 273:838.528 - 0.614ms returns FALSE
T1E68 273:945.952 JLINK_IsHalted()
T1E68 273:946.688 - 0.714ms returns FALSE
T1E68 273:946.720 JLINK_IsHalted()
T1E68 273:947.360 - 0.634ms returns FALSE
T1E68 274:055.712 JLINK_IsHalted()
T1E68 274:056.384 - 0.664ms returns FALSE
T1E68 274:056.416 JLINK_IsHalted()
T1E68 274:057.024 - 0.611ms returns FALSE
T1E68 274:164.672 JLINK_IsHalted()
T1E68 274:165.312 - 0.615ms returns FALSE
T1E68 274:165.344 JLINK_IsHalted()
T1E68 274:165.952 - 0.596ms returns FALSE
T1E68 274:274.560 JLINK_IsHalted()
T1E68 274:275.264 - 0.674ms returns FALSE
T1E68 274:275.264 JLINK_IsHalted()
T1E68 274:275.776 - 0.498ms returns FALSE
T0658 274:277.920 JLINK_IsHalted()
T0658 274:278.496 - 0.592ms returns FALSE
T0658 274:278.528 JLINK_IsHalted()
T0658 274:279.072 - 0.544ms returns FALSE
T1E68 274:384.160 JLINK_IsHalted()
T1E68 274:384.864 - 0.715ms returns FALSE
T1E68 274:384.896 JLINK_IsHalted()
T1E68 274:385.504 - 0.602ms returns FALSE
T1E68 274:493.376 JLINK_IsHalted()
T1E68 274:494.112 - 0.714ms returns FALSE
T1E68 274:494.144 JLINK_IsHalted()
T1E68 274:494.784 - 0.627ms returns FALSE
T1E68 274:602.176 JLINK_IsHalted()
T1E68 274:602.816 - 0.636ms returns FALSE
T1E68 274:602.816 JLINK_IsHalted()
T1E68 274:603.424 - 0.579ms returns FALSE
T1E68 274:712.000 JLINK_IsHalted()
T1E68 274:712.704 - 0.689ms returns FALSE
T1E68 274:712.768 JLINK_IsHalted()
T1E68 274:713.376 - 0.628ms returns FALSE
T1E68 274:821.792 JLINK_IsHalted()
T1E68 274:822.464 - 0.683ms returns FALSE
T1E68 274:822.496 JLINK_IsHalted()
T1E68 274:823.136 - 0.642ms returns FALSE
T1E68 274:930.816 JLINK_IsHalted()
T1E68 274:931.488 - 0.679ms returns FALSE
T1E68 274:931.520 JLINK_IsHalted()
T1E68 274:932.160 - 0.617ms returns FALSE
T1E68 275:039.584 JLINK_IsHalted()
T1E68 275:040.288 - 0.686ms returns FALSE
T1E68 275:040.320 JLINK_IsHalted()
T1E68 275:040.928 - 0.611ms returns FALSE
T1E68 275:149.312 JLINK_IsHalted()
T1E68 275:150.016 - 0.688ms returns FALSE
T1E68 275:150.016 JLINK_IsHalted()
T1E68 275:150.688 - 0.646ms returns FALSE
T1E68 275:258.944 JLINK_IsHalted()
T1E68 275:259.584 - 0.627ms returns FALSE
T1E68 275:259.584 JLINK_IsHalted()
T1E68 275:260.128 - 0.550ms returns FALSE
T0658 275:279.072 JLINK_IsHalted()
T0658 275:279.776 - 0.695ms returns FALSE
T0658 275:279.808 JLINK_IsHalted()
T0658 275:280.416 - 0.603ms returns FALSE
T1E68 275:367.968 JLINK_IsHalted()
T1E68 275:368.672 - 0.727ms returns FALSE
T1E68 275:368.736 JLINK_IsHalted()
T1E68 275:369.312 - 0.583ms returns FALSE
T1E68 275:477.664 JLINK_IsHalted()
T1E68 275:478.272 - 0.625ms returns FALSE
T1E68 275:478.304 JLINK_IsHalted()
T1E68 275:478.912 - 0.611ms returns FALSE
T1E68 275:586.816 JLINK_IsHalted()
T1E68 275:587.392 - 0.588ms returns FALSE
T1E68 275:587.424 JLINK_IsHalted()
T1E68 275:588.032 - 0.569ms returns FALSE
T1E68 275:695.808 JLINK_IsHalted()
T1E68 275:706.048 - 10.208ms returns FALSE
T1E68 275:706.080 JLINK_IsHalted()
T1E68 275:706.688 - 0.619ms returns FALSE
T1E68 275:805.888 JLINK_IsHalted()
T1E68 275:806.592 - 0.687ms returns FALSE
T1E68 275:806.656 JLINK_IsHalted()
T1E68 275:807.264 - 0.629ms returns FALSE
T1E68 275:914.976 JLINK_IsHalted()
T1E68 275:915.712 - 0.723ms returns FALSE
T1E68 275:915.712 JLINK_IsHalted()
T1E68 275:916.352 - 0.591ms returns FALSE
T1E68 276:024.032 JLINK_IsHalted()
T1E68 276:024.672 - 0.633ms returns FALSE
T1E68 276:024.704 JLINK_IsHalted()
T1E68 276:025.280 - 0.563ms returns FALSE
T1E68 276:133.824 JLINK_IsHalted()
T1E68 276:134.464 - 0.636ms returns FALSE
T1E68 276:134.464 JLINK_IsHalted()
T1E68 276:135.072 - 0.579ms returns FALSE
T1E68 276:243.808 JLINK_IsHalted()
T1E68 276:244.448 - 0.662ms returns FALSE
T1E68 276:244.512 JLINK_IsHalted()
T1E68 276:245.056 - 0.564ms returns FALSE
T0658 276:280.832 JLINK_IsHalted()
T0658 276:281.504 - 0.647ms returns FALSE
T0658 276:281.536 JLINK_IsHalted()
T0658 276:282.112 - 0.578ms returns FALSE
T1E68 276:352.512 JLINK_IsHalted()
T1E68 276:353.248 - 0.744ms returns FALSE
T1E68 276:353.312 JLINK_IsHalted()
T1E68 276:353.952 - 0.631ms returns FALSE
T1E68 276:462.272 JLINK_IsHalted()
T1E68 276:462.976 - 0.708ms returns FALSE
T1E68 276:463.008 JLINK_IsHalted()
T1E68 276:463.680 - 0.675ms returns FALSE
T1E68 276:571.072 JLINK_IsHalted()
T1E68 276:571.744 - 0.664ms returns FALSE
T1E68 276:571.776 JLINK_IsHalted()
T1E68 276:572.352 - 0.562ms returns FALSE
T1E68 276:680.896 JLINK_IsHalted()
T1E68 276:681.536 - 0.645ms returns FALSE
T1E68 276:681.568 JLINK_IsHalted()
T1E68 276:682.176 - 0.580ms returns FALSE
T1E68 276:789.600 JLINK_IsHalted()
T1E68 276:790.240 - 0.632ms returns FALSE
T1E68 276:790.272 JLINK_IsHalted()
T1E68 276:790.848 - 0.568ms returns FALSE
T1E68 276:899.648 JLINK_IsHalted()
T1E68 276:900.288 - 0.649ms returns FALSE
T1E68 276:900.288 JLINK_IsHalted()
T1E68 276:900.896 - 0.594ms returns FALSE
T1E68 277:008.320 JLINK_IsHalted()
T1E68 277:009.152 - 0.797ms returns FALSE
T1E68 277:068.416 JLINK_IsHalted()
T1E68 277:069.120 - 0.672ms returns FALSE
T1E68 277:165.408 JLINK_IsHalted()
T1E68 277:166.080 - 0.680ms returns FALSE
T1E68 277:166.144 JLINK_IsHalted()
T1E68 277:166.752 - 0.621ms returns FALSE
T1E68 277:274.528 JLINK_IsHalted()
T1E68 277:275.104 - 0.607ms returns FALSE
T1E68 277:275.136 JLINK_IsHalted()
T1E68 277:275.680 - 0.521ms returns FALSE
T0658 277:282.624 JLINK_IsHalted()
T0658 277:283.232 - 0.606ms returns FALSE
T0658 277:283.264 JLINK_IsHalted()
T0658 277:283.840 - 0.588ms returns FALSE
T1E68 277:383.488 JLINK_IsHalted()
T1E68 277:384.096 - 0.608ms returns FALSE
T1E68 277:384.128 JLINK_IsHalted()
T1E68 277:384.672 - 0.550ms returns FALSE
T1E68 277:493.184 JLINK_IsHalted()
T1E68 277:493.824 - 0.662ms returns FALSE
T1E68 277:493.888 JLINK_IsHalted()
T1E68 277:494.528 - 0.639ms returns FALSE
T1E68 277:602.880 JLINK_IsHalted()
T1E68 277:603.552 - 0.649ms returns FALSE
T1E68 277:603.584 JLINK_IsHalted()
T1E68 277:604.256 - 0.660ms returns FALSE
T1E68 277:711.712 JLINK_IsHalted()
T1E68 277:712.352 - 0.635ms returns FALSE
T1E68 277:712.384 JLINK_IsHalted()
T1E68 277:712.960 - 0.597ms returns FALSE
T1E68 277:821.664 JLINK_IsHalted()
T1E68 277:822.368 - 0.705ms returns FALSE
T1E68 277:822.400 JLINK_IsHalted()
T1E68 277:823.008 - 0.601ms returns FALSE
T1E68 277:930.432 JLINK_IsHalted()
T1E68 277:931.104 - 0.692ms returns FALSE
T1E68 277:931.168 JLINK_IsHalted()
T1E68 277:931.808 - 0.649ms returns FALSE
T1E68 278:040.128 JLINK_IsHalted()
T1E68 278:040.768 - 0.688ms returns FALSE
T1E68 278:040.832 JLINK_IsHalted()
T1E68 278:041.408 - 0.592ms returns FALSE
T1E68 278:148.800 JLINK_IsHalted()
T1E68 278:149.472 - 0.663ms returns FALSE
T1E68 278:149.536 JLINK_IsHalted()
T1E68 278:150.112 - 0.602ms returns FALSE
T1E68 278:258.688 JLINK_IsHalted()
T1E68 278:259.392 - 0.716ms returns FALSE
T1E68 278:259.456 JLINK_IsHalted()
T1E68 278:260.064 - 0.609ms returns FALSE
T0658 278:284.736 JLINK_IsHalted()
T0658 278:285.376 - 0.628ms returns FALSE
T0658 278:285.376 JLINK_IsHalted()
T0658 278:285.952 - 0.565ms returns FALSE
T1E68 278:368.032 JLINK_IsHalted()
T1E68 278:420.000 - 51.966ms returns FALSE
T1E68 278:420.032 JLINK_IsHalted()
T1E68 278:420.736 - 0.686ms returns FALSE
T1E68 278:524.608 JLINK_IsHalted()
T1E68 278:525.280 - 0.687ms returns FALSE
T1E68 278:525.344 JLINK_IsHalted()
T1E68 278:525.920 - 0.591ms returns FALSE
T1E68 278:633.760 JLINK_IsHalted()
T1E68 278:634.432 - 0.692ms returns FALSE
T1E68 278:634.496 JLINK_IsHalted()
T1E68 278:635.072 - 0.599ms returns FALSE
T1E68 278:743.488 JLINK_IsHalted()
T1E68 278:744.256 - 0.748ms returns FALSE
T1E68 278:744.288 JLINK_IsHalted()
T1E68 278:744.896 - 0.598ms returns FALSE
T1E68 278:852.480 JLINK_IsHalted()
T1E68 278:853.152 - 0.663ms returns FALSE
T1E68 278:853.184 JLINK_IsHalted()
T1E68 278:853.792 - 0.602ms returns FALSE
T1E68 278:962.336 JLINK_IsHalted()
T1E68 278:963.040 - 0.708ms returns FALSE
T1E68 278:963.072 JLINK_IsHalted()
T1E68 278:963.744 - 0.645ms returns FALSE
T1E68 279:071.008 JLINK_IsHalted()
T1E68 279:071.680 - 0.673ms returns FALSE
T1E68 279:071.712 JLINK_IsHalted()
T1E68 279:072.256 - 0.543ms returns FALSE
T1E68 279:181.088 JLINK_IsHalted()
T1E68 279:181.760 - 0.683ms returns FALSE
T1E68 279:181.792 JLINK_IsHalted()
T1E68 279:182.368 - 0.573ms returns FALSE
T0658 279:286.848 JLINK_IsHalted()
T0658 279:287.456 - 0.597ms returns FALSE
T0658 279:287.520 JLINK_IsHalted()
T0658 279:288.032 - 0.536ms returns FALSE
T1E68 279:289.664 JLINK_IsHalted()
T1E68 279:290.272 - 0.580ms returns FALSE
T1E68 279:290.304 JLINK_IsHalted()
T1E68 279:290.816 - 0.510ms returns FALSE
T1E68 279:399.392 JLINK_IsHalted()
T1E68 279:400.000 - 0.586ms returns FALSE
T1E68 279:400.000 JLINK_IsHalted()
T1E68 279:400.544 - 0.536ms returns FALSE
T1E68 279:509.216 JLINK_IsHalted()
T1E68 279:509.888 - 0.682ms returns FALSE
T1E68 279:509.920 JLINK_IsHalted()
T1E68 279:510.496 - 0.573ms returns FALSE
T1E68 279:617.984 JLINK_IsHalted()
T1E68 279:618.624 - 0.611ms returns FALSE
T1E68 279:618.656 JLINK_IsHalted()
T1E68 279:619.200 - 0.545ms returns FALSE
T1E68 279:727.808 JLINK_IsHalted()
T1E68 279:728.480 - 0.692ms returns FALSE
T1E68 279:728.512 JLINK_IsHalted()
T1E68 279:729.088 - 0.591ms returns FALSE
T1E68 279:837.376 JLINK_IsHalted()
T1E68 279:838.048 - 0.668ms returns FALSE
T1E68 279:838.112 JLINK_IsHalted()
T1E68 279:838.720 - 0.614ms returns FALSE
T1E68 279:946.176 JLINK_IsHalted()
T1E68 279:946.848 - 0.701ms returns FALSE
T1E68 279:946.912 JLINK_IsHalted()
T1E68 279:947.520 - 0.625ms returns FALSE
T1E68 280:055.872 JLINK_IsHalted()
T1E68 280:056.576 - 0.709ms returns FALSE
T1E68 280:056.608 JLINK_IsHalted()
T1E68 280:057.280 - 0.644ms returns FALSE
T1E68 280:164.512 JLINK_IsHalted()
T1E68 280:165.152 - 0.618ms returns FALSE
T1E68 280:165.184 JLINK_IsHalted()
T1E68 280:165.696 - 0.542ms returns FALSE
T1E68 280:274.272 JLINK_IsHalted()
T1E68 280:274.880 - 0.611ms returns FALSE
T1E68 280:274.880 JLINK_IsHalted()
T1E68 280:275.424 - 0.528ms returns FALSE
T0658 280:288.352 JLINK_IsHalted()
T0658 280:288.960 - 0.594ms returns FALSE
T0658 280:288.992 JLINK_IsHalted()
T0658 280:289.536 - 0.528ms returns FALSE
T1E68 280:383.968 JLINK_IsHalted()
T1E68 280:384.672 - 0.674ms returns FALSE
T1E68 280:384.672 JLINK_IsHalted()
T1E68 280:385.248 - 0.584ms returns FALSE
T1E68 280:492.704 JLINK_IsHalted()
T1E68 280:493.408 - 0.709ms returns FALSE
T1E68 280:493.472 JLINK_IsHalted()
T1E68 280:494.080 - 0.629ms returns FALSE
T1E68 280:602.432 JLINK_IsHalted()
T1E68 280:603.136 - 0.694ms returns FALSE
T1E68 280:603.200 JLINK_IsHalted()
T1E68 280:603.840 - 0.629ms returns FALSE
T1E68 280:711.424 JLINK_IsHalted()
T1E68 280:712.128 - 0.701ms returns FALSE
T1E68 280:712.160 JLINK_IsHalted()
T1E68 280:712.736 - 0.577ms returns FALSE
T1E68 280:821.536 JLINK_IsHalted()
T1E68 280:822.272 - 0.732ms returns FALSE
T1E68 280:822.304 JLINK_IsHalted()
T1E68 280:822.976 - 0.645ms returns FALSE
T1E68 280:930.656 JLINK_IsHalted()
T1E68 280:931.264 - 0.605ms returns FALSE
T1E68 280:931.296 JLINK_IsHalted()
T1E68 280:931.872 - 0.554ms returns FALSE
T1E68 281:040.448 JLINK_IsHalted()
T1E68 281:041.184 - 0.714ms returns FALSE
T1E68 281:041.216 JLINK_IsHalted()
T1E68 281:041.856 - 0.627ms returns FALSE
T1E68 281:149.632 JLINK_IsHalted()
T1E68 281:150.336 - 0.738ms returns FALSE
T1E68 281:150.400 JLINK_IsHalted()
T1E68 281:151.008 - 0.605ms returns FALSE
T1E68 281:258.336 JLINK_IsHalted()
T1E68 281:259.008 - 0.675ms returns FALSE
T1E68 281:259.072 JLINK_IsHalted()
T1E68 281:259.712 - 0.633ms returns FALSE
T0658 281:289.536 JLINK_IsHalted()
T0658 281:290.304 - 0.766ms returns FALSE
T0658 281:290.336 JLINK_IsHalted()
T0658 281:291.008 - 0.646ms returns FALSE
T1E68 281:368.128 JLINK_IsHalted()
T1E68 281:368.768 - 0.671ms returns FALSE
T1E68 281:368.864 JLINK_IsHalted()
T1E68 281:369.536 - 0.641ms returns FALSE
T1E68 281:477.824 JLINK_IsHalted()
T1E68 281:478.464 - 0.669ms returns FALSE
T1E68 281:478.528 JLINK_IsHalted()
T1E68 281:479.168 - 0.627ms returns FALSE
T1E68 281:586.496 JLINK_IsHalted()
T1E68 281:587.168 - 0.645ms returns FALSE
T1E68 281:587.200 JLINK_IsHalted()
T1E68 281:587.776 - 0.558ms returns FALSE
T1E68 281:696.448 JLINK_IsHalted()
T1E68 281:697.024 - 0.580ms returns FALSE
T1E68 281:697.056 JLINK_IsHalted()
T1E68 281:697.600 - 0.575ms returns FALSE
T1E68 281:805.152 JLINK_IsHalted()
T1E68 281:805.856 - 0.694ms returns FALSE
T1E68 281:805.920 JLINK_IsHalted()
T1E68 281:806.528 - 0.612ms returns FALSE
T1E68 281:915.072 JLINK_IsHalted()
T1E68 281:915.680 - 0.608ms returns FALSE
T1E68 281:915.712 JLINK_IsHalted()
T1E68 281:916.256 - 0.558ms returns FALSE
T1E68 282:024.128 JLINK_IsHalted()
T1E68 282:024.704 - 0.589ms returns FALSE
T1E68 282:024.736 JLINK_IsHalted()
T1E68 282:025.248 - 0.506ms returns FALSE
T1E68 282:133.824 JLINK_IsHalted()
T1E68 282:134.400 - 0.566ms returns FALSE
T1E68 282:134.464 JLINK_IsHalted()
T1E68 282:134.976 - 0.520ms returns FALSE
T1E68 282:242.720 JLINK_IsHalted()
T1E68 282:243.392 - 0.660ms returns FALSE
T1E68 282:243.424 JLINK_IsHalted()
T1E68 282:244.032 - 0.587ms returns FALSE
T0658 282:291.808 JLINK_IsHalted()
T0658 282:292.448 - 0.636ms returns FALSE
T0658 282:292.512 JLINK_IsHalted()
T0658 282:293.280 - 0.744ms returns FALSE
T1E68 282:352.480 JLINK_IsHalted()
T1E68 282:353.184 - 0.692ms returns FALSE
T1E68 282:353.216 JLINK_IsHalted()
T1E68 282:353.856 - 0.632ms returns FALSE
T1E68 282:462.048 JLINK_IsHalted()
T1E68 282:517.824 - 55.746ms returns FALSE
T1E68 282:517.856 JLINK_IsHalted()
T1E68 282:518.496 - 0.626ms returns FALSE
T1E68 282:618.592 JLINK_IsHalted()
T1E68 282:619.232 - 0.634ms returns FALSE
T1E68 282:619.264 JLINK_IsHalted()
T1E68 282:619.808 - 0.524ms returns FALSE
T1E68 282:727.104 JLINK_IsHalted()
T1E68 282:727.776 - 0.697ms returns FALSE
T1E68 282:727.840 JLINK_IsHalted()
T1E68 282:728.416 - 0.596ms returns FALSE
T1E68 282:836.768 JLINK_IsHalted()
T1E68 282:837.440 - 0.647ms returns FALSE
T1E68 282:837.440 JLINK_IsHalted()
T1E68 282:838.080 - 0.603ms returns FALSE
T1E68 282:946.528 JLINK_IsHalted()
T1E68 282:947.136 - 0.594ms returns FALSE
T1E68 282:947.168 JLINK_IsHalted()
T1E68 282:947.712 - 0.539ms returns FALSE
T1E68 283:055.360 JLINK_IsHalted()
T1E68 283:056.064 - 0.697ms returns FALSE
T1E68 283:056.096 JLINK_IsHalted()
T1E68 283:056.704 - 0.628ms returns FALSE
T1E68 283:165.120 JLINK_IsHalted()
T1E68 283:165.760 - 0.638ms returns FALSE
T1E68 283:165.792 JLINK_IsHalted()
T1E68 283:166.400 - 0.601ms returns FALSE
T1E68 283:274.016 JLINK_IsHalted()
T1E68 283:274.720 - 0.721ms returns FALSE
T1E68 283:274.784 JLINK_IsHalted()
T1E68 283:275.392 - 0.617ms returns FALSE
T0658 283:293.024 JLINK_IsHalted()
T0658 283:293.632 - 0.630ms returns FALSE
T0658 283:293.664 JLINK_IsHalted()
T0658 283:294.240 - 0.561ms returns FALSE
T1E68 283:383.712 JLINK_IsHalted()
T1E68 283:384.352 - 0.648ms returns FALSE
T1E68 283:384.384 JLINK_IsHalted()
T1E68 283:384.960 - 0.578ms returns FALSE
T1E68 283:492.704 JLINK_IsHalted()
T1E68 283:493.440 - 0.710ms returns FALSE
T1E68 283:493.472 JLINK_IsHalted()
T1E68 283:494.080 - 0.606ms returns FALSE
T1E68 283:602.496 JLINK_IsHalted()
T1E68 283:603.136 - 0.642ms returns FALSE
T1E68 283:603.168 JLINK_IsHalted()
T1E68 283:603.776 - 0.601ms returns FALSE
T1E68 283:712.160 JLINK_IsHalted()
T1E68 283:712.800 - 0.633ms returns FALSE
T1E68 283:712.832 JLINK_IsHalted()
T1E68 283:713.344 - 0.529ms returns FALSE
T1E68 283:820.960 JLINK_IsHalted()
T1E68 283:821.696 - 0.729ms returns FALSE
T1E68 283:821.728 JLINK_IsHalted()
T1E68 283:822.336 - 0.605ms returns FALSE
T1E68 283:930.176 JLINK_IsHalted()
T1E68 283:930.848 - 0.680ms returns FALSE
T1E68 283:930.880 JLINK_IsHalted()
T1E68 283:931.456 - 0.568ms returns FALSE
T1E68 284:039.872 JLINK_IsHalted()
T1E68 284:040.512 - 0.641ms returns FALSE
T1E68 284:040.512 JLINK_IsHalted()
T1E68 284:041.120 - 0.579ms returns FALSE
T1E68 284:149.664 JLINK_IsHalted()
T1E68 284:150.368 - 0.705ms returns FALSE
T1E68 284:150.432 JLINK_IsHalted()
T1E68 284:151.072 - 0.633ms returns FALSE
T1E68 284:258.656 JLINK_IsHalted()
T1E68 284:259.360 - 0.691ms returns FALSE
T1E68 284:259.424 JLINK_IsHalted()
T1E68 284:260.032 - 0.614ms returns FALSE
T0658 284:294.720 JLINK_IsHalted()
T0658 284:295.360 - 0.655ms returns FALSE
T0658 284:295.392 JLINK_IsHalted()
T0658 284:296.000 - 0.599ms returns FALSE
T1E68 284:368.416 JLINK_IsHalted()
T1E68 284:369.088 - 0.664ms returns FALSE
T1E68 284:369.088 JLINK_IsHalted()
T1E68 284:369.696 - 0.580ms returns FALSE
T1E68 284:477.952 JLINK_IsHalted()
T1E68 284:478.656 - 0.713ms returns FALSE
T1E68 284:478.720 JLINK_IsHalted()
T1E68 284:479.328 - 0.610ms returns FALSE
T1E68 284:586.624 JLINK_IsHalted()
T1E68 284:587.328 - 0.682ms returns FALSE
T1E68 284:587.328 JLINK_IsHalted()
T1E68 284:587.968 - 0.638ms returns FALSE
T1E68 284:696.384 JLINK_IsHalted()
T1E68 284:697.024 - 0.631ms returns FALSE
T1E68 284:697.024 JLINK_IsHalted()
T1E68 284:697.664 - 0.604ms returns FALSE
T1E68 284:805.216 JLINK_IsHalted()
T1E68 284:805.888 - 0.654ms returns FALSE
T1E68 284:805.920 JLINK_IsHalted()
T1E68 284:806.496 - 0.584ms returns FALSE
T1E68 284:915.072 JLINK_IsHalted()
T1E68 284:915.776 - 0.680ms returns FALSE
T1E68 284:915.776 JLINK_IsHalted()
T1E68 284:916.384 - 0.583ms returns FALSE
T1E68 285:024.832 JLINK_IsHalted()
T1E68 285:025.568 - 0.742ms returns FALSE
T1E68 285:025.600 JLINK_IsHalted()
T1E68 285:026.240 - 0.668ms returns FALSE
T1E68 285:133.696 JLINK_IsHalted()
T1E68 285:134.368 - 0.650ms returns FALSE
T1E68 285:134.400 JLINK_IsHalted()
T1E68 285:135.008 - 0.602ms returns FALSE
T1E68 285:243.520 JLINK_IsHalted()
T1E68 285:244.256 - 0.725ms returns FALSE
T1E68 285:244.320 JLINK_IsHalted()
T1E68 285:244.896 - 0.602ms returns FALSE
T0658 285:296.768 JLINK_IsHalted()
T0658 285:297.504 - 0.734ms returns FALSE
T0658 285:297.568 JLINK_IsHalted()
T0658 285:298.272 - 0.703ms returns FALSE
T1E68 285:352.384 JLINK_IsHalted()
T1E68 285:353.056 - 0.677ms returns FALSE
T1E68 285:353.120 JLINK_IsHalted()
T1E68 285:353.728 - 0.621ms returns FALSE
T1E68 285:461.984 JLINK_IsHalted()
T1E68 285:462.720 - 0.721ms returns FALSE
T1E68 285:462.752 JLINK_IsHalted()
T1E68 285:463.360 - 0.594ms returns FALSE
T1E68 285:571.808 JLINK_IsHalted()
T1E68 285:572.544 - 0.720ms returns FALSE
T1E68 285:572.576 JLINK_IsHalted()
T1E68 285:573.184 - 0.585ms returns FALSE
T1E68 285:680.448 JLINK_IsHalted()
T1E68 285:681.152 - 0.686ms returns FALSE
T1E68 285:681.184 JLINK_IsHalted()
T1E68 285:681.824 - 0.620ms returns FALSE
T1E68 285:790.368 JLINK_IsHalted()
T1E68 285:791.008 - 0.638ms returns FALSE
T1E68 285:791.040 JLINK_IsHalted()
T1E68 285:791.680 - 0.634ms returns FALSE
T1E68 285:899.104 JLINK_IsHalted()
T1E68 285:899.808 - 0.698ms returns FALSE
T1E68 285:899.840 JLINK_IsHalted()
T1E68 285:900.448 - 0.606ms returns FALSE
T1E68 286:008.864 JLINK_IsHalted()
T1E68 286:009.600 - 0.726ms returns FALSE
T1E68 286:009.632 JLINK_IsHalted()
T1E68 286:010.272 - 0.629ms returns FALSE
T1E68 286:117.792 JLINK_IsHalted()
T1E68 286:118.464 - 0.666ms returns FALSE
T1E68 286:118.496 JLINK_IsHalted()
T1E68 286:119.104 - 0.593ms returns FALSE
T1E68 286:227.648 JLINK_IsHalted()
T1E68 286:228.288 - 0.626ms returns FALSE
T1E68 286:228.320 JLINK_IsHalted()
T1E68 286:228.896 - 0.572ms returns FALSE
T0658 286:299.712 JLINK_IsHalted()
T0658 286:300.384 - 0.656ms returns FALSE
T0658 286:300.416 JLINK_IsHalted()
T0658 286:301.024 - 0.603ms returns FALSE
T1E68 286:337.408 JLINK_IsHalted()
T1E68 286:338.112 - 0.687ms returns FALSE
T1E68 286:338.144 JLINK_IsHalted()
T1E68 286:338.816 - 0.658ms returns FALSE
T1E68 286:446.112 JLINK_IsHalted()
T1E68 286:446.784 - 0.708ms returns FALSE
T1E68 286:446.848 JLINK_IsHalted()
T1E68 286:447.488 - 0.624ms returns FALSE
T1E68 286:555.776 JLINK_IsHalted()
T1E68 286:556.480 - 0.700ms returns FALSE
T1E68 286:556.512 JLINK_IsHalted()
T1E68 286:557.152 - 0.627ms returns FALSE
T1E68 286:665.152 JLINK_IsHalted()
T1E68 286:665.792 - 0.615ms returns FALSE
T1E68 286:665.824 JLINK_IsHalted()
T1E68 286:666.368 - 0.556ms returns FALSE
T1E68 286:773.952 JLINK_IsHalted()
T1E68 286:774.688 - 0.722ms returns FALSE
T1E68 286:774.720 JLINK_IsHalted()
T1E68 286:775.360 - 0.627ms returns FALSE
T1E68 286:883.744 JLINK_IsHalted()
T1E68 286:884.416 - 0.661ms returns FALSE
T1E68 286:884.416 JLINK_IsHalted()
T1E68 286:885.056 - 0.595ms returns FALSE
T1E68 286:993.408 JLINK_IsHalted()
T1E68 286:994.016 - 0.611ms returns FALSE
T1E68 286:994.048 JLINK_IsHalted()
T1E68 286:994.656 - 0.602ms returns FALSE
T1E68 287:102.208 JLINK_IsHalted()
T1E68 287:102.912 - 0.687ms returns FALSE
T1E68 287:102.944 JLINK_IsHalted()
T1E68 287:103.552 - 0.603ms returns FALSE
T1E68 287:212.192 JLINK_IsHalted()
T1E68 287:212.864 - 0.673ms returns FALSE
T1E68 287:212.896 JLINK_IsHalted()
T1E68 287:213.504 - 0.595ms returns FALSE
T0658 287:301.376 JLINK_IsHalted()
T0658 287:301.984 - 0.614ms returns FALSE
T0658 287:302.016 JLINK_IsHalted()
T0658 287:302.560 - 0.553ms returns FALSE
T1E68 287:321.152 JLINK_IsHalted()
T1E68 287:321.760 - 0.626ms returns FALSE
T1E68 287:321.792 JLINK_IsHalted()
T1E68 287:322.336 - 0.544ms returns FALSE
T1E68 287:430.944 JLINK_IsHalted()
T1E68 287:431.712 - 0.758ms returns FALSE
T1E68 287:431.744 JLINK_IsHalted()
T1E68 287:432.320 - 0.589ms returns FALSE
T1E68 287:539.776 JLINK_IsHalted()
T1E68 287:540.480 - 0.700ms returns FALSE
T1E68 287:540.544 JLINK_IsHalted()
T1E68 287:541.152 - 0.630ms returns FALSE
T1E68 287:649.504 JLINK_IsHalted()
T1E68 287:650.240 - 0.742ms returns FALSE
T1E68 287:650.304 JLINK_IsHalted()
T1E68 287:650.880 - 0.599ms returns FALSE
T1E68 287:759.168 JLINK_IsHalted()
T1E68 287:759.808 - 0.606ms returns FALSE
T1E68 287:759.808 JLINK_IsHalted()
T1E68 287:760.352 - 0.544ms returns FALSE
T1E68 287:868.352 JLINK_IsHalted()
T1E68 287:868.992 - 0.652ms returns FALSE
T1E68 287:869.024 JLINK_IsHalted()
T1E68 287:869.664 - 0.635ms returns FALSE
T1E68 287:977.888 JLINK_IsHalted()
T1E68 287:978.528 - 0.625ms returns FALSE
T1E68 287:978.560 JLINK_IsHalted()
T1E68 287:979.104 - 0.572ms returns FALSE
T1E68 288:086.528 JLINK_IsHalted()
T1E68 288:087.232 - 0.733ms returns FALSE
T1E68 288:087.296 JLINK_IsHalted()
T1E68 288:087.872 - 0.601ms returns FALSE
T1E68 288:196.544 JLINK_IsHalted()
T1E68 288:197.248 - 0.686ms returns FALSE
T1E68 288:197.280 JLINK_IsHalted()
T1E68 288:197.856 - 0.579ms returns FALSE
T0658 288:302.496 JLINK_IsHalted()
T0658 288:303.168 - 0.668ms returns FALSE
T0658 288:303.200 JLINK_IsHalted()
T0658 288:303.808 - 0.605ms returns FALSE
T1E68 288:305.312 JLINK_IsHalted()
T1E68 288:305.920 - 0.611ms returns FALSE
T1E68 288:305.952 JLINK_IsHalted()
T1E68 288:306.528 - 0.578ms returns FALSE
T1E68 288:415.040 JLINK_IsHalted()
T1E68 288:415.776 - 0.738ms returns FALSE
T1E68 288:415.808 JLINK_IsHalted()
T1E68 288:416.448 - 0.638ms returns FALSE
T1E68 288:524.736 JLINK_IsHalted()
T1E68 288:525.472 - 0.708ms returns FALSE
T1E68 288:525.504 JLINK_IsHalted()
T1E68 288:526.144 - 0.606ms returns FALSE
T1E68 288:633.536 JLINK_IsHalted()
T1E68 288:634.272 - 0.728ms returns FALSE
T1E68 288:634.304 JLINK_IsHalted()
T1E68 288:634.944 - 0.620ms returns FALSE
T1E68 288:743.136 JLINK_IsHalted()
T1E68 288:743.744 - 0.626ms returns FALSE
T1E68 288:743.776 JLINK_IsHalted()
T1E68 288:744.352 - 0.555ms returns FALSE
T1E68 288:852.928 JLINK_IsHalted()
T1E68 288:853.568 - 0.648ms returns FALSE
T1E68 288:853.600 JLINK_IsHalted()
T1E68 288:854.240 - 0.631ms returns FALSE
T1E68 288:961.664 JLINK_IsHalted()
T1E68 288:962.336 - 0.668ms returns FALSE
T1E68 288:962.368 JLINK_IsHalted()
T1E68 288:962.912 - 0.568ms returns FALSE
T1E68 289:071.424 JLINK_IsHalted()
T1E68 289:072.128 - 0.704ms returns FALSE
T1E68 289:072.192 JLINK_IsHalted()
T1E68 289:072.832 - 0.633ms returns FALSE
T1E68 289:181.184 JLINK_IsHalted()
T1E68 289:181.824 - 0.640ms returns FALSE
T1E68 289:181.856 JLINK_IsHalted()
T1E68 289:182.400 - 0.565ms returns FALSE
T1E68 289:290.176 JLINK_IsHalted()
T1E68 289:325.824 - 35.656ms returns FALSE
T1E68 289:325.888 JLINK_IsHalted()
T1E68 289:326.432 - 0.561ms returns FALSE
T0658 289:326.528 JLINK_IsHalted()
T0658 289:327.104 - 0.548ms returns FALSE
T0658 289:327.136 JLINK_IsHalted()
T0658 289:327.680 - 0.532ms returns FALSE
T1E68 289:430.560 JLINK_IsHalted()
T1E68 289:431.232 - 0.699ms returns FALSE
T1E68 289:431.296 JLINK_IsHalted()
T1E68 289:431.904 - 0.617ms returns FALSE
T1E68 289:540.032 JLINK_IsHalted()
T1E68 289:540.704 - 0.696ms returns FALSE
T1E68 289:540.768 JLINK_IsHalted()
T1E68 289:541.376 - 0.623ms returns FALSE
T1E68 289:649.760 JLINK_IsHalted()
T1E68 289:650.368 - 0.615ms returns FALSE
T1E68 289:650.400 JLINK_IsHalted()
T1E68 289:651.008 - 0.592ms returns FALSE
T1E68 289:758.528 JLINK_IsHalted()
T1E68 289:759.296 - 0.761ms returns FALSE
T1E68 289:759.360 JLINK_IsHalted()
T1E68 289:760.000 - 0.629ms returns FALSE
T1E68 289:868.352 JLINK_IsHalted()
T1E68 289:869.088 - 0.697ms returns FALSE
T1E68 289:869.120 JLINK_IsHalted()
T1E68 289:869.760 - 0.629ms returns FALSE
T1E68 289:977.056 JLINK_IsHalted()
T1E68 289:977.728 - 0.674ms returns FALSE
T1E68 289:977.792 JLINK_IsHalted()
T1E68 289:978.336 - 0.573ms returns FALSE
T1E68 290:086.720 JLINK_IsHalted()
T1E68 290:087.360 - 0.621ms returns FALSE
T1E68 290:087.392 JLINK_IsHalted()
T1E68 290:087.968 - 0.573ms returns FALSE
T1E68 290:196.416 JLINK_IsHalted()
T1E68 290:197.056 - 0.644ms returns FALSE
T1E68 290:197.120 JLINK_IsHalted()
T1E68 290:197.664 - 0.557ms returns FALSE
T1E68 290:305.152 JLINK_IsHalted()
T1E68 290:305.728 - 0.604ms returns FALSE
T1E68 290:305.760 JLINK_IsHalted()
T1E68 290:306.272 - 0.509ms returns FALSE
T0658 290:328.192 JLINK_IsHalted()
T0658 290:328.768 - 0.573ms returns FALSE
T0658 290:328.800 JLINK_IsHalted()
T0658 290:329.312 - 0.518ms returns FALSE
T1E68 290:415.168 JLINK_IsHalted()
T1E68 290:415.744 - 0.610ms returns FALSE
T1E68 290:415.808 JLINK_IsHalted()
T1E68 290:416.384 - 0.587ms returns FALSE
T1E68 290:523.936 JLINK_IsHalted()
T1E68 290:524.672 - 0.737ms returns FALSE
T1E68 290:524.736 JLINK_IsHalted()
T1E68 290:525.376 - 0.627ms returns FALSE
T1E68 290:634.176 JLINK_IsHalted()
T1E68 290:692.928 - 58.751ms returns FALSE
T1E68 290:692.960 JLINK_IsHalted()
T1E68 290:693.568 - 0.603ms returns FALSE
T1E68 290:790.336 JLINK_IsHalted()
T1E68 290:791.008 - 0.667ms returns FALSE
T1E68 290:791.040 JLINK_IsHalted()
T1E68 290:791.680 - 0.631ms returns FALSE
T1E68 290:899.520 JLINK_IsHalted()
T1E68 290:900.256 - 0.725ms returns FALSE
T1E68 290:900.288 JLINK_IsHalted()
T1E68 290:900.928 - 0.627ms returns FALSE
T1E68 291:008.320 JLINK_IsHalted()
T1E68 291:008.960 - 0.651ms returns FALSE
T1E68 291:009.056 JLINK_IsHalted()
T1E68 291:009.632 - 0.603ms returns FALSE
T1E68 291:118.016 JLINK_IsHalted()
T1E68 291:118.656 - 0.640ms returns FALSE
T1E68 291:118.688 JLINK_IsHalted()
T1E68 291:119.296 - 0.593ms returns FALSE
T1E68 291:227.712 JLINK_IsHalted()
T1E68 291:228.352 - 0.616ms returns FALSE
T1E68 291:228.352 JLINK_IsHalted()
T1E68 291:228.928 - 0.555ms returns FALSE
T0658 291:329.568 JLINK_IsHalted()
T0658 291:330.208 - 0.633ms returns FALSE
T0658 291:330.240 JLINK_IsHalted()
T0658 291:330.752 - 0.526ms returns FALSE
T1E68 291:336.352 JLINK_IsHalted()
T1E68 291:336.896 - 0.531ms returns FALSE
T1E68 291:336.896 JLINK_IsHalted()
T1E68 291:337.408 - 0.503ms returns FALSE
T1E68 291:446.432 JLINK_IsHalted()
T1E68 291:446.976 - 0.562ms returns FALSE
T1E68 291:447.008 JLINK_IsHalted()
T1E68 291:447.520 - 0.520ms returns FALSE
T1E68 291:555.552 JLINK_IsHalted()
T1E68 291:556.256 - 0.700ms returns FALSE
T1E68 291:556.288 JLINK_IsHalted()
T1E68 291:556.928 - 0.628ms returns FALSE
T1E68 291:665.312 JLINK_IsHalted()
T1E68 291:666.048 - 0.737ms returns FALSE
T1E68 291:666.080 JLINK_IsHalted()
T1E68 291:666.656 - 0.593ms returns FALSE
T1E68 291:773.952 JLINK_IsHalted()
T1E68 291:774.624 - 0.665ms returns FALSE
T1E68 291:774.656 JLINK_IsHalted()
T1E68 291:775.200 - 0.530ms returns FALSE
T1E68 291:883.680 JLINK_IsHalted()
T1E68 291:884.288 - 0.627ms returns FALSE
T1E68 291:884.352 JLINK_IsHalted()
T1E68 291:884.896 - 0.584ms returns FALSE
T1E68 291:993.408 JLINK_IsHalted()
T1E68 291:994.016 - 0.632ms returns FALSE
T1E68 291:994.048 JLINK_IsHalted()
T1E68 291:994.656 - 0.582ms returns FALSE
T1E68 292:102.368 JLINK_IsHalted()
T1E68 292:103.040 - 0.685ms returns FALSE
T1E68 292:103.104 JLINK_IsHalted()
T1E68 292:103.744 - 0.631ms returns FALSE
T1E68 292:212.128 JLINK_IsHalted()
T1E68 292:212.704 - 0.592ms returns FALSE
T1E68 292:212.736 JLINK_IsHalted()
T1E68 292:213.280 - 0.516ms returns FALSE
T1E68 292:320.864 JLINK_IsHalted()
T1E68 292:321.600 - 0.708ms returns FALSE
T1E68 292:321.632 JLINK_IsHalted()
T1E68 292:322.240 - 0.621ms returns FALSE
T0658 292:332.032 JLINK_IsHalted()
T0658 292:332.640 - 0.606ms returns FALSE
T0658 292:332.672 JLINK_IsHalted()
T0658 292:333.248 - 0.575ms returns FALSE
T1E68 292:430.528 JLINK_IsHalted()
T1E68 292:431.136 - 0.603ms returns FALSE
T1E68 292:431.168 JLINK_IsHalted()
T1E68 292:431.712 - 0.543ms returns FALSE
T1E68 292:540.288 JLINK_IsHalted()
T1E68 292:540.960 - 0.664ms returns FALSE
T1E68 292:540.992 JLINK_IsHalted()
T1E68 292:541.568 - 0.595ms returns FALSE
T1E68 292:648.928 JLINK_IsHalted()
T1E68 292:649.536 - 0.583ms returns FALSE
T1E68 292:649.536 JLINK_IsHalted()
T1E68 292:650.080 - 0.526ms returns FALSE
T1E68 292:758.720 JLINK_IsHalted()
T1E68 292:759.360 - 0.634ms returns FALSE
T1E68 292:759.424 JLINK_IsHalted()
T1E68 292:759.968 - 0.556ms returns FALSE
T1E68 292:868.384 JLINK_IsHalted()
T1E68 292:868.992 - 0.619ms returns FALSE
T1E68 292:869.024 JLINK_IsHalted()
T1E68 292:869.568 - 0.539ms returns FALSE
T1E68 292:977.472 JLINK_IsHalted()
T1E68 292:978.080 - 0.605ms returns FALSE
T1E68 292:978.112 JLINK_IsHalted()
T1E68 292:978.624 - 0.546ms returns FALSE
T1E68 293:086.880 JLINK_IsHalted()
T1E68 293:087.488 - 0.608ms returns FALSE
T1E68 293:087.520 JLINK_IsHalted()
T1E68 293:088.032 - 0.525ms returns FALSE
T1E68 293:195.872 JLINK_IsHalted()
T1E68 293:196.544 - 0.661ms returns FALSE
T1E68 293:196.576 JLINK_IsHalted()
T1E68 293:197.120 - 0.546ms returns FALSE
T1E68 293:305.952 JLINK_IsHalted()
T1E68 293:306.688 - 0.713ms returns FALSE
T1E68 293:306.688 JLINK_IsHalted()
T1E68 293:307.264 - 0.548ms returns FALSE
T0658 293:333.152 JLINK_IsHalted()
T0658 293:333.760 - 0.599ms returns FALSE
T0658 293:333.792 JLINK_IsHalted()
T0658 293:334.368 - 0.581ms returns FALSE
T1E68 293:414.592 JLINK_IsHalted()
T1E68 293:415.232 - 0.664ms returns FALSE
T1E68 293:415.296 JLINK_IsHalted()
T1E68 293:415.904 - 0.613ms returns FALSE
T1E68 293:523.904 JLINK_IsHalted()
T1E68 293:524.512 - 0.627ms returns FALSE
T1E68 293:524.544 JLINK_IsHalted()
T1E68 293:525.120 - 0.564ms returns FALSE
T1E68 293:634.176 JLINK_IsHalted()
T1E68 293:634.752 - 0.581ms returns FALSE
T1E68 293:634.784 JLINK_IsHalted()
T1E68 293:635.296 - 0.524ms returns FALSE
T1E68 293:742.912 JLINK_IsHalted()
T1E68 293:743.520 - 0.609ms returns FALSE
T1E68 293:743.552 JLINK_IsHalted()
T1E68 293:744.288 - 0.724ms returns FALSE
T1E68 293:852.672 JLINK_IsHalted()
T1E68 293:853.376 - 0.700ms returns FALSE
T1E68 293:853.408 JLINK_IsHalted()
T1E68 293:854.048 - 0.635ms returns FALSE
T1E68 293:962.368 JLINK_IsHalted()
T1E68 293:963.040 - 0.677ms returns FALSE
T1E68 293:963.072 JLINK_IsHalted()
T1E68 293:963.680 - 0.602ms returns FALSE
T1E68 294:071.072 JLINK_IsHalted()
T1E68 294:071.712 - 0.629ms returns FALSE
T1E68 294:071.744 JLINK_IsHalted()
T1E68 294:072.352 - 0.602ms returns FALSE
T1E68 294:180.800 JLINK_IsHalted()
T1E68 294:181.440 - 0.672ms returns FALSE
T1E68 294:181.504 JLINK_IsHalted()
T1E68 294:182.112 - 0.597ms returns FALSE
T1E68 294:290.528 JLINK_IsHalted()
T1E68 294:291.264 - 0.742ms returns FALSE
T1E68 294:291.328 JLINK_IsHalted()
T1E68 294:291.904 - 0.603ms returns FALSE
T0658 294:334.528 JLINK_IsHalted()
T0658 294:335.200 - 0.657ms returns FALSE
T0658 294:335.264 JLINK_IsHalted()
T0658 294:335.904 - 0.641ms returns FALSE
T1E68 294:399.168 JLINK_IsHalted()
T1E68 294:399.776 - 0.612ms returns FALSE
T1E68 294:399.808 JLINK_IsHalted()
T1E68 294:400.320 - 0.539ms returns FALSE
T1E68 294:508.928 JLINK_IsHalted()
T1E68 294:509.600 - 0.666ms returns FALSE
T1E68 294:509.632 JLINK_IsHalted()
T1E68 294:510.240 - 0.597ms returns FALSE
T1E68 294:618.592 JLINK_IsHalted()
T1E68 294:619.200 - 0.635ms returns FALSE
T1E68 294:619.264 JLINK_IsHalted()
T1E68 294:619.840 - 0.586ms returns FALSE
T1E68 294:727.552 JLINK_IsHalted()
T1E68 294:779.136 - 51.570ms returns FALSE
T1E68 294:779.200 JLINK_IsHalted()
T1E68 294:779.712 - 0.555ms returns FALSE
T1E68 294:883.424 JLINK_IsHalted()
T1E68 294:884.032 - 0.617ms returns FALSE
T1E68 294:884.064 JLINK_IsHalted()
T1E68 294:884.672 - 0.585ms returns FALSE
T1E68 294:993.280 JLINK_IsHalted()
T1E68 294:993.952 - 0.647ms returns FALSE
T1E68 294:993.984 JLINK_IsHalted()
T1E68 294:994.560 - 0.584ms returns FALSE
T1E68 295:103.008 JLINK_IsHalted()
T1E68 295:103.680 - 0.677ms returns FALSE
T1E68 295:103.680 JLINK_IsHalted()
T1E68 295:104.256 - 0.545ms returns FALSE
T1E68 295:211.776 JLINK_IsHalted()
T1E68 295:212.480 - 0.667ms returns FALSE
T1E68 295:212.480 JLINK_IsHalted()
T1E68 295:213.024 - 0.540ms returns FALSE
T1E68 295:321.568 JLINK_IsHalted()
T1E68 295:322.304 - 0.700ms returns FALSE
T1E68 295:322.304 JLINK_IsHalted()
T1E68 295:322.944 - 0.626ms returns FALSE
T0658 295:335.744 JLINK_IsHalted()
T0658 295:336.416 - 0.685ms returns FALSE
T0658 295:336.480 JLINK_IsHalted()
T0658 295:337.088 - 0.610ms returns FALSE
T1E68 295:430.336 JLINK_IsHalted()
T1E68 295:430.976 - 0.668ms returns FALSE
T1E68 295:431.040 JLINK_IsHalted()
T1E68 295:431.648 - 0.609ms returns FALSE
T1E68 295:540.160 JLINK_IsHalted()
T1E68 295:540.800 - 0.682ms returns FALSE
T1E68 295:540.864 JLINK_IsHalted()
T1E68 295:541.440 - 0.562ms returns FALSE
T1E68 295:649.504 JLINK_IsHalted()
T1E68 295:650.240 - 0.734ms returns FALSE
T1E68 295:650.272 JLINK_IsHalted()
T1E68 295:650.880 - 0.589ms returns FALSE
T1E68 295:758.880 JLINK_IsHalted()
T1E68 295:759.552 - 0.696ms returns FALSE
T1E68 295:759.584 JLINK_IsHalted()
T1E68 295:760.288 - 0.666ms returns FALSE
T1E68 295:868.576 JLINK_IsHalted()
T1E68 295:869.280 - 0.696ms returns FALSE
T1E68 295:869.312 JLINK_IsHalted()
T1E68 295:869.952 - 0.625ms returns FALSE
T1E68 295:977.664 JLINK_IsHalted()
T1E68 295:978.400 - 0.713ms returns FALSE
T1E68 295:978.432 JLINK_IsHalted()
T1E68 295:979.008 - 0.598ms returns FALSE
T1E68 296:087.360 JLINK_IsHalted()
T1E68 296:145.088 - 57.710ms returns FALSE
T1E68 296:145.120 JLINK_IsHalted()
T1E68 296:145.728 - 0.596ms returns FALSE
T1E68 296:243.584 JLINK_IsHalted()
T1E68 296:244.256 - 0.662ms returns FALSE
T1E68 296:244.288 JLINK_IsHalted()
T1E68 296:244.896 - 0.602ms returns FALSE
T0658 296:337.728 JLINK_IsHalted()
T0658 296:338.432 - 0.711ms returns FALSE
T0658 296:338.496 JLINK_IsHalted()
T0658 296:339.136 - 0.637ms returns FALSE
T1E68 296:352.736 JLINK_IsHalted()
T1E68 296:353.376 - 0.661ms returns FALSE
T1E68 296:353.440 JLINK_IsHalted()
T1E68 296:354.080 - 0.633ms returns FALSE
T1E68 296:461.632 JLINK_IsHalted()
T1E68 296:462.272 - 0.648ms returns FALSE
T1E68 296:462.336 JLINK_IsHalted()
T1E68 296:462.912 - 0.592ms returns FALSE
T1E68 296:571.488 JLINK_IsHalted()
T1E68 296:572.128 - 0.628ms returns FALSE
T1E68 296:572.160 JLINK_IsHalted()
T1E68 296:572.704 - 0.556ms returns FALSE
T1E68 296:680.256 JLINK_IsHalted()
T1E68 296:680.928 - 0.667ms returns FALSE
T1E68 296:680.960 JLINK_IsHalted()
T1E68 296:681.536 - 0.570ms returns FALSE
T1E68 296:789.952 JLINK_IsHalted()
T1E68 296:790.592 - 0.646ms returns FALSE
T1E68 296:790.592 JLINK_IsHalted()
T1E68 296:791.232 - 0.634ms returns FALSE
T1E68 296:898.816 JLINK_IsHalted()
T1E68 296:899.520 - 0.705ms returns FALSE
T1E68 296:899.584 JLINK_IsHalted()
T1E68 296:900.256 - 0.674ms returns FALSE
T1E68 297:008.704 JLINK_IsHalted()
T1E68 297:009.408 - 0.680ms returns FALSE
T1E68 297:009.440 JLINK_IsHalted()
T1E68 297:010.016 - 0.575ms returns FALSE
T1E68 297:118.464 JLINK_IsHalted()
T1E68 297:119.136 - 0.664ms returns FALSE
T1E68 297:119.168 JLINK_IsHalted()
T1E68 297:119.808 - 0.610ms returns FALSE
T1E68 297:227.168 JLINK_IsHalted()
T1E68 297:227.840 - 0.679ms returns FALSE
T1E68 297:227.872 JLINK_IsHalted()
T1E68 297:228.512 - 0.630ms returns FALSE
T1E68 297:336.800 JLINK_IsHalted()
T1E68 297:337.504 - 0.681ms returns FALSE
T1E68 297:337.536 JLINK_IsHalted()
T1E68 297:338.048 - 0.546ms returns FALSE
T0658 297:340.000 JLINK_IsHalted()
T0658 297:340.576 - 0.572ms returns FALSE
T0658 297:340.608 JLINK_IsHalted()
T0658 297:341.120 - 0.544ms returns FALSE
T1E68 297:446.624 JLINK_IsHalted()
T1E68 297:447.328 - 0.701ms returns FALSE
T1E68 297:447.360 JLINK_IsHalted()
T1E68 297:448.000 - 0.637ms returns FALSE
T1E68 297:555.616 JLINK_IsHalted()
T1E68 297:556.288 - 0.684ms returns FALSE
T1E68 297:556.352 JLINK_IsHalted()
T1E68 297:556.928 - 0.599ms returns FALSE
T1E68 297:664.800 JLINK_IsHalted()
T1E68 297:665.472 - 0.655ms returns FALSE
T1E68 297:665.472 JLINK_IsHalted()
T1E68 297:666.144 - 0.662ms returns FALSE
T1E68 297:774.528 JLINK_IsHalted()
T1E68 297:775.264 - 0.716ms returns FALSE
T1E68 297:775.296 JLINK_IsHalted()
T1E68 297:775.904 - 0.590ms returns FALSE
T1E68 297:883.360 JLINK_IsHalted()
T1E68 297:884.096 - 0.716ms returns FALSE
T1E68 297:884.096 JLINK_IsHalted()
T1E68 297:884.736 - 0.635ms returns FALSE
T1E68 297:993.152 JLINK_IsHalted()
T1E68 297:993.792 - 0.639ms returns FALSE
T1E68 297:993.824 JLINK_IsHalted()
T1E68 297:994.368 - 0.554ms returns FALSE
T1E68 298:102.912 JLINK_IsHalted()
T1E68 298:103.616 - 0.695ms returns FALSE
T1E68 298:103.648 JLINK_IsHalted()
T1E68 298:104.224 - 0.579ms returns FALSE
T1E68 298:211.584 JLINK_IsHalted()
T1E68 298:212.256 - 0.678ms returns FALSE
T1E68 298:212.288 JLINK_IsHalted()
T1E68 298:212.896 - 0.599ms returns FALSE
T1E68 298:321.344 JLINK_IsHalted()
T1E68 298:321.984 - 0.665ms returns FALSE
T1E68 298:322.048 JLINK_IsHalted()
T1E68 298:322.688 - 0.643ms returns FALSE
T0658 298:341.600 JLINK_IsHalted()
T0658 298:342.304 - 0.679ms returns FALSE
T0658 298:342.336 JLINK_IsHalted()
T0658 298:342.976 - 0.601ms returns FALSE
T1E68 298:430.144 JLINK_IsHalted()
T1E68 298:430.848 - 0.693ms returns FALSE
T1E68 298:430.912 JLINK_IsHalted()
T1E68 298:431.552 - 0.627ms returns FALSE
T1E68 298:539.872 JLINK_IsHalted()
T1E68 298:540.576 - 0.687ms returns FALSE
T1E68 298:540.608 JLINK_IsHalted()
T1E68 298:541.248 - 0.652ms returns FALSE
T1E68 298:648.864 JLINK_IsHalted()
T1E68 298:649.440 - 0.603ms returns FALSE
T1E68 298:649.472 JLINK_IsHalted()
T1E68 298:650.048 - 0.556ms returns FALSE
T1E68 298:758.528 JLINK_IsHalted()
T1E68 298:759.232 - 0.719ms returns FALSE
T1E68 298:759.296 JLINK_IsHalted()
T1E68 298:759.968 - 0.665ms returns FALSE
T1E68 298:868.160 JLINK_IsHalted()
T1E68 298:868.864 - 0.692ms returns FALSE
T1E68 298:868.896 JLINK_IsHalted()
T1E68 298:869.536 - 0.624ms returns FALSE
T1E68 298:977.056 JLINK_IsHalted()
T1E68 298:977.696 - 0.652ms returns FALSE
T1E68 298:977.728 JLINK_IsHalted()
T1E68 298:978.336 - 0.585ms returns FALSE
T1E68 299:087.232 JLINK_IsHalted()
T1E68 299:087.936 - 0.700ms returns FALSE
T1E68 299:087.968 JLINK_IsHalted()
T1E68 299:088.576 - 0.604ms returns FALSE
T1E68 299:195.968 JLINK_IsHalted()
T1E68 299:196.672 - 0.709ms returns FALSE
T1E68 299:196.736 JLINK_IsHalted()
T1E68 299:197.312 - 0.602ms returns FALSE
T1E68 299:305.664 JLINK_IsHalted()
T1E68 299:306.368 - 0.692ms returns FALSE
T1E68 299:306.400 JLINK_IsHalted()
T1E68 299:306.976 - 0.581ms returns FALSE
T0658 299:342.752 JLINK_IsHalted()
T0658 299:343.424 - 0.698ms returns FALSE
T0658 299:343.488 JLINK_IsHalted()
T0658 299:344.096 - 0.605ms returns FALSE
T1E68 299:415.360 JLINK_IsHalted()
T1E68 299:416.000 - 0.665ms returns FALSE
T1E68 299:416.064 JLINK_IsHalted()
T1E68 299:416.704 - 0.636ms returns FALSE
T1E68 299:524.064 JLINK_IsHalted()
T1E68 299:524.736 - 0.656ms returns FALSE
T1E68 299:524.768 JLINK_IsHalted()
T1E68 299:525.344 - 0.580ms returns FALSE
T1E68 299:633.856 JLINK_IsHalted()
T1E68 299:634.560 - 0.678ms returns FALSE
T1E68 299:634.592 JLINK_IsHalted()
T1E68 299:635.264 - 0.647ms returns FALSE
T1E68 299:743.680 JLINK_IsHalted()
T1E68 299:744.352 - 0.678ms returns FALSE
T1E68 299:744.384 JLINK_IsHalted()
T1E68 299:744.960 - 0.577ms returns FALSE
T1E68 299:852.352 JLINK_IsHalted()
T1E68 299:853.056 - 0.694ms returns FALSE
T1E68 299:853.088 JLINK_IsHalted()
T1E68 299:853.728 - 0.633ms returns FALSE
T1E68 299:962.304 JLINK_IsHalted()
T1E68 299:962.944 - 0.659ms returns FALSE
T1E68 299:963.008 JLINK_IsHalted()
T1E68 299:963.680 - 0.661ms returns FALSE
T1E68 300:071.040 JLINK_IsHalted()
T1E68 300:071.744 - 0.686ms returns FALSE
T1E68 300:071.776 JLINK_IsHalted()
T1E68 300:072.384 - 0.584ms returns FALSE
T1E68 300:180.800 JLINK_IsHalted()
T1E68 300:181.568 - 0.730ms returns FALSE
T1E68 300:181.600 JLINK_IsHalted()
T1E68 300:182.240 - 0.643ms returns FALSE
T1E68 300:289.696 JLINK_IsHalted()
T1E68 300:290.368 - 0.697ms returns FALSE
T1E68 300:290.432 JLINK_IsHalted()
T1E68 300:291.040 - 0.607ms returns FALSE
T0658 300:344.704 JLINK_IsHalted()
T0658 300:345.344 - 0.642ms returns FALSE
T0658 300:345.376 JLINK_IsHalted()
T0658 300:346.016 - 0.632ms returns FALSE
T1E68 300:399.232 JLINK_IsHalted()
T1E68 300:399.840 - 0.604ms returns FALSE
T1E68 300:399.872 JLINK_IsHalted()
T1E68 300:400.416 - 0.535ms returns FALSE
T1E68 300:509.024 JLINK_IsHalted()
T1E68 300:509.760 - 0.728ms returns FALSE
T1E68 300:509.792 JLINK_IsHalted()
T1E68 300:510.400 - 0.601ms returns FALSE
T1E68 300:617.952 JLINK_IsHalted()
T1E68 300:618.624 - 0.679ms returns FALSE
T1E68 300:618.688 JLINK_IsHalted()
T1E68 300:619.264 - 0.584ms returns FALSE
T1E68 300:727.616 JLINK_IsHalted()
T1E68 300:728.352 - 0.729ms returns FALSE
T1E68 300:728.384 JLINK_IsHalted()
T1E68 300:728.992 - 0.591ms returns FALSE
T1E68 300:836.800 JLINK_IsHalted()
T1E68 300:837.504 - 0.689ms returns FALSE
T1E68 300:837.536 JLINK_IsHalted()
T1E68 300:838.144 - 0.612ms returns FALSE
T1E68 300:946.528 JLINK_IsHalted()
T1E68 300:947.264 - 0.699ms returns FALSE
T1E68 300:947.264 JLINK_IsHalted()
T1E68 300:947.872 - 0.600ms returns FALSE
T1E68 301:055.296 JLINK_IsHalted()
T1E68 301:056.000 - 0.703ms returns FALSE
T1E68 301:056.032 JLINK_IsHalted()
T1E68 301:056.672 - 0.646ms returns FALSE
T1E68 301:165.120 JLINK_IsHalted()
T1E68 301:165.792 - 0.693ms returns FALSE
T1E68 301:165.856 JLINK_IsHalted()
T1E68 301:166.464 - 0.634ms returns FALSE
T1E68 301:274.112 JLINK_IsHalted()
T1E68 301:274.816 - 0.710ms returns FALSE
T1E68 301:274.880 JLINK_IsHalted()
T1E68 301:275.552 - 0.674ms returns FALSE
T0658 301:346.080 JLINK_IsHalted()
T0658 301:346.752 - 0.658ms returns FALSE
T0658 301:346.752 JLINK_IsHalted()
T0658 301:347.360 - 0.582ms returns FALSE
T1E68 301:383.840 JLINK_IsHalted()
T1E68 301:384.448 - 0.624ms returns FALSE
T1E68 301:384.480 JLINK_IsHalted()
T1E68 301:385.024 - 0.548ms returns FALSE
T1E68 301:493.568 JLINK_IsHalted()
T1E68 301:494.272 - 0.716ms returns FALSE
T1E68 301:494.336 JLINK_IsHalted()
T1E68 301:494.944 - 0.636ms returns FALSE
T1E68 301:602.816 JLINK_IsHalted()
T1E68 301:603.520 - 0.693ms returns FALSE
T1E68 301:603.552 JLINK_IsHalted()
T1E68 301:604.256 - 0.705ms returns FALSE
T1E68 301:711.488 JLINK_IsHalted()
T1E68 301:712.160 - 0.674ms returns FALSE
T1E68 301:712.192 JLINK_IsHalted()
T1E68 301:712.768 - 0.570ms returns FALSE
T1E68 301:821.376 JLINK_IsHalted()
T1E68 301:821.984 - 0.631ms returns FALSE
T1E68 301:822.016 JLINK_IsHalted()
T1E68 301:822.528 - 0.538ms returns FALSE
T1E68 301:930.592 JLINK_IsHalted()
T1E68 301:931.328 - 0.696ms returns FALSE
T1E68 301:931.328 JLINK_IsHalted()
T1E68 301:931.936 - 0.589ms returns FALSE
T1E68 302:040.416 JLINK_IsHalted()
T1E68 302:041.152 - 0.724ms returns FALSE
T1E68 302:041.184 JLINK_IsHalted()
T1E68 302:041.856 - 0.651ms returns FALSE
T1E68 302:149.152 JLINK_IsHalted()
T1E68 302:149.888 - 0.745ms returns FALSE
T1E68 302:149.952 JLINK_IsHalted()
T1E68 302:150.592 - 0.645ms returns FALSE
T1E68 302:258.880 JLINK_IsHalted()
T1E68 302:259.488 - 0.622ms returns FALSE
T1E68 302:259.520 JLINK_IsHalted()
T1E68 302:260.032 - 0.548ms returns FALSE
T0658 302:348.768 JLINK_IsHalted()
T0658 302:349.376 - 0.607ms returns FALSE
T0658 302:349.376 JLINK_IsHalted()
T0658 302:349.984 - 0.584ms returns FALSE
T1E68 302:368.544 JLINK_IsHalted()
T1E68 302:369.280 - 0.738ms returns FALSE
T1E68 302:369.312 JLINK_IsHalted()
T1E68 302:370.080 - 0.746ms returns FALSE
T1E68 302:477.440 JLINK_IsHalted()
T1E68 302:478.080 - 0.651ms returns FALSE
T1E68 302:478.144 JLINK_IsHalted()
T1E68 302:478.720 - 0.592ms returns FALSE
T1E68 302:587.136 JLINK_IsHalted()
T1E68 302:587.840 - 0.696ms returns FALSE
T1E68 302:587.872 JLINK_IsHalted()
T1E68 302:588.480 - 0.597ms returns FALSE
T1E68 302:695.872 JLINK_IsHalted()
T1E68 302:696.544 - 0.663ms returns FALSE
T1E68 302:696.608 JLINK_IsHalted()
T1E68 302:697.248 - 0.652ms returns FALSE
T1E68 302:805.600 JLINK_IsHalted()
T1E68 302:806.240 - 0.647ms returns FALSE
T1E68 302:806.304 JLINK_IsHalted()
T1E68 302:806.912 - 0.618ms returns FALSE
T1E68 302:914.816 JLINK_IsHalted()
T1E68 302:958.656 - 43.861ms returns FALSE
T1E68 302:958.720 JLINK_IsHalted()
T1E68 302:959.360 - 0.644ms returns FALSE
T1E68 303:055.616 JLINK_IsHalted()
T1E68 303:056.320 - 0.711ms returns FALSE
T1E68 303:056.384 JLINK_IsHalted()
T1E68 303:057.024 - 0.639ms returns FALSE
T1E68 303:164.992 JLINK_IsHalted()
T1E68 303:165.664 - 0.683ms returns FALSE
T1E68 303:165.696 JLINK_IsHalted()
T1E68 303:166.272 - 0.553ms returns FALSE
T1E68 303:274.752 JLINK_IsHalted()
T1E68 303:275.520 - 0.773ms returns FALSE
T1E68 303:275.584 JLINK_IsHalted()
T1E68 303:276.160 - 0.607ms returns FALSE
T0658 303:350.912 JLINK_IsHalted()
T0658 303:351.648 - 0.729ms returns FALSE
T0658 303:351.680 JLINK_IsHalted()
T0658 303:352.352 - 0.663ms returns FALSE
T1E68 303:383.616 JLINK_IsHalted()
T1E68 303:384.288 - 0.688ms returns FALSE
T1E68 303:384.352 JLINK_IsHalted()
T1E68 303:384.928 - 0.595ms returns FALSE
T1E68 303:493.568 JLINK_IsHalted()
T1E68 303:494.208 - 0.655ms returns FALSE
T1E68 303:494.240 JLINK_IsHalted()
T1E68 303:494.816 - 0.551ms returns FALSE
T1E68 303:602.304 JLINK_IsHalted()
T1E68 303:603.008 - 0.676ms returns FALSE
T1E68 303:603.040 JLINK_IsHalted()
T1E68 303:603.648 - 0.633ms returns FALSE
T1E68 303:712.096 JLINK_IsHalted()
T1E68 303:712.704 - 0.610ms returns FALSE
T1E68 303:712.704 JLINK_IsHalted()
T1E68 303:713.248 - 0.539ms returns FALSE
T1E68 303:821.088 JLINK_IsHalted()
T1E68 303:821.728 - 0.629ms returns FALSE
T1E68 303:821.760 JLINK_IsHalted()
T1E68 303:822.336 - 0.601ms returns FALSE
T1E68 303:930.816 JLINK_IsHalted()
T1E68 303:931.456 - 0.677ms returns FALSE
T1E68 303:931.488 JLINK_IsHalted()
T1E68 303:932.096 - 0.591ms returns FALSE
T1E68 304:039.648 JLINK_IsHalted()
T1E68 304:040.352 - 0.692ms returns FALSE
T1E68 304:040.384 JLINK_IsHalted()
T1E68 304:040.992 - 0.607ms returns FALSE
T1E68 304:149.568 JLINK_IsHalted()
T1E68 304:150.272 - 0.697ms returns FALSE
T1E68 304:150.336 JLINK_IsHalted()
T1E68 304:150.912 - 0.587ms returns FALSE
T1E68 304:258.336 JLINK_IsHalted()
T1E68 304:259.008 - 0.672ms returns FALSE
T1E68 304:259.072 JLINK_IsHalted()
T1E68 304:259.712 - 0.642ms returns FALSE
T0658 304:352.960 JLINK_IsHalted()
T0658 304:353.696 - 0.744ms returns FALSE
T0658 304:353.728 JLINK_IsHalted()
T0658 304:354.368 - 0.625ms returns FALSE
T1E68 304:367.744 JLINK_IsHalted()
T1E68 304:368.416 - 0.660ms returns FALSE
T1E68 304:368.448 JLINK_IsHalted()
T1E68 304:369.056 - 0.600ms returns FALSE
T1E68 304:476.992 JLINK_IsHalted()
T1E68 304:477.728 - 0.707ms returns FALSE
T1E68 304:477.760 JLINK_IsHalted()
T1E68 304:478.368 - 0.599ms returns FALSE
T1E68 304:586.752 JLINK_IsHalted()
T1E68 304:587.456 - 0.694ms returns FALSE
T1E68 304:587.488 JLINK_IsHalted()
T1E68 304:588.096 - 0.631ms returns FALSE
T1E68 304:696.640 JLINK_IsHalted()
T1E68 304:697.312 - 0.687ms returns FALSE
T1E68 304:697.344 JLINK_IsHalted()
T1E68 304:697.984 - 0.630ms returns FALSE
T1E68 304:805.472 JLINK_IsHalted()
T1E68 304:806.176 - 0.676ms returns FALSE
T1E68 304:806.208 JLINK_IsHalted()
T1E68 304:806.848 - 0.619ms returns FALSE
T1E68 304:915.168 JLINK_IsHalted()
T1E68 304:915.904 - 0.717ms returns FALSE
T1E68 304:915.904 JLINK_IsHalted()
T1E68 304:916.480 - 0.569ms returns FALSE
T1E68 305:023.904 JLINK_IsHalted()
T1E68 305:024.704 - 0.795ms returns FALSE
T1E68 305:024.736 JLINK_IsHalted()
T1E68 305:025.472 - 0.728ms returns FALSE
T1E68 305:133.952 JLINK_IsHalted()
T1E68 305:134.656 - 0.736ms returns FALSE
T1E68 305:134.720 JLINK_IsHalted()
T1E68 305:135.296 - 0.606ms returns FALSE
T1E68 305:242.656 JLINK_IsHalted()
T1E68 305:243.328 - 0.678ms returns FALSE
T1E68 305:243.360 JLINK_IsHalted()
T1E68 305:243.968 - 0.600ms returns FALSE
T1E68 305:352.480 JLINK_IsHalted()
T1E68 305:353.088 - 0.631ms returns FALSE
T1E68 305:353.120 JLINK_IsHalted()
T1E68 305:353.664 - 0.549ms returns FALSE
T0658 305:354.592 JLINK_IsHalted()
T0658 305:355.232 - 0.638ms returns FALSE
T0658 305:355.264 JLINK_IsHalted()
T0658 305:355.808 - 0.549ms returns FALSE
T1E68 305:462.304 JLINK_IsHalted()
T1E68 305:462.976 - 0.692ms returns FALSE
T1E68 305:463.040 JLINK_IsHalted()
T1E68 305:463.680 - 0.638ms returns FALSE
T1E68 305:571.136 JLINK_IsHalted()
T1E68 305:571.808 - 0.682ms returns FALSE
T1E68 305:571.840 JLINK_IsHalted()
T1E68 305:572.416 - 0.591ms returns FALSE
T1E68 305:680.704 JLINK_IsHalted()
T1E68 305:681.376 - 0.679ms returns FALSE
T1E68 305:681.440 JLINK_IsHalted()
T1E68 305:682.016 - 0.599ms returns FALSE
T1E68 305:790.336 JLINK_IsHalted()
T1E68 305:791.040 - 0.692ms returns FALSE
T1E68 305:791.072 JLINK_IsHalted()
T1E68 305:791.680 - 0.595ms returns FALSE
T1E68 305:899.072 JLINK_IsHalted()
T1E68 305:899.744 - 0.671ms returns FALSE
T1E68 305:899.776 JLINK_IsHalted()
T1E68 305:900.352 - 0.572ms returns FALSE
T1E68 306:008.768 JLINK_IsHalted()
T1E68 306:009.408 - 0.642ms returns FALSE
T1E68 306:009.408 JLINK_IsHalted()
T1E68 306:009.984 - 0.566ms returns FALSE
T1E68 306:118.528 JLINK_IsHalted()
T1E68 306:119.264 - 0.724ms returns FALSE
T1E68 306:119.296 JLINK_IsHalted()
T1E68 306:119.904 - 0.603ms returns FALSE
T1E68 306:227.264 JLINK_IsHalted()
T1E68 306:227.968 - 0.704ms returns FALSE
T1E68 306:228.032 JLINK_IsHalted()
T1E68 306:228.672 - 0.650ms returns FALSE
T1E68 306:336.992 JLINK_IsHalted()
T1E68 306:337.728 - 0.721ms returns FALSE
T1E68 306:337.760 JLINK_IsHalted()
T1E68 306:338.368 - 0.592ms returns FALSE
T0658 306:356.160 JLINK_IsHalted()
T0658 306:356.832 - 0.656ms returns FALSE
T0658 306:356.864 JLINK_IsHalted()
T0658 306:357.472 - 0.600ms returns FALSE
T1E68 306:446.016 JLINK_IsHalted()
T1E68 306:446.784 - 0.752ms returns FALSE
T1E68 306:446.784 JLINK_IsHalted()
T1E68 306:447.424 - 0.619ms returns FALSE
T1E68 306:555.936 JLINK_IsHalted()
T1E68 306:556.512 - 0.585ms returns FALSE
T1E68 306:556.544 JLINK_IsHalted()
T1E68 306:557.120 - 0.592ms returns FALSE
T1E68 306:664.704 JLINK_IsHalted()
T1E68 306:665.376 - 0.681ms returns FALSE
T1E68 306:665.408 JLINK_IsHalted()
T1E68 306:666.080 - 0.655ms returns FALSE
T1E68 306:774.400 JLINK_IsHalted()
T1E68 306:775.104 - 0.696ms returns FALSE
T1E68 306:775.136 JLINK_IsHalted()
T1E68 306:775.744 - 0.581ms returns FALSE
T1E68 306:884.064 JLINK_IsHalted()
T1E68 306:884.704 - 0.629ms returns FALSE
T1E68 306:884.736 JLINK_IsHalted()
T1E68 306:885.312 - 0.565ms returns FALSE
T1E68 306:993.856 JLINK_IsHalted()
T1E68 306:994.496 - 0.620ms returns FALSE
T1E68 306:994.496 JLINK_IsHalted()
T1E68 306:995.072 - 0.553ms returns FALSE
T1E68 307:102.688 JLINK_IsHalted()
T1E68 307:103.392 - 0.696ms returns FALSE
T1E68 307:103.424 JLINK_IsHalted()
T1E68 307:104.064 - 0.632ms returns FALSE
T1E68 307:211.424 JLINK_IsHalted()
T1E68 307:212.160 - 0.740ms returns FALSE
T1E68 307:212.192 JLINK_IsHalted()
T1E68 307:212.768 - 0.589ms returns FALSE
T1E68 307:321.152 JLINK_IsHalted()
T1E68 307:321.920 - 0.733ms returns FALSE
T1E68 307:321.952 JLINK_IsHalted()
T1E68 307:322.560 - 0.623ms returns FALSE
T0658 307:358.272 JLINK_IsHalted()
T0658 307:358.976 - 0.666ms returns FALSE
T0658 307:359.008 JLINK_IsHalted()
T0658 307:359.680 - 0.656ms returns FALSE
T1E68 307:430.912 JLINK_IsHalted()
T1E68 307:431.680 - 0.754ms returns FALSE
T1E68 307:431.744 JLINK_IsHalted()
T1E68 307:432.352 - 0.619ms returns FALSE
T1E68 307:539.648 JLINK_IsHalted()
T1E68 307:540.320 - 0.663ms returns FALSE
T1E68 307:540.448 JLINK_IsHalted()
T1E68 307:541.088 - 0.640ms returns FALSE
T1E68 307:649.408 JLINK_IsHalted()
T1E68 307:650.144 - 0.731ms returns FALSE
T1E68 307:650.208 JLINK_IsHalted()
T1E68 307:650.816 - 0.624ms returns FALSE
T1E68 307:759.264 JLINK_IsHalted()
T1E68 307:759.968 - 0.718ms returns FALSE
T1E68 307:760.000 JLINK_IsHalted()
T1E68 307:760.704 - 0.667ms returns FALSE
T1E68 307:868.096 JLINK_IsHalted()
T1E68 307:868.800 - 0.711ms returns FALSE
T1E68 307:868.832 JLINK_IsHalted()
T1E68 307:869.376 - 0.554ms returns FALSE
T1E68 307:977.792 JLINK_IsHalted()
T1E68 307:978.400 - 0.601ms returns FALSE
T1E68 307:978.432 JLINK_IsHalted()
T1E68 307:978.944 - 0.547ms returns FALSE
T1E68 308:086.528 JLINK_IsHalted()
T1E68 308:087.232 - 0.721ms returns FALSE
T1E68 308:087.296 JLINK_IsHalted()
T1E68 308:087.936 - 0.631ms returns FALSE
T1E68 308:196.320 JLINK_IsHalted()
T1E68 308:197.024 - 0.688ms returns FALSE
T1E68 308:197.056 JLINK_IsHalted()
T1E68 308:197.696 - 0.632ms returns FALSE
T1E68 308:306.112 JLINK_IsHalted()
T1E68 308:306.784 - 0.679ms returns FALSE
T1E68 308:306.848 JLINK_IsHalted()
T1E68 308:307.456 - 0.618ms returns FALSE
T0658 308:359.424 JLINK_IsHalted()
T0658 308:416.800 - 57.369ms returns FALSE
T0658 308:416.832 JLINK_IsHalted()
T0658 308:417.472 - 0.615ms returns FALSE
T1E68 308:417.600 JLINK_IsHalted()
T1E68 308:418.240 - 0.662ms returns FALSE
T1E68 308:418.272 JLINK_IsHalted()
T1E68 308:418.880 - 0.600ms returns FALSE
T1E68 308:524.800 JLINK_IsHalted()
T1E68 308:525.504 - 0.720ms returns FALSE
T1E68 308:525.568 JLINK_IsHalted()
T1E68 308:526.144 - 0.569ms returns FALSE
T1E68 308:633.472 JLINK_IsHalted()
T1E68 308:634.112 - 0.655ms returns FALSE
T1E68 308:634.144 JLINK_IsHalted()
T1E68 308:634.688 - 0.556ms returns FALSE
T1E68 308:743.232 JLINK_IsHalted()
T1E68 308:743.904 - 0.667ms returns FALSE
T1E68 308:743.936 JLINK_IsHalted()
T1E68 308:744.512 - 0.574ms returns FALSE
T1E68 308:852.224 JLINK_IsHalted()
T1E68 308:852.928 - 0.691ms returns FALSE
T1E68 308:852.928 JLINK_IsHalted()
T1E68 308:853.504 - 0.566ms returns FALSE
T1E68 308:962.176 JLINK_IsHalted()
T1E68 308:962.880 - 0.671ms returns FALSE
T1E68 308:962.880 JLINK_IsHalted()
T1E68 308:963.488 - 0.590ms returns FALSE
T1E68 309:071.104 JLINK_IsHalted()
T1E68 309:071.840 - 0.724ms returns FALSE
T1E68 309:071.872 JLINK_IsHalted()
T1E68 309:072.512 - 0.635ms returns FALSE
T1E68 309:180.992 JLINK_IsHalted()
T1E68 309:181.696 - 0.696ms returns FALSE
T1E68 309:181.728 JLINK_IsHalted()
T1E68 309:182.400 - 0.643ms returns FALSE
T1E68 309:289.696 JLINK_IsHalted()
T1E68 309:290.336 - 0.658ms returns FALSE
T1E68 309:290.400 JLINK_IsHalted()
T1E68 309:290.976 - 0.599ms returns FALSE
T1E68 309:399.616 JLINK_IsHalted()
T1E68 309:400.320 - 0.716ms returns FALSE
T1E68 309:400.352 JLINK_IsHalted()
T1E68 309:400.960 - 0.595ms returns FALSE
T0658 309:417.664 JLINK_IsHalted()
T0658 309:418.304 - 0.623ms returns FALSE
T0658 309:418.336 JLINK_IsHalted()
T0658 309:418.944 - 0.602ms returns FALSE
T1E68 309:508.288 JLINK_IsHalted()
T1E68 309:508.960 - 0.658ms returns FALSE
T1E68 309:509.024 JLINK_IsHalted()
T1E68 309:509.696 - 0.678ms returns FALSE
T1E68 309:618.016 JLINK_IsHalted()
T1E68 309:618.688 - 0.667ms returns FALSE
T1E68 309:618.720 JLINK_IsHalted()
T1E68 309:619.296 - 0.579ms returns FALSE
T1E68 309:727.168 JLINK_IsHalted()
T1E68 309:776.256 - 49.065ms returns FALSE
T1E68 309:776.320 JLINK_IsHalted()
T1E68 309:776.960 - 0.646ms returns FALSE
T1E68 309:883.296 JLINK_IsHalted()
T1E68 309:884.000 - 0.696ms returns FALSE
T1E68 309:884.032 JLINK_IsHalted()
T1E68 309:884.672 - 0.643ms returns FALSE
T1E68 309:993.280 JLINK_IsHalted()
T1E68 309:993.920 - 0.651ms returns FALSE
T1E68 309:993.920 JLINK_IsHalted()
T1E68 309:994.528 - 0.576ms returns FALSE
T1E68 310:102.976 JLINK_IsHalted()
T1E68 310:103.680 - 0.679ms returns FALSE
T1E68 310:103.712 JLINK_IsHalted()
T1E68 310:104.256 - 0.579ms returns FALSE
T1E68 310:211.648 JLINK_IsHalted()
T1E68 310:212.320 - 0.657ms returns FALSE
T1E68 310:212.448 JLINK_IsHalted()
T1E68 310:213.056 - 0.616ms returns FALSE
T1E68 310:321.376 JLINK_IsHalted()
T1E68 310:322.048 - 0.662ms returns FALSE
T1E68 310:322.112 JLINK_IsHalted()
T1E68 310:322.720 - 0.621ms returns FALSE
T0658 310:419.360 JLINK_IsHalted()
T0658 310:420.064 - 0.730ms returns FALSE
T0658 310:420.128 JLINK_IsHalted()
T0658 310:420.736 - 0.613ms returns FALSE
T1E68 310:430.240 JLINK_IsHalted()
T1E68 310:430.912 - 0.690ms returns FALSE
T1E68 310:430.944 JLINK_IsHalted()
T1E68 310:431.584 - 0.639ms returns FALSE
T1E68 310:539.904 JLINK_IsHalted()
T1E68 310:540.608 - 0.707ms returns FALSE
T1E68 310:540.672 JLINK_IsHalted()
T1E68 310:541.248 - 0.583ms returns FALSE
T1E68 310:649.888 JLINK_IsHalted()
T1E68 310:650.560 - 0.689ms returns FALSE
T1E68 310:650.624 JLINK_IsHalted()
T1E68 310:651.232 - 0.627ms returns FALSE
T1E68 310:759.232 JLINK_IsHalted()
T1E68 310:759.904 - 0.674ms returns FALSE
T1E68 310:759.936 JLINK_IsHalted()
T1E68 310:760.512 - 0.560ms returns FALSE
T1E68 310:868.608 JLINK_IsHalted()
T1E68 310:869.248 - 0.622ms returns FALSE
T1E68 310:869.280 JLINK_IsHalted()
T1E68 310:869.856 - 0.588ms returns FALSE
T1E68 310:977.344 JLINK_IsHalted()
T1E68 310:978.016 - 0.686ms returns FALSE
T1E68 310:978.048 JLINK_IsHalted()
T1E68 310:978.688 - 0.628ms returns FALSE
T1E68 311:087.040 JLINK_IsHalted()
T1E68 311:087.744 - 0.697ms returns FALSE
T1E68 311:087.776 JLINK_IsHalted()
T1E68 311:088.352 - 0.592ms returns FALSE
T1E68 311:196.608 JLINK_IsHalted()
T1E68 311:197.248 - 0.646ms returns FALSE
T1E68 311:197.248 JLINK_IsHalted()
T1E68 311:197.856 - 0.572ms returns FALSE
T1E68 311:305.632 JLINK_IsHalted()
T1E68 311:306.336 - 0.704ms returns FALSE
T1E68 311:306.368 JLINK_IsHalted()
T1E68 311:307.008 - 0.629ms returns FALSE
T1E68 311:415.328 JLINK_IsHalted()
T1E68 311:416.032 - 0.710ms returns FALSE
T1E68 311:416.096 JLINK_IsHalted()
T1E68 311:416.672 - 0.600ms returns FALSE
T0658 311:420.512 JLINK_IsHalted()
T0658 311:421.120 - 0.602ms returns FALSE
T0658 311:421.152 JLINK_IsHalted()
T0658 311:421.792 - 0.630ms returns FALSE
T1E68 311:524.064 JLINK_IsHalted()
T1E68 311:524.704 - 0.631ms returns FALSE
T1E68 311:524.736 JLINK_IsHalted()
T1E68 311:525.312 - 0.558ms returns FALSE
T1E68 311:633.760 JLINK_IsHalted()
T1E68 311:634.464 - 0.697ms returns FALSE
T1E68 311:634.496 JLINK_IsHalted()
T1E68 311:635.136 - 0.628ms returns FALSE
T1E68 311:743.392 JLINK_IsHalted()
T1E68 311:744.160 - 0.763ms returns FALSE
T1E68 311:744.192 JLINK_IsHalted()
T1E68 311:744.800 - 0.591ms returns FALSE
T1E68 311:852.224 JLINK_IsHalted()
T1E68 311:852.832 - 0.601ms returns FALSE
T1E68 311:852.864 JLINK_IsHalted()
T1E68 311:853.376 - 0.528ms returns FALSE
T1E68 311:961.984 JLINK_IsHalted()
T1E68 311:962.688 - 0.697ms returns FALSE
T1E68 311:962.720 JLINK_IsHalted()
T1E68 311:963.328 - 0.597ms returns FALSE
T1E68 312:071.648 JLINK_IsHalted()
T1E68 312:072.320 - 0.656ms returns FALSE
T1E68 312:072.352 JLINK_IsHalted()
T1E68 312:072.960 - 0.593ms returns FALSE
T1E68 312:180.544 JLINK_IsHalted()
T1E68 312:181.184 - 0.627ms returns FALSE
T1E68 312:181.216 JLINK_IsHalted()
T1E68 312:181.760 - 0.520ms returns FALSE
T1E68 312:290.240 JLINK_IsHalted()
T1E68 312:290.848 - 0.593ms returns FALSE
T1E68 312:290.880 JLINK_IsHalted()
T1E68 312:291.392 - 0.542ms returns FALSE
T1E68 312:399.968 JLINK_IsHalted()
T1E68 312:401.088 - 1.099ms returns FALSE
T1E68 312:401.152 JLINK_IsHalted()
T1E68 312:401.696 - 0.560ms returns FALSE
T0658 312:422.080 JLINK_IsHalted()
T0658 312:422.720 - 0.634ms returns FALSE
T0658 312:422.752 JLINK_IsHalted()
T0658 312:423.328 - 0.565ms returns FALSE
T1E68 312:509.056 JLINK_IsHalted()
T1E68 312:509.696 - 0.636ms returns FALSE
T1E68 312:509.760 JLINK_IsHalted()
T1E68 312:510.272 - 0.551ms returns FALSE
T1E68 312:618.240 JLINK_IsHalted()
T1E68 312:618.848 - 0.605ms returns FALSE
T1E68 312:618.880 JLINK_IsHalted()
T1E68 312:619.424 - 0.528ms returns FALSE
T1E68 312:727.616 JLINK_IsHalted()
T1E68 312:728.224 - 0.612ms returns FALSE
T1E68 312:728.352 JLINK_IsHalted()
T1E68 312:728.896 - 0.565ms returns FALSE
T1E68 312:837.216 JLINK_IsHalted()
T1E68 312:837.824 - 0.606ms returns FALSE
T1E68 312:837.856 JLINK_IsHalted()
T1E68 312:838.400 - 0.520ms returns FALSE
T1E68 312:946.336 JLINK_IsHalted()
T1E68 312:946.944 - 0.617ms returns FALSE
T1E68 312:946.976 JLINK_IsHalted()
T1E68 312:947.520 - 0.549ms returns FALSE
T1E68 313:056.096 JLINK_IsHalted()
T1E68 313:056.768 - 0.668ms returns FALSE
T1E68 313:056.832 JLINK_IsHalted()
T1E68 313:057.440 - 0.614ms returns FALSE
T1E68 313:164.800 JLINK_IsHalted()
T1E68 313:165.376 - 0.576ms returns FALSE
T1E68 313:165.376 JLINK_IsHalted()
T1E68 313:165.984 - 0.576ms returns FALSE
T1E68 313:274.304 JLINK_IsHalted()
T1E68 313:274.912 - 0.605ms returns FALSE
T1E68 313:274.944 JLINK_IsHalted()
T1E68 313:275.456 - 0.523ms returns FALSE
T1E68 313:383.936 JLINK_IsHalted()
T1E68 313:384.672 - 0.746ms returns FALSE
T1E68 313:384.736 JLINK_IsHalted()
T1E68 313:385.312 - 0.603ms returns FALSE
T0658 313:424.064 JLINK_IsHalted()
T0658 313:424.768 - 0.703ms returns FALSE
T0658 313:424.800 JLINK_IsHalted()
T0658 313:425.408 - 0.593ms returns FALSE
T1E68 313:493.632 JLINK_IsHalted()
T1E68 313:494.240 - 0.608ms returns FALSE
T1E68 313:494.272 JLINK_IsHalted()
T1E68 313:494.816 - 0.545ms returns FALSE
T1E68 313:602.400 JLINK_IsHalted()
T1E68 313:603.168 - 0.748ms returns FALSE
T1E68 313:603.232 JLINK_IsHalted()
T1E68 313:603.904 - 0.668ms returns FALSE
T1E68 313:712.160 JLINK_IsHalted()
T1E68 313:712.800 - 0.637ms returns FALSE
T1E68 313:712.832 JLINK_IsHalted()
T1E68 313:713.376 - 0.561ms returns FALSE
T1E68 313:821.632 JLINK_IsHalted()
T1E68 313:822.272 - 0.635ms returns FALSE
T1E68 313:822.272 JLINK_IsHalted()
T1E68 313:822.848 - 0.552ms returns FALSE
T1E68 313:930.304 JLINK_IsHalted()
T1E68 313:930.912 - 0.622ms returns FALSE
T1E68 313:930.944 JLINK_IsHalted()
T1E68 313:931.520 - 0.574ms returns FALSE
T1E68 314:040.288 JLINK_IsHalted()
T1E68 314:041.024 - 0.721ms returns FALSE
T1E68 314:041.056 JLINK_IsHalted()
T1E68 314:041.696 - 0.634ms returns FALSE
T1E68 314:149.504 JLINK_IsHalted()
T1E68 314:150.112 - 0.612ms returns FALSE
T1E68 314:150.144 JLINK_IsHalted()
T1E68 314:150.688 - 0.553ms returns FALSE
T1E68 314:259.168 JLINK_IsHalted()
T1E68 314:259.936 - 0.764ms returns FALSE
T1E68 314:260.000 JLINK_IsHalted()
T1E68 314:260.672 - 0.681ms returns FALSE
T1E68 314:368.288 JLINK_IsHalted()
T1E68 314:368.928 - 0.644ms returns FALSE
T1E68 314:368.960 JLINK_IsHalted()
T1E68 314:369.472 - 0.538ms returns FALSE
T0658 314:425.344 JLINK_IsHalted()
T0658 314:425.952 - 0.603ms returns FALSE
T0658 314:425.984 JLINK_IsHalted()
T0658 314:426.560 - 0.557ms returns FALSE
T1E68 314:476.992 JLINK_IsHalted()
T1E68 314:477.664 - 0.658ms returns FALSE
T1E68 314:477.696 JLINK_IsHalted()
T1E68 314:478.240 - 0.540ms returns FALSE
T1E68 314:587.040 JLINK_IsHalted()
T1E68 314:587.680 - 0.647ms returns FALSE
T1E68 314:587.712 JLINK_IsHalted()
T1E68 314:588.320 - 0.591ms returns FALSE
T1E68 314:696.736 JLINK_IsHalted()
T1E68 314:697.408 - 0.691ms returns FALSE
T1E68 314:697.440 JLINK_IsHalted()
T1E68 314:698.048 - 0.604ms returns FALSE
T1E68 314:805.568 JLINK_IsHalted()
T1E68 314:806.304 - 0.709ms returns FALSE
T1E68 314:806.336 JLINK_IsHalted()
T1E68 314:806.976 - 0.618ms returns FALSE
T1E68 314:915.296 JLINK_IsHalted()
T1E68 314:915.936 - 0.655ms returns FALSE
T1E68 314:916.000 JLINK_IsHalted()
T1E68 314:916.544 - 0.573ms returns FALSE
T1E68 315:024.000 JLINK_IsHalted()
T1E68 315:024.672 - 0.654ms returns FALSE
T1E68 315:024.704 JLINK_IsHalted()
T1E68 315:025.248 - 0.572ms returns FALSE
T1E68 315:133.888 JLINK_IsHalted()
T1E68 315:134.624 - 0.721ms returns FALSE
T1E68 315:134.656 JLINK_IsHalted()
T1E68 315:135.232 - 0.590ms returns FALSE
T1E68 315:243.200 JLINK_IsHalted()
T1E68 315:243.808 - 0.612ms returns FALSE
T1E68 315:243.840 JLINK_IsHalted()
T1E68 315:244.416 - 0.578ms returns FALSE
T1E68 315:352.544 JLINK_IsHalted()
T1E68 315:353.280 - 0.749ms returns FALSE
T1E68 315:353.344 JLINK_IsHalted()
T1E68 315:353.920 - 0.601ms returns FALSE
T0658 315:426.720 JLINK_IsHalted()
T0658 315:427.328 - 0.621ms returns FALSE
T0658 315:427.360 JLINK_IsHalted()
T0658 315:427.936 - 0.584ms returns FALSE
T1E68 315:461.472 JLINK_IsHalted()
T1E68 315:462.112 - 0.655ms returns FALSE
T1E68 315:462.144 JLINK_IsHalted()
T1E68 315:462.720 - 0.569ms returns FALSE
T1E68 315:571.200 JLINK_IsHalted()
T1E68 315:571.904 - 0.692ms returns FALSE
T1E68 315:571.904 JLINK_IsHalted()
T1E68 315:572.448 - 0.553ms returns FALSE
T1E68 315:681.056 JLINK_IsHalted()
T1E68 315:681.728 - 0.684ms returns FALSE
T1E68 315:681.760 JLINK_IsHalted()
T1E68 315:682.304 - 0.549ms returns FALSE
T1E68 315:790.336 JLINK_IsHalted()
T1E68 315:791.008 - 0.668ms returns FALSE
T1E68 315:791.040 JLINK_IsHalted()
T1E68 315:791.680 - 0.622ms returns FALSE
T1E68 315:899.072 JLINK_IsHalted()
T1E68 315:899.712 - 0.670ms returns FALSE
T1E68 315:899.744 JLINK_IsHalted()
T1E68 315:900.352 - 0.586ms returns FALSE
T1E68 316:008.416 JLINK_IsHalted()
T1E68 316:009.088 - 0.668ms returns FALSE
T1E68 316:009.152 JLINK_IsHalted()
T1E68 316:009.792 - 0.654ms returns FALSE
T1E68 316:118.240 JLINK_IsHalted()
T1E68 316:118.912 - 0.665ms returns FALSE
T1E68 316:118.976 JLINK_IsHalted()
T1E68 316:119.552 - 0.591ms returns FALSE
T1E68 316:227.904 JLINK_IsHalted()
T1E68 316:228.544 - 0.622ms returns FALSE
T1E68 316:228.576 JLINK_IsHalted()
T1E68 316:229.120 - 0.549ms returns FALSE
T1E68 316:336.704 JLINK_IsHalted()
T1E68 316:337.344 - 0.683ms returns FALSE
T1E68 316:337.408 JLINK_IsHalted()
T1E68 316:338.016 - 0.618ms returns FALSE
T0658 316:427.680 JLINK_IsHalted()
T0658 316:428.320 - 0.641ms returns FALSE
T0658 316:428.352 JLINK_IsHalted()
T0658 316:428.864 - 0.535ms returns FALSE
T1E68 316:445.920 JLINK_IsHalted()
T1E68 316:446.528 - 0.617ms returns FALSE
T1E68 316:446.560 JLINK_IsHalted()
T1E68 316:447.136 - 0.549ms returns FALSE
T1E68 316:555.456 JLINK_IsHalted()
T1E68 316:556.192 - 0.720ms returns FALSE
T1E68 316:556.224 JLINK_IsHalted()
T1E68 316:556.768 - 0.546ms returns FALSE
T1E68 316:665.504 JLINK_IsHalted()
T1E68 316:666.240 - 0.744ms returns FALSE
T1E68 316:666.272 JLINK_IsHalted()
T1E68 316:666.880 - 0.591ms returns FALSE
T1E68 316:774.208 JLINK_IsHalted()
T1E68 316:774.880 - 0.665ms returns FALSE
T1E68 316:774.912 JLINK_IsHalted()
T1E68 316:775.488 - 0.564ms returns FALSE
T1E68 316:884.096 JLINK_IsHalted()
T1E68 316:884.800 - 0.681ms returns FALSE
T1E68 316:884.832 JLINK_IsHalted()
T1E68 316:885.440 - 0.614ms returns FALSE
T1E68 316:992.800 JLINK_IsHalted()
T1E68 316:993.472 - 0.688ms returns FALSE
T1E68 316:993.536 JLINK_IsHalted()
T1E68 316:994.176 - 0.639ms returns FALSE
T1E68 317:102.688 JLINK_IsHalted()
T1E68 317:103.456 - 0.756ms returns FALSE
T1E68 317:103.488 JLINK_IsHalted()
T1E68 317:104.096 - 0.597ms returns FALSE
T1E68 317:211.712 JLINK_IsHalted()
T1E68 317:212.352 - 0.667ms returns FALSE
T1E68 317:212.416 JLINK_IsHalted()
T1E68 317:212.992 - 0.597ms returns FALSE
T1E68 317:321.664 JLINK_IsHalted()
T1E68 317:322.400 - 0.736ms returns FALSE
T1E68 317:322.432 JLINK_IsHalted()
T1E68 317:323.072 - 0.645ms returns FALSE
T0658 317:429.536 JLINK_IsHalted()
T0658 317:430.272 - 0.741ms returns FALSE
T0658 317:430.336 JLINK_IsHalted()
T0658 317:430.976 - 0.628ms returns FALSE
T1E68 317:431.040 JLINK_IsHalted()
T1E68 317:431.680 - 0.623ms returns FALSE
T1E68 317:431.744 JLINK_IsHalted()
T1E68 317:432.256 - 0.549ms returns FALSE
T1E68 317:540.032 JLINK_IsHalted()
T1E68 317:540.704 - 0.682ms returns FALSE
T1E68 317:540.768 JLINK_IsHalted()
T1E68 317:541.344 - 0.592ms returns FALSE
T1E68 317:649.728 JLINK_IsHalted()
T1E68 317:650.432 - 0.685ms returns FALSE
T1E68 317:650.496 JLINK_IsHalted()
T1E68 317:651.104 - 0.631ms returns FALSE
T1E68 317:758.528 JLINK_IsHalted()
T1E68 317:759.232 - 0.686ms returns FALSE
T1E68 317:759.296 JLINK_IsHalted()
T1E68 317:759.936 - 0.627ms returns FALSE
T1E68 317:868.256 JLINK_IsHalted()
T1E68 317:869.056 - 0.787ms returns FALSE
T1E68 317:869.120 JLINK_IsHalted()
T1E68 317:869.760 - 0.642ms returns FALSE
T1E68 317:977.280 JLINK_IsHalted()
T1E68 317:977.984 - 0.692ms returns FALSE
T1E68 317:978.048 JLINK_IsHalted()
T1E68 317:978.688 - 0.648ms returns FALSE
T1E68 318:086.688 JLINK_IsHalted()
T1E68 318:087.360 - 0.681ms returns FALSE
T1E68 318:087.424 JLINK_IsHalted()
T1E68 318:088.064 - 0.639ms returns FALSE
T1E68 318:196.544 JLINK_IsHalted()
T1E68 318:197.248 - 0.722ms returns FALSE
T1E68 318:197.312 JLINK_IsHalted()
T1E68 318:197.888 - 0.592ms returns FALSE
T1E68 318:305.600 JLINK_IsHalted()
T1E68 318:306.336 - 0.715ms returns FALSE
T1E68 318:306.368 JLINK_IsHalted()
T1E68 318:307.008 - 0.616ms returns FALSE
T1E68 318:415.296 JLINK_IsHalted()
T1E68 318:415.904 - 0.581ms returns FALSE
T1E68 318:415.936 JLINK_IsHalted()
T1E68 318:416.448 - 0.524ms returns FALSE
T0658 318:431.456 JLINK_IsHalted()
T0658 318:432.128 - 0.653ms returns FALSE
T0658 318:432.160 JLINK_IsHalted()
T0658 318:432.768 - 0.611ms returns FALSE
T1E68 318:524.192 JLINK_IsHalted()
T1E68 318:524.864 - 0.689ms returns FALSE
T1E68 318:524.896 JLINK_IsHalted()
T1E68 318:525.600 - 0.689ms returns FALSE
T1E68 318:633.856 JLINK_IsHalted()
T1E68 318:634.528 - 0.647ms returns FALSE
T1E68 318:634.560 JLINK_IsHalted()
T1E68 318:635.104 - 0.570ms returns FALSE
T1E68 318:742.624 JLINK_IsHalted()
T1E68 318:743.360 - 0.704ms returns FALSE
T1E68 318:743.392 JLINK_IsHalted()
T1E68 318:744.000 - 0.595ms returns FALSE
T1E68 318:852.352 JLINK_IsHalted()
T1E68 318:852.992 - 0.624ms returns FALSE
T1E68 318:853.024 JLINK_IsHalted()
T1E68 318:853.632 - 0.610ms returns FALSE
T1E68 318:962.272 JLINK_IsHalted()
T1E68 318:963.008 - 0.716ms returns FALSE
T1E68 318:963.008 JLINK_IsHalted()
T1E68 318:963.648 - 0.630ms returns FALSE
T1E68 319:071.104 JLINK_IsHalted()
T1E68 319:071.808 - 0.695ms returns FALSE
T1E68 319:071.840 JLINK_IsHalted()
T1E68 319:072.480 - 0.646ms returns FALSE
T1E68 319:180.960 JLINK_IsHalted()
T1E68 319:181.664 - 0.715ms returns FALSE
T1E68 319:181.696 JLINK_IsHalted()
T1E68 319:182.336 - 0.630ms returns FALSE
T1E68 319:289.888 JLINK_IsHalted()
T1E68 319:318.560 - 28.676ms returns FALSE
T1E68 319:318.624 JLINK_IsHalted()
T1E68 319:319.232 - 0.635ms returns FALSE
T1E68 319:415.296 JLINK_IsHalted()
T1E68 319:416.032 - 0.737ms returns FALSE
T1E68 319:416.096 JLINK_IsHalted()
T1E68 319:416.672 - 0.592ms returns FALSE
T0658 319:432.576 JLINK_IsHalted()
T0658 319:433.280 - 0.672ms returns FALSE
T0658 319:433.280 JLINK_IsHalted()
T0658 319:433.920 - 0.633ms returns FALSE
T1E68 319:524.160 JLINK_IsHalted()
T1E68 319:524.896 - 0.695ms returns FALSE
T1E68 319:524.928 JLINK_IsHalted()
T1E68 319:525.600 - 0.692ms returns FALSE
T1E68 319:633.856 JLINK_IsHalted()
T1E68 319:634.496 - 0.636ms returns FALSE
T1E68 319:634.496 JLINK_IsHalted()
T1E68 319:635.104 - 0.577ms returns FALSE
T1E68 319:743.552 JLINK_IsHalted()
T1E68 319:744.128 - 0.602ms returns FALSE
T1E68 319:744.160 JLINK_IsHalted()
T1E68 319:744.704 - 0.540ms returns FALSE
T1E68 319:852.416 JLINK_IsHalted()
T1E68 319:853.056 - 0.656ms returns FALSE
T1E68 319:853.120 JLINK_IsHalted()
T1E68 319:853.696 - 0.594ms returns FALSE
T1E68 319:962.048 JLINK_IsHalted()
T1E68 319:962.656 - 0.590ms returns FALSE
T1E68 319:962.688 JLINK_IsHalted()
T1E68 319:963.200 - 0.535ms returns FALSE
T1E68 320:070.880 JLINK_IsHalted()
T1E68 320:071.616 - 0.726ms returns FALSE
T1E68 320:071.648 JLINK_IsHalted()
T1E68 320:072.288 - 0.648ms returns FALSE
T1E68 320:180.672 JLINK_IsHalted()
T1E68 320:181.344 - 0.698ms returns FALSE
T1E68 320:181.408 JLINK_IsHalted()
T1E68 320:182.016 - 0.627ms returns FALSE
T1E68 320:290.368 JLINK_IsHalted()
T1E68 320:291.040 - 0.707ms returns FALSE
T1E68 320:291.104 JLINK_IsHalted()
T1E68 320:291.744 - 0.630ms returns FALSE
T1E68 320:399.168 JLINK_IsHalted()
T1E68 320:399.872 - 0.692ms returns FALSE
T1E68 320:399.936 JLINK_IsHalted()
T1E68 320:400.544 - 0.622ms returns FALSE
T0658 320:435.264 JLINK_IsHalted()
T0658 320:436.096 - 0.824ms returns FALSE
T0658 320:436.160 JLINK_IsHalted()
T0658 320:436.800 - 0.629ms returns FALSE
T1E68 320:508.992 JLINK_IsHalted()
T1E68 320:509.664 - 0.656ms returns FALSE
T1E68 320:509.728 JLINK_IsHalted()
T1E68 320:510.304 - 0.594ms returns FALSE
T1E68 320:617.920 JLINK_IsHalted()
T1E68 320:677.600 - 59.690ms returns FALSE
T1E68 320:677.632 JLINK_IsHalted()
T1E68 320:678.240 - 0.610ms returns FALSE
T1E68 320:774.912 JLINK_IsHalted()
T1E68 320:775.584 - 0.669ms returns FALSE
T1E68 320:775.616 JLINK_IsHalted()
T1E68 320:776.256 - 0.635ms returns FALSE
T1E68 320:883.808 JLINK_IsHalted()
T1E68 320:884.416 - 0.595ms returns FALSE
T1E68 320:884.416 JLINK_IsHalted()
T1E68 320:884.992 - 0.551ms returns FALSE
T1E68 320:993.312 JLINK_IsHalted()
T1E68 320:993.952 - 0.628ms returns FALSE
T1E68 320:993.984 JLINK_IsHalted()
T1E68 320:994.496 - 0.545ms returns FALSE
T1E68 321:102.240 JLINK_IsHalted()
T1E68 321:102.912 - 0.662ms returns FALSE
T1E68 321:102.944 JLINK_IsHalted()
T1E68 321:103.520 - 0.555ms returns FALSE
T1E68 321:212.192 JLINK_IsHalted()
T1E68 321:212.896 - 0.721ms returns FALSE
T1E68 321:212.928 JLINK_IsHalted()
T1E68 321:213.536 - 0.605ms returns FALSE
T1E68 321:320.960 JLINK_IsHalted()
T1E68 321:321.664 - 0.696ms returns FALSE
T1E68 321:321.696 JLINK_IsHalted()
T1E68 321:322.368 - 0.659ms returns FALSE
T1E68 321:430.688 JLINK_IsHalted()
T1E68 321:431.360 - 0.687ms returns FALSE
T1E68 321:431.424 JLINK_IsHalted()
T1E68 321:432.032 - 0.623ms returns FALSE
T0658 321:437.824 JLINK_IsHalted()
T0658 321:438.496 - 0.662ms returns FALSE
T0658 321:438.528 JLINK_IsHalted()
T0658 321:439.136 - 0.607ms returns FALSE
T1E68 321:539.552 JLINK_IsHalted()
T1E68 321:540.288 - 0.725ms returns FALSE
T1E68 321:540.320 JLINK_IsHalted()
T1E68 321:540.960 - 0.630ms returns FALSE
T1E68 321:649.280 JLINK_IsHalted()
T1E68 321:649.984 - 0.705ms returns FALSE
T1E68 321:650.016 JLINK_IsHalted()
T1E68 321:650.688 - 0.651ms returns FALSE
T1E68 321:758.976 JLINK_IsHalted()
T1E68 321:759.680 - 0.694ms returns FALSE
T1E68 321:759.712 JLINK_IsHalted()
T1E68 321:760.320 - 0.623ms returns FALSE
T1E68 321:867.712 JLINK_IsHalted()
T1E68 321:868.352 - 0.635ms returns FALSE
T1E68 321:868.384 JLINK_IsHalted()
T1E68 321:868.992 - 0.588ms returns FALSE
T1E68 321:976.960 JLINK_IsHalted()
T1E68 321:977.664 - 0.717ms returns FALSE
T1E68 321:977.728 JLINK_IsHalted()
T1E68 321:978.304 - 0.599ms returns FALSE
T1E68 322:087.200 JLINK_IsHalted()
T1E68 322:087.872 - 0.696ms returns FALSE
T1E68 322:087.936 JLINK_IsHalted()
T1E68 322:088.512 - 0.592ms returns FALSE
T1E68 322:195.776 JLINK_IsHalted()
T1E68 322:196.384 - 0.602ms returns FALSE
T1E68 322:196.416 JLINK_IsHalted()
T1E68 322:196.928 - 0.544ms returns FALSE
T1E68 322:305.472 JLINK_IsHalted()
T1E68 322:306.112 - 0.645ms returns FALSE
T1E68 322:306.144 JLINK_IsHalted()
T1E68 322:306.752 - 0.587ms returns FALSE
T1E68 322:415.264 JLINK_IsHalted()
T1E68 322:415.936 - 0.660ms returns FALSE
T1E68 322:415.968 JLINK_IsHalted()
T1E68 322:416.512 - 0.542ms returns FALSE
T0658 322:439.360 JLINK_IsHalted()
T0658 322:439.968 - 0.620ms returns FALSE
T0658 322:440.000 JLINK_IsHalted()
T0658 322:440.544 - 0.547ms returns FALSE
T1E68 322:524.000 JLINK_IsHalted()
T1E68 322:524.704 - 0.687ms returns FALSE
T1E68 322:524.736 JLINK_IsHalted()
T1E68 322:525.376 - 0.615ms returns FALSE
T1E68 322:633.920 JLINK_IsHalted()
T1E68 322:634.560 - 0.636ms returns FALSE
T1E68 322:634.560 JLINK_IsHalted()
T1E68 322:635.200 - 0.605ms returns FALSE
T1E68 322:742.752 JLINK_IsHalted()
T1E68 322:743.424 - 0.664ms returns FALSE
T1E68 322:743.456 JLINK_IsHalted()
T1E68 322:744.032 - 0.590ms returns FALSE
T1E68 322:852.544 JLINK_IsHalted()
T1E68 322:853.248 - 0.703ms returns FALSE
T1E68 322:853.312 JLINK_IsHalted()
T1E68 322:853.920 - 0.620ms returns FALSE
T1E68 322:962.240 JLINK_IsHalted()
T1E68 322:962.880 - 0.663ms returns FALSE
T1E68 322:962.912 JLINK_IsHalted()
T1E68 322:963.488 - 0.567ms returns FALSE
T1E68 323:070.976 JLINK_IsHalted()
T1E68 323:071.680 - 0.703ms returns FALSE
T1E68 323:071.712 JLINK_IsHalted()
T1E68 323:072.320 - 0.603ms returns FALSE
T1E68 323:180.640 JLINK_IsHalted()
T1E68 323:181.280 - 0.641ms returns FALSE
T1E68 323:181.312 JLINK_IsHalted()
T1E68 323:181.888 - 0.577ms returns FALSE
T1E68 323:290.432 JLINK_IsHalted()
T1E68 323:291.136 - 0.696ms returns FALSE
T1E68 323:291.200 JLINK_IsHalted()
T1E68 323:291.840 - 0.632ms returns FALSE
T1E68 323:399.616 JLINK_IsHalted()
T1E68 323:400.320 - 0.703ms returns FALSE
T1E68 323:400.384 JLINK_IsHalted()
T1E68 323:401.024 - 0.653ms returns FALSE
T0658 323:440.640 JLINK_IsHalted()
T0658 323:441.344 - 0.712ms returns FALSE
T0658 323:441.408 JLINK_IsHalted()
T0658 323:442.080 - 0.656ms returns FALSE
T1E68 323:509.184 JLINK_IsHalted()
T1E68 323:509.824 - 0.632ms returns FALSE
T1E68 323:509.856 JLINK_IsHalted()
T1E68 323:510.432 - 0.578ms returns FALSE
T1E68 323:617.888 JLINK_IsHalted()
T1E68 323:618.528 - 0.632ms returns FALSE
T1E68 323:618.592 JLINK_IsHalted()
T1E68 323:619.200 - 0.596ms returns FALSE
T1E68 323:727.776 JLINK_IsHalted()
T1E68 323:728.448 - 0.695ms returns FALSE
T1E68 323:728.512 JLINK_IsHalted()
T1E68 323:729.152 - 0.624ms returns FALSE
T1E68 323:836.512 JLINK_IsHalted()
T1E68 323:837.280 - 0.756ms returns FALSE
T1E68 323:837.312 JLINK_IsHalted()
T1E68 323:837.920 - 0.607ms returns FALSE
T1E68 323:946.432 JLINK_IsHalted()
T1E68 323:947.200 - 0.761ms returns FALSE
T1E68 323:947.232 JLINK_IsHalted()
T1E68 323:947.904 - 0.679ms returns FALSE
T1E68 324:055.232 JLINK_IsHalted()
T1E68 324:055.968 - 0.715ms returns FALSE
T1E68 324:056.000 JLINK_IsHalted()
T1E68 324:056.672 - 0.681ms returns FALSE
T1E68 324:164.928 JLINK_IsHalted()
T1E68 324:165.568 - 0.641ms returns FALSE
T1E68 324:165.600 JLINK_IsHalted()
T1E68 324:166.208 - 0.608ms returns FALSE
T1E68 324:274.688 JLINK_IsHalted()
T1E68 324:275.392 - 0.675ms returns FALSE
T1E68 324:275.392 JLINK_IsHalted()
T1E68 324:276.128 - 0.696ms returns FALSE
T1E68 324:383.488 JLINK_IsHalted()
T1E68 324:384.224 - 0.729ms returns FALSE
T1E68 324:384.256 JLINK_IsHalted()
T1E68 324:384.800 - 0.549ms returns FALSE
T0658 324:442.656 JLINK_IsHalted()
T0658 324:443.456 - 0.813ms returns FALSE
T0658 324:443.520 JLINK_IsHalted()
T0658 324:444.256 - 0.737ms returns FALSE
T1E68 324:493.664 JLINK_IsHalted()
T1E68 324:494.304 - 0.637ms returns FALSE
T1E68 324:494.336 JLINK_IsHalted()
T1E68 324:494.912 - 0.577ms returns FALSE
T1E68 324:602.080 JLINK_IsHalted()
T1E68 324:602.784 - 0.691ms returns FALSE
T1E68 324:602.816 JLINK_IsHalted()
T1E68 324:603.456 - 0.633ms returns FALSE
T1E68 324:711.808 JLINK_IsHalted()
T1E68 324:712.512 - 0.689ms returns FALSE
T1E68 324:712.512 JLINK_IsHalted()
T1E68 324:713.152 - 0.604ms returns FALSE
T1E68 324:821.664 JLINK_IsHalted()
T1E68 324:822.368 - 0.720ms returns FALSE
T1E68 324:822.432 JLINK_IsHalted()
T1E68 324:823.040 - 0.628ms returns FALSE
T1E68 324:930.432 JLINK_IsHalted()
T1E68 324:931.072 - 0.643ms returns FALSE
T1E68 324:931.104 JLINK_IsHalted()
T1E68 324:931.680 - 0.586ms returns FALSE
T1E68 325:040.224 JLINK_IsHalted()
T1E68 325:040.896 - 0.679ms returns FALSE
T1E68 325:040.960 JLINK_IsHalted()
T1E68 325:041.568 - 0.622ms returns FALSE
T1E68 325:149.280 JLINK_IsHalted()
T1E68 325:150.016 - 0.747ms returns FALSE
T1E68 325:150.048 JLINK_IsHalted()
T1E68 325:150.688 - 0.629ms returns FALSE
T1E68 325:258.944 JLINK_IsHalted()
T1E68 325:259.648 - 0.683ms returns FALSE
T1E68 325:259.680 JLINK_IsHalted()
T1E68 325:260.224 - 0.545ms returns FALSE
T1E68 325:367.776 JLINK_IsHalted()
T1E68 325:368.448 - 0.669ms returns FALSE
T1E68 325:368.480 JLINK_IsHalted()
T1E68 325:369.056 - 0.593ms returns FALSE
T0658 325:444.864 JLINK_IsHalted()
T0658 325:445.696 - 0.837ms returns FALSE
T0658 325:445.760 JLINK_IsHalted()
T0658 325:446.464 - 0.700ms returns FALSE
T1E68 325:477.632 JLINK_IsHalted()
T1E68 325:478.336 - 0.678ms returns FALSE
T1E68 325:478.368 JLINK_IsHalted()
T1E68 325:478.976 - 0.626ms returns FALSE
T1E68 325:586.432 JLINK_IsHalted()
T1E68 325:587.072 - 0.639ms returns FALSE
T1E68 325:587.104 JLINK_IsHalted()
T1E68 325:587.680 - 0.597ms returns FALSE
T1E68 325:696.096 JLINK_IsHalted()
T1E68 325:696.800 - 0.698ms returns FALSE
T1E68 325:696.832 JLINK_IsHalted()
T1E68 325:697.472 - 0.628ms returns FALSE
T1E68 325:805.792 JLINK_IsHalted()
T1E68 325:806.528 - 0.733ms returns FALSE
T1E68 325:806.560 JLINK_IsHalted()
T1E68 325:807.232 - 0.670ms returns FALSE
T1E68 325:915.392 JLINK_IsHalted()
T1E68 325:916.064 - 0.662ms returns FALSE
T1E68 325:916.096 JLINK_IsHalted()
T1E68 325:916.672 - 0.589ms returns FALSE
T1E68 326:024.128 JLINK_IsHalted()
T1E68 326:024.768 - 0.628ms returns FALSE
T1E68 326:024.768 JLINK_IsHalted()
T1E68 326:025.376 - 0.588ms returns FALSE
T1E68 326:133.536 JLINK_IsHalted()
T1E68 326:143.552 - 9.993ms returns FALSE
T1E68 326:143.552 JLINK_IsHalted()
T1E68 326:144.160 - 0.589ms returns FALSE
T1E68 326:242.752 JLINK_IsHalted()
T1E68 326:243.424 - 0.664ms returns FALSE
T1E68 326:243.456 JLINK_IsHalted()
T1E68 326:244.032 - 0.585ms returns FALSE
T1E68 326:352.480 JLINK_IsHalted()
T1E68 326:353.248 - 0.754ms returns FALSE
T1E68 326:353.312 JLINK_IsHalted()
T1E68 326:353.856 - 0.552ms returns FALSE
T0658 326:447.584 JLINK_IsHalted()
T0658 326:448.320 - 0.724ms returns FALSE
T0658 326:448.352 JLINK_IsHalted()
T0658 326:448.928 - 0.565ms returns FALSE
T1E68 326:462.336 JLINK_IsHalted()
T1E68 326:462.976 - 0.630ms returns FALSE
T1E68 326:463.008 JLINK_IsHalted()
T1E68 326:463.680 - 0.658ms returns FALSE
T1E68 326:571.200 JLINK_IsHalted()
T1E68 326:571.936 - 0.700ms returns FALSE
T1E68 326:571.968 JLINK_IsHalted()
T1E68 326:572.576 - 0.596ms returns FALSE
T1E68 326:680.960 JLINK_IsHalted()
T1E68 326:681.664 - 0.694ms returns FALSE
T1E68 326:681.664 JLINK_IsHalted()
T1E68 326:682.272 - 0.573ms returns FALSE
T1E68 326:789.760 JLINK_IsHalted()
T1E68 326:790.432 - 0.655ms returns FALSE
T1E68 326:790.464 JLINK_IsHalted()
T1E68 326:791.040 - 0.601ms returns FALSE
T1E68 326:899.424 JLINK_IsHalted()
T1E68 326:900.032 - 0.613ms returns FALSE
T1E68 326:900.064 JLINK_IsHalted()
T1E68 326:900.672 - 0.563ms returns FALSE
T1E68 327:008.320 JLINK_IsHalted()
T1E68 327:008.960 - 0.641ms returns FALSE
T1E68 327:008.960 JLINK_IsHalted()
T1E68 327:009.568 - 0.592ms returns FALSE
T1E68 327:118.016 JLINK_IsHalted()
T1E68 327:118.720 - 0.694ms returns FALSE
T1E68 327:118.784 JLINK_IsHalted()
T1E68 327:119.392 - 0.636ms returns FALSE
T1E68 327:227.808 JLINK_IsHalted()
T1E68 327:228.480 - 0.697ms returns FALSE
T1E68 327:228.544 JLINK_IsHalted()
T1E68 327:229.120 - 0.587ms returns FALSE
T1E68 327:336.544 JLINK_IsHalted()
T1E68 327:337.248 - 0.692ms returns FALSE
T1E68 327:337.280 JLINK_IsHalted()
T1E68 327:337.920 - 0.625ms returns FALSE
T1E68 327:445.952 JLINK_IsHalted()
T1E68 327:496.416 - 50.468ms returns FALSE
T1E68 327:496.480 JLINK_IsHalted()
T1E68 327:497.152 - 0.650ms returns FALSE
T0658 327:497.280 JLINK_IsHalted()
T0658 327:497.920 - 0.657ms returns FALSE
T0658 327:497.984 JLINK_IsHalted()
T0658 327:498.624 - 0.643ms returns FALSE
T1E68 327:602.496 JLINK_IsHalted()
T1E68 327:603.168 - 0.659ms returns FALSE
T1E68 327:603.200 JLINK_IsHalted()
T1E68 327:603.808 - 0.624ms returns FALSE
T1E68 327:712.096 JLINK_IsHalted()
T1E68 327:712.800 - 0.710ms returns FALSE
T1E68 327:712.832 JLINK_IsHalted()
T1E68 327:713.472 - 0.616ms returns FALSE
T1E68 327:821.088 JLINK_IsHalted()
T1E68 327:821.728 - 0.633ms returns FALSE
T1E68 327:821.760 JLINK_IsHalted()
T1E68 327:822.336 - 0.590ms returns FALSE
T1E68 327:931.072 JLINK_IsHalted()
T1E68 327:931.744 - 0.694ms returns FALSE
T1E68 327:931.808 JLINK_IsHalted()
T1E68 327:932.448 - 0.639ms returns FALSE
T1E68 328:039.840 JLINK_IsHalted()
T1E68 328:040.544 - 0.708ms returns FALSE
T1E68 328:040.608 JLINK_IsHalted()
T1E68 328:041.216 - 0.619ms returns FALSE
T1E68 328:149.600 JLINK_IsHalted()
T1E68 328:150.304 - 0.692ms returns FALSE
T1E68 328:150.336 JLINK_IsHalted()
T1E68 328:150.976 - 0.629ms returns FALSE
T1E68 328:258.432 JLINK_IsHalted()
T1E68 328:259.136 - 0.674ms returns FALSE
T1E68 328:259.168 JLINK_IsHalted()
T1E68 328:259.776 - 0.604ms returns FALSE
T1E68 328:368.224 JLINK_IsHalted()
T1E68 328:368.864 - 0.640ms returns FALSE
T1E68 328:368.896 JLINK_IsHalted()
T1E68 328:369.440 - 0.555ms returns FALSE
T1E68 328:477.920 JLINK_IsHalted()
T1E68 328:478.656 - 0.737ms returns FALSE
T1E68 328:478.720 JLINK_IsHalted()
T1E68 328:479.328 - 0.622ms returns FALSE
T0658 328:499.104 JLINK_IsHalted()
T0658 328:499.680 - 0.590ms returns FALSE
T0658 328:499.712 JLINK_IsHalted()
T0658 328:500.288 - 0.554ms returns FALSE
T1E68 328:586.816 JLINK_IsHalted()
T1E68 328:587.488 - 0.678ms returns FALSE
T1E68 328:587.552 JLINK_IsHalted()
T1E68 328:588.160 - 0.621ms returns FALSE
T1E68 328:696.000 JLINK_IsHalted()
T1E68 328:696.736 - 0.731ms returns FALSE
T1E68 328:696.768 JLINK_IsHalted()
T1E68 328:697.376 - 0.601ms returns FALSE
T1E68 328:805.312 JLINK_IsHalted()
T1E68 328:863.392 - 58.076ms returns FALSE
T1E68 328:863.424 JLINK_IsHalted()
T1E68 328:863.936 - 0.530ms returns FALSE
T1E68 328:962.176 JLINK_IsHalted()
T1E68 328:962.880 - 0.692ms returns FALSE
T1E68 328:962.912 JLINK_IsHalted()
T1E68 328:963.520 - 0.601ms returns FALSE
T1E68 329:071.296 JLINK_IsHalted()
T1E68 329:072.000 - 0.673ms returns FALSE
T1E68 329:072.032 JLINK_IsHalted()
T1E68 329:072.672 - 0.637ms returns FALSE
T1E68 329:181.088 JLINK_IsHalted()
T1E68 329:181.760 - 0.655ms returns FALSE
T1E68 329:181.760 JLINK_IsHalted()
T1E68 329:182.368 - 0.576ms returns FALSE
T1E68 329:289.920 JLINK_IsHalted()
T1E68 329:290.656 - 0.740ms returns FALSE
T1E68 329:290.688 JLINK_IsHalted()
T1E68 329:291.328 - 0.611ms returns FALSE
T1E68 329:399.872 JLINK_IsHalted()
T1E68 329:400.512 - 0.678ms returns FALSE
T1E68 329:400.576 JLINK_IsHalted()
T1E68 329:401.248 - 0.674ms returns FALSE
T0658 329:500.864 JLINK_IsHalted()
T0658 329:501.600 - 0.714ms returns FALSE
T0658 329:501.632 JLINK_IsHalted()
T0658 329:502.272 - 0.627ms returns FALSE
T1E68 329:508.736 JLINK_IsHalted()
T1E68 329:509.312 - 0.574ms returns FALSE
T1E68 329:509.344 JLINK_IsHalted()
T1E68 329:509.952 - 0.594ms returns FALSE
T1E68 329:618.496 JLINK_IsHalted()
T1E68 329:619.200 - 0.679ms returns FALSE
T1E68 329:619.232 JLINK_IsHalted()
T1E68 329:619.776 - 0.538ms returns FALSE
T1E68 329:727.424 JLINK_IsHalted()
T1E68 329:728.128 - 0.677ms returns FALSE
T1E68 329:728.160 JLINK_IsHalted()
T1E68 329:728.736 - 0.594ms returns FALSE
T1E68 329:837.312 JLINK_IsHalted()
T1E68 329:838.016 - 0.681ms returns FALSE
T1E68 329:838.048 JLINK_IsHalted()
T1E68 329:838.656 - 0.625ms returns FALSE
T1E68 329:946.144 JLINK_IsHalted()
T1E68 329:946.816 - 0.686ms returns FALSE
T1E68 329:946.848 JLINK_IsHalted()
T1E68 329:947.456 - 0.599ms returns FALSE
T1E68 330:055.296 JLINK_IsHalted()
T1E68 330:056.000 - 0.698ms returns FALSE
T1E68 330:056.032 JLINK_IsHalted()
T1E68 330:056.704 - 0.652ms returns FALSE
T1E68 330:164.992 JLINK_IsHalted()
T1E68 330:165.664 - 0.669ms returns FALSE
T1E68 330:165.696 JLINK_IsHalted()
T1E68 330:166.304 - 0.595ms returns FALSE
T1E68 330:274.112 JLINK_IsHalted()
T1E68 330:274.720 - 0.616ms returns FALSE
T1E68 330:274.752 JLINK_IsHalted()
T1E68 330:275.264 - 0.541ms returns FALSE
T1E68 330:383.296 JLINK_IsHalted()
T1E68 330:384.032 - 0.711ms returns FALSE
T1E68 330:384.064 JLINK_IsHalted()
T1E68 330:384.704 - 0.626ms returns FALSE
T1E68 330:493.120 JLINK_IsHalted()
T1E68 330:493.856 - 0.721ms returns FALSE
T1E68 330:493.888 JLINK_IsHalted()
T1E68 330:494.528 - 0.612ms returns FALSE
T0658 330:502.464 JLINK_IsHalted()
T0658 330:503.072 - 0.613ms returns FALSE
T0658 330:503.104 JLINK_IsHalted()
T0658 330:503.712 - 0.599ms returns FALSE
T1E68 330:602.944 JLINK_IsHalted()
T1E68 330:603.520 - 0.578ms returns FALSE
T1E68 330:603.552 JLINK_IsHalted()
T1E68 330:604.096 - 0.544ms returns FALSE
T1E68 330:711.744 JLINK_IsHalted()
T1E68 330:712.384 - 0.642ms returns FALSE
T1E68 330:712.448 JLINK_IsHalted()
T1E68 330:713.184 - 0.749ms returns FALSE
T1E68 330:821.440 JLINK_IsHalted()
T1E68 330:822.144 - 0.682ms returns FALSE
T1E68 330:822.208 JLINK_IsHalted()
T1E68 330:822.816 - 0.630ms returns FALSE
T1E68 330:930.304 JLINK_IsHalted()
T1E68 330:931.040 - 0.735ms returns FALSE
T1E68 330:931.072 JLINK_IsHalted()
T1E68 330:931.680 - 0.607ms returns FALSE
T1E68 331:039.808 JLINK_IsHalted()
T1E68 331:040.512 - 0.715ms returns FALSE
T1E68 331:040.576 JLINK_IsHalted()
T1E68 331:041.248 - 0.671ms returns FALSE
T1E68 331:149.248 JLINK_IsHalted()
T1E68 331:149.856 - 0.614ms returns FALSE
T1E68 331:149.888 JLINK_IsHalted()
T1E68 331:150.432 - 0.554ms returns FALSE
T1E68 331:258.912 JLINK_IsHalted()
T1E68 331:259.520 - 0.607ms returns FALSE
T1E68 331:259.552 JLINK_IsHalted()
T1E68 331:260.096 - 0.544ms returns FALSE
T1E68 331:367.776 JLINK_IsHalted()
T1E68 331:368.480 - 0.672ms returns FALSE
T1E68 331:368.512 JLINK_IsHalted()
T1E68 331:369.088 - 0.591ms returns FALSE
T1E68 331:477.696 JLINK_IsHalted()
T1E68 331:478.400 - 0.694ms returns FALSE
T1E68 331:478.432 JLINK_IsHalted()
T1E68 331:479.008 - 0.596ms returns FALSE
T0658 331:503.744 JLINK_IsHalted()
T0658 331:504.480 - 0.735ms returns FALSE
T0658 331:504.544 JLINK_IsHalted()
T0658 331:505.152 - 0.614ms returns FALSE
T1E68 331:586.976 JLINK_IsHalted()
T1E68 331:587.648 - 0.691ms returns FALSE
T1E68 331:587.680 JLINK_IsHalted()
T1E68 331:588.288 - 0.612ms returns FALSE
T1E68 331:696.672 JLINK_IsHalted()
T1E68 331:697.344 - 0.662ms returns FALSE
T1E68 331:697.376 JLINK_IsHalted()
T1E68 331:697.984 - 0.629ms returns FALSE
T1E68 331:805.728 JLINK_IsHalted()
T1E68 331:806.400 - 0.680ms returns FALSE
T1E68 331:806.432 JLINK_IsHalted()
T1E68 331:807.040 - 0.619ms returns FALSE
T1E68 331:915.456 JLINK_IsHalted()
T1E68 331:916.128 - 0.694ms returns FALSE
T1E68 331:916.192 JLINK_IsHalted()
T1E68 331:916.800 - 0.593ms returns FALSE
T1E68 332:024.320 JLINK_IsHalted()
T1E68 332:024.992 - 0.665ms returns FALSE
T1E68 332:025.024 JLINK_IsHalted()
T1E68 332:025.632 - 0.623ms returns FALSE
T1E68 332:134.080 JLINK_IsHalted()
T1E68 332:134.656 - 0.593ms returns FALSE
T1E68 332:134.688 JLINK_IsHalted()
T1E68 332:135.232 - 0.523ms returns FALSE
T1E68 332:243.040 JLINK_IsHalted()
T1E68 332:243.776 - 0.703ms returns FALSE
T1E68 332:243.776 JLINK_IsHalted()
T1E68 332:244.416 - 0.633ms returns FALSE
T1E68 332:352.736 JLINK_IsHalted()
T1E68 332:353.376 - 0.652ms returns FALSE
T1E68 332:353.408 JLINK_IsHalted()
T1E68 332:353.984 - 0.587ms returns FALSE
T1E68 332:461.728 JLINK_IsHalted()
T1E68 332:462.400 - 0.686ms returns FALSE
T1E68 332:462.464 JLINK_IsHalted()
T1E68 332:463.040 - 0.596ms returns FALSE
T0658 332:505.792 JLINK_IsHalted()
T0658 332:506.432 - 0.685ms returns FALSE
T0658 332:506.528 JLINK_IsHalted()
T0658 332:507.168 - 0.643ms returns FALSE
T1E68 332:571.424 JLINK_IsHalted()
T1E68 332:572.128 - 0.697ms returns FALSE
T1E68 332:572.160 JLINK_IsHalted()
T1E68 332:572.800 - 0.633ms returns FALSE
T1E68 332:680.352 JLINK_IsHalted()
T1E68 332:681.024 - 0.686ms returns FALSE
T1E68 332:681.056 JLINK_IsHalted()
T1E68 332:681.664 - 0.575ms returns FALSE
T1E68 332:790.208 JLINK_IsHalted()
T1E68 332:790.848 - 0.631ms returns FALSE
T1E68 332:790.848 JLINK_IsHalted()
T1E68 332:791.424 - 0.566ms returns FALSE
T1E68 332:899.488 JLINK_IsHalted()
T1E68 332:947.520 - 48.048ms returns FALSE
T1E68 332:947.584 JLINK_IsHalted()
T1E68 332:948.224 - 0.649ms returns FALSE
T1E68 333:055.168 JLINK_IsHalted()
T1E68 333:055.808 - 0.621ms returns FALSE
T1E68 333:055.840 JLINK_IsHalted()
T1E68 333:056.384 - 0.553ms returns FALSE
T1E68 333:164.736 JLINK_IsHalted()
T1E68 333:165.440 - 0.697ms returns FALSE
T1E68 333:165.472 JLINK_IsHalted()
T1E68 333:166.048 - 0.576ms returns FALSE
T1E68 333:274.688 JLINK_IsHalted()
T1E68 333:275.360 - 0.691ms returns FALSE
T1E68 333:275.424 JLINK_IsHalted()
T1E68 333:276.096 - 0.652ms returns FALSE
T1E68 333:383.520 JLINK_IsHalted()
T1E68 333:384.256 - 0.702ms returns FALSE
T1E68 333:384.288 JLINK_IsHalted()
T1E68 333:384.896 - 0.634ms returns FALSE
T1E68 333:493.312 JLINK_IsHalted()
T1E68 333:493.952 - 0.646ms returns FALSE
T1E68 333:494.016 JLINK_IsHalted()
T1E68 333:494.592 - 0.582ms returns FALSE
T0658 333:507.520 JLINK_IsHalted()
T0658 333:508.192 - 0.670ms returns FALSE
T0658 333:508.256 JLINK_IsHalted()
T0658 333:508.864 - 0.631ms returns FALSE
T1E68 333:602.240 JLINK_IsHalted()
T1E68 333:602.976 - 0.699ms returns FALSE
T1E68 333:603.008 JLINK_IsHalted()
T1E68 333:603.648 - 0.655ms returns FALSE
T1E68 333:712.064 JLINK_IsHalted()
T1E68 333:712.768 - 0.694ms returns FALSE
T1E68 333:712.800 JLINK_IsHalted()
T1E68 333:713.408 - 0.610ms returns FALSE
T1E68 333:821.696 JLINK_IsHalted()
T1E68 333:822.432 - 0.748ms returns FALSE
T1E68 333:822.496 JLINK_IsHalted()
T1E68 333:823.104 - 0.626ms returns FALSE
T1E68 333:930.432 JLINK_IsHalted()
T1E68 333:931.136 - 0.680ms returns FALSE
T1E68 333:931.200 JLINK_IsHalted()
T1E68 333:931.808 - 0.619ms returns FALSE
T1E68 334:040.416 JLINK_IsHalted()
T1E68 334:041.152 - 0.723ms returns FALSE
T1E68 334:041.184 JLINK_IsHalted()
T1E68 334:041.856 - 0.659ms returns FALSE
T1E68 334:149.664 JLINK_IsHalted()
T1E68 334:150.272 - 0.625ms returns FALSE
T1E68 334:150.304 JLINK_IsHalted()
T1E68 334:150.880 - 0.582ms returns FALSE
T1E68 334:258.784 JLINK_IsHalted()
T1E68 334:305.856 - 47.085ms returns FALSE
T1E68 334:305.920 JLINK_IsHalted()
T1E68 334:306.624 - 0.715ms returns FALSE
T1E68 334:414.976 JLINK_IsHalted()
T1E68 334:415.744 - 0.764ms returns FALSE
T1E68 334:415.776 JLINK_IsHalted()
T1E68 334:416.384 - 0.606ms returns FALSE
T0658 334:509.376 JLINK_IsHalted()
T0658 334:510.016 - 0.654ms returns FALSE
T0658 334:510.080 JLINK_IsHalted()
T0658 334:510.688 - 0.621ms returns FALSE
T1E68 334:524.160 JLINK_IsHalted()
T1E68 334:524.768 - 0.600ms returns FALSE
T1E68 334:524.832 JLINK_IsHalted()
T1E68 334:525.408 - 0.586ms returns FALSE
T1E68 334:634.144 JLINK_IsHalted()
T1E68 334:634.752 - 0.612ms returns FALSE
T1E68 334:634.784 JLINK_IsHalted()
T1E68 334:635.328 - 0.549ms returns FALSE
T1E68 334:743.968 JLINK_IsHalted()
T1E68 334:744.640 - 0.695ms returns FALSE
T1E68 334:744.704 JLINK_IsHalted()
T1E68 334:745.344 - 0.641ms returns FALSE
T1E68 334:851.968 JLINK_IsHalted()
T1E68 334:852.576 - 0.631ms returns FALSE
T1E68 334:852.608 JLINK_IsHalted()
T1E68 334:853.248 - 0.626ms returns FALSE
T1E68 334:961.600 JLINK_IsHalted()
T1E68 334:962.240 - 0.619ms returns FALSE
T1E68 334:962.240 JLINK_IsHalted()
T1E68 334:962.848 - 0.582ms returns FALSE
T1E68 335:071.296 JLINK_IsHalted()
T1E68 335:072.032 - 0.748ms returns FALSE
T1E68 335:072.064 JLINK_IsHalted()
T1E68 335:072.704 - 0.622ms returns FALSE
T1E68 335:180.224 JLINK_IsHalted()
T1E68 335:180.800 - 0.579ms returns FALSE
T1E68 335:180.832 JLINK_IsHalted()
T1E68 335:181.408 - 0.573ms returns FALSE
T1E68 335:289.984 JLINK_IsHalted()
T1E68 335:290.656 - 0.680ms returns FALSE
T1E68 335:290.688 JLINK_IsHalted()
T1E68 335:291.328 - 0.629ms returns FALSE
T1E68 335:399.744 JLINK_IsHalted()
T1E68 335:400.480 - 0.702ms returns FALSE
T1E68 335:400.512 JLINK_IsHalted()
T1E68 335:401.152 - 0.627ms returns FALSE
T1E68 335:508.416 JLINK_IsHalted()
T1E68 335:509.088 - 0.652ms returns FALSE
T1E68 335:509.120 JLINK_IsHalted()
T1E68 335:509.696 - 0.560ms returns FALSE
T0658 335:510.592 JLINK_IsHalted()
T0658 335:511.232 - 0.603ms returns FALSE
T0658 335:511.232 JLINK_IsHalted()
T0658 335:511.840 - 0.594ms returns FALSE
T1E68 335:617.984 JLINK_IsHalted()
T1E68 335:671.616 - 53.616ms returns FALSE
T1E68 335:671.648 JLINK_IsHalted()
T1E68 335:672.320 - 0.642ms returns FALSE
T1E68 335:774.432 JLINK_IsHalted()
T1E68 335:775.136 - 0.689ms returns FALSE
T1E68 335:775.168 JLINK_IsHalted()
T1E68 335:775.776 - 0.590ms returns FALSE
T1E68 335:883.488 JLINK_IsHalted()
T1E68 335:884.224 - 0.760ms returns FALSE
T1E68 335:884.288 JLINK_IsHalted()
T1E68 335:884.864 - 0.597ms returns FALSE
T1E68 335:993.280 JLINK_IsHalted()
T1E68 335:994.048 - 0.726ms returns FALSE
T1E68 335:994.080 JLINK_IsHalted()
T1E68 335:994.752 - 0.674ms returns FALSE
T1E68 336:102.336 JLINK_IsHalted()
T1E68 336:102.976 - 0.654ms returns FALSE
T1E68 336:103.040 JLINK_IsHalted()
T1E68 336:103.616 - 0.601ms returns FALSE
T1E68 336:212.064 JLINK_IsHalted()
T1E68 336:212.768 - 0.682ms returns FALSE
T1E68 336:212.800 JLINK_IsHalted()
T1E68 336:213.344 - 0.567ms returns FALSE
T1E68 336:321.504 JLINK_IsHalted()
T1E68 336:322.112 - 0.603ms returns FALSE
T1E68 336:322.112 JLINK_IsHalted()
T1E68 336:322.688 - 0.556ms returns FALSE
T1E68 336:430.272 JLINK_IsHalted()
T1E68 336:430.944 - 0.653ms returns FALSE
T1E68 336:430.976 JLINK_IsHalted()
T1E68 336:431.552 - 0.585ms returns FALSE
T0658 336:513.280 JLINK_IsHalted()
T0658 336:514.016 - 0.736ms returns FALSE
T0658 336:514.080 JLINK_IsHalted()
T0658 336:514.656 - 0.598ms returns FALSE
T1E68 336:539.968 JLINK_IsHalted()
T1E68 336:540.672 - 0.697ms returns FALSE
T1E68 336:540.736 JLINK_IsHalted()
T1E68 336:541.344 - 0.617ms returns FALSE
T1E68 336:648.960 JLINK_IsHalted()
T1E68 336:649.664 - 0.707ms returns FALSE
T1E68 336:649.696 JLINK_IsHalted()
T1E68 336:650.336 - 0.635ms returns FALSE
T1E68 336:758.624 JLINK_IsHalted()
T1E68 336:759.296 - 0.655ms returns FALSE
T1E68 336:759.328 JLINK_IsHalted()
T1E68 336:759.936 - 0.598ms returns FALSE
T1E68 336:868.352 JLINK_IsHalted()
T1E68 336:869.024 - 0.668ms returns FALSE
T1E68 336:869.056 JLINK_IsHalted()
T1E68 336:869.664 - 0.602ms returns FALSE
T1E68 336:977.184 JLINK_IsHalted()
T1E68 336:977.792 - 0.618ms returns FALSE
T1E68 336:977.824 JLINK_IsHalted()
T1E68 336:978.400 - 0.579ms returns FALSE
T1E68 337:086.432 JLINK_IsHalted()
T1E68 337:087.136 - 0.699ms returns FALSE
T1E68 337:087.168 JLINK_IsHalted()
T1E68 337:087.808 - 0.632ms returns FALSE
T1E68 337:196.512 JLINK_IsHalted()
T1E68 337:197.248 - 0.726ms returns FALSE
T1E68 337:197.280 JLINK_IsHalted()
T1E68 337:197.888 - 0.599ms returns FALSE
T1E68 337:305.408 JLINK_IsHalted()
T1E68 337:306.112 - 0.689ms returns FALSE
T1E68 337:306.144 JLINK_IsHalted()
T1E68 337:306.720 - 0.586ms returns FALSE
T1E68 337:415.200 JLINK_IsHalted()
T1E68 337:415.872 - 0.689ms returns FALSE
T1E68 337:415.936 JLINK_IsHalted()
T1E68 337:416.544 - 0.627ms returns FALSE
T0658 337:514.432 JLINK_IsHalted()
T0658 337:515.072 - 0.648ms returns FALSE
T0658 337:515.136 JLINK_IsHalted()
T0658 337:515.712 - 0.604ms returns FALSE
T1E68 337:524.192 JLINK_IsHalted()
T1E68 337:524.864 - 0.658ms returns FALSE
T1E68 337:524.896 JLINK_IsHalted()
T1E68 337:525.504 - 0.619ms returns FALSE
T1E68 337:634.208 JLINK_IsHalted()
T1E68 337:634.880 - 0.682ms returns FALSE
T1E68 337:634.912 JLINK_IsHalted()
T1E68 337:635.520 - 0.600ms returns FALSE
T1E68 337:742.912 JLINK_IsHalted()
T1E68 337:743.584 - 0.673ms returns FALSE
T1E68 337:743.616 JLINK_IsHalted()
T1E68 337:744.224 - 0.625ms returns FALSE
T1E68 337:852.672 JLINK_IsHalted()
T1E68 337:853.376 - 0.724ms returns FALSE
T1E68 337:853.440 JLINK_IsHalted()
T1E68 337:854.048 - 0.607ms returns FALSE
T1E68 337:961.568 JLINK_IsHalted()
T1E68 337:962.272 - 0.683ms returns FALSE
T1E68 337:962.304 JLINK_IsHalted()
T1E68 337:962.944 - 0.614ms returns FALSE
T1E68 338:071.520 JLINK_IsHalted()
T1E68 338:072.128 - 0.599ms returns FALSE
T1E68 338:072.128 JLINK_IsHalted()
T1E68 338:072.672 - 0.538ms returns FALSE
T1E68 338:180.352 JLINK_IsHalted()
T1E68 338:180.992 - 0.635ms returns FALSE
T1E68 338:181.024 JLINK_IsHalted()
T1E68 338:181.504 - 0.489ms returns FALSE
T1E68 338:290.400 JLINK_IsHalted()
T1E68 338:291.104 - 0.682ms returns FALSE
T1E68 338:291.136 JLINK_IsHalted()
T1E68 338:291.744 - 0.610ms returns FALSE
T1E68 338:399.264 JLINK_IsHalted()
T1E68 338:399.936 - 0.693ms returns FALSE
T1E68 338:400.000 JLINK_IsHalted()
T1E68 338:400.672 - 0.676ms returns FALSE
T1E68 338:509.504 JLINK_IsHalted()
T1E68 338:510.144 - 0.659ms returns FALSE
T1E68 338:510.176 JLINK_IsHalted()
T1E68 338:510.784 - 0.594ms returns FALSE
T0658 338:516.384 JLINK_IsHalted()
T0658 338:517.056 - 0.696ms returns FALSE
T0658 338:517.120 JLINK_IsHalted()
T0658 338:517.792 - 0.658ms returns FALSE
T1E68 338:617.920 JLINK_IsHalted()
T1E68 338:618.528 - 0.610ms returns FALSE
T1E68 338:618.560 JLINK_IsHalted()
T1E68 338:619.200 - 0.618ms returns FALSE
T1E68 338:728.000 JLINK_IsHalted()
T1E68 338:728.704 - 0.705ms returns FALSE
T1E68 338:728.736 JLINK_IsHalted()
T1E68 338:729.344 - 0.613ms returns FALSE
T1E68 338:837.376 JLINK_IsHalted()
T1E68 338:838.080 - 0.677ms returns FALSE
T1E68 338:838.080 JLINK_IsHalted()
T1E68 338:838.752 - 0.659ms returns FALSE
T1E68 338:946.336 JLINK_IsHalted()
T1E68 338:947.008 - 0.690ms returns FALSE
T1E68 338:947.072 JLINK_IsHalted()
T1E68 338:947.680 - 0.605ms returns FALSE
T1E68 339:055.520 JLINK_IsHalted()
T1E68 339:056.224 - 0.711ms returns FALSE
T1E68 339:056.256 JLINK_IsHalted()
T1E68 339:056.864 - 0.594ms returns FALSE
T1E68 339:164.800 JLINK_IsHalted()
T1E68 339:165.472 - 0.665ms returns FALSE
T1E68 339:165.536 JLINK_IsHalted()
T1E68 339:166.144 - 0.605ms returns FALSE
T1E68 339:274.592 JLINK_IsHalted()
T1E68 339:275.264 - 0.663ms returns FALSE
T1E68 339:275.296 JLINK_IsHalted()
T1E68 339:275.872 - 0.590ms returns FALSE
T1E68 339:383.552 JLINK_IsHalted()
T1E68 339:384.256 - 0.680ms returns FALSE
T1E68 339:384.256 JLINK_IsHalted()
T1E68 339:384.832 - 0.580ms returns FALSE
T1E68 339:493.344 JLINK_IsHalted()
T1E68 339:494.016 - 0.667ms returns FALSE
T1E68 339:494.048 JLINK_IsHalted()
T1E68 339:494.656 - 0.614ms returns FALSE
T0658 339:518.496 JLINK_IsHalted()
T0658 339:519.136 - 0.624ms returns FALSE
T0658 339:519.168 JLINK_IsHalted()
T0658 339:519.744 - 0.571ms returns FALSE
T1E68 339:602.208 JLINK_IsHalted()
T1E68 339:602.912 - 0.720ms returns FALSE
T1E68 339:602.976 JLINK_IsHalted()
T1E68 339:603.648 - 0.678ms returns FALSE
T1E68 339:711.552 JLINK_IsHalted()
T1E68 339:759.328 - 47.768ms returns FALSE
T1E68 339:759.424 JLINK_IsHalted()
T1E68 339:760.064 - 0.636ms returns FALSE
T1E68 339:867.968 JLINK_IsHalted()
T1E68 339:868.672 - 0.713ms returns FALSE
T1E68 339:868.736 JLINK_IsHalted()
T1E68 339:869.344 - 0.613ms returns FALSE
T1E68 339:977.280 JLINK_IsHalted()
T1E68 339:977.920 - 0.680ms returns FALSE
T1E68 339:977.984 JLINK_IsHalted()
T1E68 339:978.720 - 0.729ms returns FALSE
T1E68 340:086.912 JLINK_IsHalted()
T1E68 340:087.488 - 0.590ms returns FALSE
T1E68 340:087.520 JLINK_IsHalted()
T1E68 340:088.096 - 0.552ms returns FALSE
T1E68 340:196.224 JLINK_IsHalted()
T1E68 340:196.864 - 0.650ms returns FALSE
T1E68 340:196.896 JLINK_IsHalted()
T1E68 340:197.440 - 0.569ms returns FALSE
T1E68 340:305.376 JLINK_IsHalted()
T1E68 340:306.080 - 0.702ms returns FALSE
T1E68 340:306.112 JLINK_IsHalted()
T1E68 340:306.752 - 0.631ms returns FALSE
T1E68 340:415.104 JLINK_IsHalted()
T1E68 340:415.744 - 0.660ms returns FALSE
T1E68 340:415.808 JLINK_IsHalted()
T1E68 340:416.384 - 0.592ms returns FALSE
T0658 340:520.128 JLINK_IsHalted()
T0658 340:520.800 - 0.700ms returns FALSE
T0658 340:520.864 JLINK_IsHalted()
T0658 340:521.504 - 0.624ms returns FALSE
T1E68 340:524.864 JLINK_IsHalted()
T1E68 340:525.504 - 0.655ms returns FALSE
T1E68 340:525.536 JLINK_IsHalted()
T1E68 340:526.112 - 0.573ms returns FALSE
T1E68 340:633.824 JLINK_IsHalted()
T1E68 340:634.528 - 0.695ms returns FALSE
T1E68 340:634.560 JLINK_IsHalted()
T1E68 340:635.168 - 0.598ms returns FALSE
T1E68 340:742.592 JLINK_IsHalted()
T1E68 340:743.264 - 0.675ms returns FALSE
T1E68 340:743.296 JLINK_IsHalted()
T1E68 340:743.872 - 0.585ms returns FALSE
T1E68 340:852.288 JLINK_IsHalted()
T1E68 340:852.992 - 0.686ms returns FALSE
T1E68 340:853.056 JLINK_IsHalted()
T1E68 340:853.664 - 0.625ms returns FALSE
T1E68 340:962.272 JLINK_IsHalted()
T1E68 340:963.008 - 0.705ms returns FALSE
T1E68 340:963.008 JLINK_IsHalted()
T1E68 340:963.648 - 0.632ms returns FALSE
T1E68 341:071.168 JLINK_IsHalted()
T1E68 341:125.440 - 54.281ms returns FALSE
T1E68 341:125.504 JLINK_IsHalted()
T1E68 341:126.304 - 0.797ms returns FALSE
T1E68 341:227.520 JLINK_IsHalted()
T1E68 341:228.224 - 0.716ms returns FALSE
T1E68 341:228.288 JLINK_IsHalted()
T1E68 341:228.896 - 0.610ms returns FALSE
T1E68 341:337.152 JLINK_IsHalted()
T1E68 341:337.824 - 0.667ms returns FALSE
T1E68 341:337.856 JLINK_IsHalted()
T1E68 341:338.432 - 0.552ms returns FALSE
T1E68 341:445.888 JLINK_IsHalted()
T1E68 341:446.464 - 0.588ms returns FALSE
T1E68 341:446.496 JLINK_IsHalted()
T1E68 341:447.040 - 0.537ms returns FALSE
T0658 341:521.888 JLINK_IsHalted()
T0658 341:522.656 - 0.759ms returns FALSE
T0658 341:522.720 JLINK_IsHalted()
T0658 341:523.296 - 0.604ms returns FALSE
T1E68 341:555.648 JLINK_IsHalted()
T1E68 341:556.352 - 0.679ms returns FALSE
T1E68 341:556.384 JLINK_IsHalted()
T1E68 341:556.992 - 0.615ms returns FALSE
T1E68 341:664.576 JLINK_IsHalted()
T1E68 341:665.248 - 0.698ms returns FALSE
T1E68 341:665.312 JLINK_IsHalted()
T1E68 341:665.888 - 0.592ms returns FALSE
T1E68 341:774.272 JLINK_IsHalted()
T1E68 341:774.944 - 0.642ms returns FALSE
T1E68 341:775.008 JLINK_IsHalted()
T1E68 341:775.616 - 0.614ms returns FALSE
T1E68 341:884.096 JLINK_IsHalted()
T1E68 341:884.800 - 0.707ms returns FALSE
T1E68 341:884.864 JLINK_IsHalted()
T1E68 341:885.504 - 0.626ms returns FALSE
T1E68 341:992.736 JLINK_IsHalted()
T1E68 341:993.408 - 0.676ms returns FALSE
T1E68 341:993.440 JLINK_IsHalted()
T1E68 341:994.016 - 0.556ms returns FALSE
T1E68 342:102.752 JLINK_IsHalted()
T1E68 342:103.488 - 0.716ms returns FALSE
T1E68 342:103.520 JLINK_IsHalted()
T1E68 342:104.128 - 0.635ms returns FALSE
T1E68 342:211.552 JLINK_IsHalted()
T1E68 342:212.224 - 0.664ms returns FALSE
T1E68 342:212.256 JLINK_IsHalted()
T1E68 342:212.832 - 0.573ms returns FALSE
T1E68 342:321.248 JLINK_IsHalted()
T1E68 342:321.952 - 0.690ms returns FALSE
T1E68 342:321.984 JLINK_IsHalted()
T1E68 342:322.656 - 0.659ms returns FALSE
T1E68 342:430.176 JLINK_IsHalted()
T1E68 342:430.784 - 0.610ms returns FALSE
T1E68 342:430.816 JLINK_IsHalted()
T1E68 342:431.424 - 0.593ms returns FALSE
T0658 342:523.328 JLINK_IsHalted()
T0658 342:523.872 - 0.565ms returns FALSE
T0658 342:523.904 JLINK_IsHalted()
T0658 342:524.416 - 0.516ms returns FALSE
T1E68 342:540.096 JLINK_IsHalted()
T1E68 342:540.704 - 0.567ms returns FALSE
T1E68 342:540.736 JLINK_IsHalted()
T1E68 342:541.248 - 0.516ms returns FALSE
T1E68 342:649.536 JLINK_IsHalted()
T1E68 342:650.240 - 0.688ms returns FALSE
T1E68 342:650.304 JLINK_IsHalted()
T1E68 342:650.912 - 0.618ms returns FALSE
T1E68 342:759.296 JLINK_IsHalted()
T1E68 342:759.968 - 0.673ms returns FALSE
T1E68 342:760.000 JLINK_IsHalted()
T1E68 342:760.640 - 0.646ms returns FALSE
T1E68 342:868.032 JLINK_IsHalted()
T1E68 342:868.704 - 0.692ms returns FALSE
T1E68 342:868.736 JLINK_IsHalted()
T1E68 342:869.312 - 0.591ms returns FALSE
T1E68 342:977.728 JLINK_IsHalted()
T1E68 342:978.400 - 0.692ms returns FALSE
T1E68 342:978.464 JLINK_IsHalted()
T1E68 342:979.040 - 0.590ms returns FALSE
T1E68 343:086.560 JLINK_IsHalted()
T1E68 343:087.232 - 0.666ms returns FALSE
T1E68 343:087.296 JLINK_IsHalted()
T1E68 343:087.872 - 0.591ms returns FALSE
T1E68 343:196.320 JLINK_IsHalted()
T1E68 343:196.960 - 0.618ms returns FALSE
T1E68 343:196.992 JLINK_IsHalted()
T1E68 343:197.664 - 0.674ms returns FALSE
T1E68 343:305.184 JLINK_IsHalted()
T1E68 343:305.888 - 0.679ms returns FALSE
T1E68 343:305.920 JLINK_IsHalted()
T1E68 343:306.528 - 0.600ms returns FALSE
T1E68 343:414.848 JLINK_IsHalted()
T1E68 343:415.520 - 0.650ms returns FALSE
T1E68 343:415.552 JLINK_IsHalted()
T1E68 343:416.160 - 0.608ms returns FALSE
T1E68 343:524.544 JLINK_IsHalted()
T1E68 343:525.216 - 0.681ms returns FALSE
T1E68 343:525.280 JLINK_IsHalted()
T1E68 343:525.856 - 0.574ms returns FALSE
T0658 343:525.952 JLINK_IsHalted()
T0658 343:526.528 - 0.576ms returns FALSE
T0658 343:526.560 JLINK_IsHalted()
T0658 343:527.232 - 0.680ms returns FALSE
T1E68 343:634.208 JLINK_IsHalted()
T1E68 343:634.848 - 0.633ms returns FALSE
T1E68 343:634.880 JLINK_IsHalted()
T1E68 343:635.424 - 0.563ms returns FALSE
T1E68 343:743.040 JLINK_IsHalted()
T1E68 343:743.712 - 0.647ms returns FALSE
T1E68 343:743.744 JLINK_IsHalted()
T1E68 343:744.320 - 0.566ms returns FALSE
T1E68 343:852.992 JLINK_IsHalted()
T1E68 343:857.152 - 4.162ms returns FALSE
T1E68 343:857.216 JLINK_IsHalted()
T1E68 343:857.856 - 0.647ms returns FALSE
T1E68 343:961.728 JLINK_IsHalted()
T1E68 343:962.432 - 0.682ms returns FALSE
T1E68 343:962.432 JLINK_IsHalted()
T1E68 343:963.072 - 0.614ms returns FALSE
T1E68 344:070.848 JLINK_IsHalted()
T1E68 344:071.520 - 0.701ms returns FALSE
T1E68 344:071.584 JLINK_IsHalted()
T1E68 344:072.256 - 0.664ms returns FALSE
T1E68 344:180.768 JLINK_IsHalted()
T1E68 344:181.504 - 0.733ms returns FALSE
T1E68 344:181.536 JLINK_IsHalted()
T1E68 344:182.240 - 0.694ms returns FALSE
T1E68 344:290.240 JLINK_IsHalted()
T1E68 344:290.912 - 0.711ms returns FALSE
T1E68 344:290.976 JLINK_IsHalted()
T1E68 344:291.648 - 0.688ms returns FALSE
T1E68 344:399.392 JLINK_IsHalted()
T1E68 344:400.064 - 0.697ms returns FALSE
T1E68 344:400.128 JLINK_IsHalted()
T1E68 344:400.800 - 0.668ms returns FALSE
T1E68 344:509.120 JLINK_IsHalted()
T1E68 344:509.792 - 0.664ms returns FALSE
T1E68 344:509.824 JLINK_IsHalted()
T1E68 344:510.400 - 0.580ms returns FALSE
T0658 344:527.296 JLINK_IsHalted()
T0658 344:527.936 - 0.636ms returns FALSE
T0658 344:527.936 JLINK_IsHalted()
T0658 344:528.512 - 0.561ms returns FALSE
T1E68 344:617.792 JLINK_IsHalted()
T1E68 344:618.400 - 0.620ms returns FALSE
T1E68 344:618.432 JLINK_IsHalted()
T1E68 344:618.944 - 0.515ms returns FALSE
T1E68 344:727.616 JLINK_IsHalted()
T1E68 344:728.288 - 0.666ms returns FALSE
T1E68 344:728.352 JLINK_IsHalted()
T1E68 344:728.928 - 0.597ms returns FALSE
T1E68 344:836.864 JLINK_IsHalted()
T1E68 344:837.504 - 0.642ms returns FALSE
T1E68 344:837.536 JLINK_IsHalted()
T1E68 344:838.080 - 0.565ms returns FALSE
T1E68 344:945.856 JLINK_IsHalted()
T1E68 344:946.496 - 0.653ms returns FALSE
T1E68 344:946.528 JLINK_IsHalted()
T1E68 344:947.104 - 0.584ms returns FALSE
T1E68 345:055.296 JLINK_IsHalted()
T1E68 345:055.936 - 0.624ms returns FALSE
T1E68 345:055.968 JLINK_IsHalted()
T1E68 345:056.512 - 0.559ms returns FALSE
T1E68 345:165.248 JLINK_IsHalted()
T1E68 345:165.888 - 0.669ms returns FALSE
T1E68 345:165.920 JLINK_IsHalted()
T1E68 345:166.528 - 0.567ms returns FALSE
T1E68 345:274.016 JLINK_IsHalted()
T1E68 345:274.688 - 0.673ms returns FALSE
T1E68 345:274.720 JLINK_IsHalted()
T1E68 345:275.328 - 0.620ms returns FALSE
T1E68 345:383.616 JLINK_IsHalted()
T1E68 345:384.384 - 0.738ms returns FALSE
T1E68 345:384.384 JLINK_IsHalted()
T1E68 345:384.992 - 0.576ms returns FALSE
T1E68 345:493.344 JLINK_IsHalted()
T1E68 345:493.984 - 0.632ms returns FALSE
T1E68 345:494.016 JLINK_IsHalted()
T1E68 345:494.624 - 0.624ms returns FALSE
T0658 345:528.480 JLINK_IsHalted()
T0658 345:529.152 - 0.674ms returns FALSE
T0658 345:529.216 JLINK_IsHalted()
T0658 345:529.824 - 0.619ms returns FALSE
T1E68 345:602.112 JLINK_IsHalted()
T1E68 345:602.816 - 0.696ms returns FALSE
T1E68 345:602.848 JLINK_IsHalted()
T1E68 345:603.488 - 0.637ms returns FALSE
T1E68 345:712.352 JLINK_IsHalted()
T1E68 345:713.088 - 0.718ms returns FALSE
T1E68 345:713.120 JLINK_IsHalted()
T1E68 345:713.760 - 0.641ms returns FALSE
T1E68 345:821.728 JLINK_IsHalted()
T1E68 345:822.432 - 0.701ms returns FALSE
T1E68 345:822.464 JLINK_IsHalted()
T1E68 345:823.072 - 0.597ms returns FALSE
T1E68 345:930.528 JLINK_IsHalted()
T1E68 345:931.232 - 0.715ms returns FALSE
T1E68 345:931.264 JLINK_IsHalted()
T1E68 345:931.840 - 0.575ms returns FALSE
T1E68 346:040.320 JLINK_IsHalted()
T1E68 346:040.992 - 0.671ms returns FALSE
T1E68 346:041.024 JLINK_IsHalted()
T1E68 346:041.664 - 0.635ms returns FALSE
T1E68 346:149.056 JLINK_IsHalted()
T1E68 346:149.760 - 0.714ms returns FALSE
T1E68 346:149.792 JLINK_IsHalted()
T1E68 346:150.336 - 0.553ms returns FALSE
T1E68 346:258.784 JLINK_IsHalted()
T1E68 346:259.552 - 0.764ms returns FALSE
T1E68 346:259.616 JLINK_IsHalted()
T1E68 346:260.256 - 0.630ms returns FALSE
T1E68 346:367.744 JLINK_IsHalted()
T1E68 346:368.448 - 0.712ms returns FALSE
T1E68 346:368.512 JLINK_IsHalted()
T1E68 346:369.120 - 0.615ms returns FALSE
T1E68 346:477.440 JLINK_IsHalted()
T1E68 346:478.112 - 0.672ms returns FALSE
T1E68 346:478.144 JLINK_IsHalted()
T1E68 346:478.752 - 0.602ms returns FALSE
T0658 346:530.752 JLINK_IsHalted()
T0658 346:531.456 - 0.676ms returns FALSE
T0658 346:531.520 JLINK_IsHalted()
T0658 346:532.128 - 0.620ms returns FALSE
T1E68 346:586.944 JLINK_IsHalted()
T1E68 346:587.520 - 0.568ms returns FALSE
T1E68 346:587.552 JLINK_IsHalted()
T1E68 346:588.128 - 0.567ms returns FALSE
T1E68 346:696.832 JLINK_IsHalted()
T1E68 346:697.632 - 0.786ms returns FALSE
T1E68 346:697.664 JLINK_IsHalted()
T1E68 346:698.304 - 0.627ms returns FALSE
T1E68 346:805.920 JLINK_IsHalted()
T1E68 346:806.656 - 0.737ms returns FALSE
T1E68 346:806.688 JLINK_IsHalted()
T1E68 346:807.296 - 0.610ms returns FALSE
T1E68 346:914.656 JLINK_IsHalted()
T1E68 346:915.264 - 0.610ms returns FALSE
T1E68 346:915.296 JLINK_IsHalted()
T1E68 346:915.840 - 0.534ms returns FALSE
T1E68 347:024.448 JLINK_IsHalted()
T1E68 347:025.152 - 0.691ms returns FALSE
T1E68 347:025.216 JLINK_IsHalted()
T1E68 347:025.728 - 0.544ms returns FALSE
T1E68 347:134.240 JLINK_IsHalted()
T1E68 347:134.912 - 0.679ms returns FALSE
T1E68 347:134.976 JLINK_IsHalted()
T1E68 347:135.552 - 0.573ms returns FALSE
T1E68 347:242.656 JLINK_IsHalted()
T1E68 347:243.360 - 0.706ms returns FALSE
T1E68 347:243.424 JLINK_IsHalted()
T1E68 347:244.032 - 0.615ms returns FALSE
T1E68 347:352.736 JLINK_IsHalted()
T1E68 347:353.408 - 0.693ms returns FALSE
T1E68 347:353.440 JLINK_IsHalted()
T1E68 347:354.048 - 0.611ms returns FALSE
T1E68 347:461.440 JLINK_IsHalted()
T1E68 347:462.144 - 0.701ms returns FALSE
T1E68 347:462.208 JLINK_IsHalted()
T1E68 347:462.816 - 0.634ms returns FALSE
T0658 347:532.896 JLINK_IsHalted()
T0658 347:533.472 - 0.568ms returns FALSE
T0658 347:533.504 JLINK_IsHalted()
T0658 347:534.080 - 0.565ms returns FALSE
T1E68 347:570.944 JLINK_IsHalted()
T1E68 347:571.648 - 0.689ms returns FALSE
T1E68 347:571.680 JLINK_IsHalted()
T1E68 347:572.288 - 0.608ms returns FALSE
T1E68 347:680.576 JLINK_IsHalted()
T1E68 347:681.216 - 0.652ms returns FALSE
T1E68 347:681.280 JLINK_IsHalted()
T1E68 347:681.824 - 0.555ms returns FALSE
T1E68 347:790.368 JLINK_IsHalted()
T1E68 347:791.040 - 0.669ms returns FALSE
T1E68 347:791.072 JLINK_IsHalted()
T1E68 347:791.712 - 0.642ms returns FALSE
T1E68 347:899.840 JLINK_IsHalted()
T1E68 347:952.448 - 52.619ms returns FALSE
T1E68 347:952.512 JLINK_IsHalted()
T1E68 347:953.120 - 0.614ms returns FALSE
T1E68 348:055.328 JLINK_IsHalted()
T1E68 348:056.000 - 0.682ms returns FALSE
T1E68 348:056.032 JLINK_IsHalted()
T1E68 348:056.640 - 0.610ms returns FALSE
T1E68 348:165.056 JLINK_IsHalted()
T1E68 348:165.728 - 0.692ms returns FALSE
T1E68 348:165.760 JLINK_IsHalted()
T1E68 348:166.336 - 0.559ms returns FALSE
T1E68 348:274.720 JLINK_IsHalted()
T1E68 348:275.392 - 0.674ms returns FALSE
T1E68 348:275.424 JLINK_IsHalted()
T1E68 348:276.032 - 0.584ms returns FALSE
T1E68 348:383.776 JLINK_IsHalted()
T1E68 348:384.448 - 0.666ms returns FALSE
T1E68 348:384.448 JLINK_IsHalted()
T1E68 348:385.088 - 0.602ms returns FALSE
T1E68 348:492.608 JLINK_IsHalted()
T1E68 348:493.280 - 0.673ms returns FALSE
T1E68 348:493.312 JLINK_IsHalted()
T1E68 348:493.952 - 0.628ms returns FALSE
T0658 348:534.912 JLINK_IsHalted()
T0658 348:535.552 - 0.656ms returns FALSE
T0658 348:535.616 JLINK_IsHalted()
T0658 348:536.288 - 0.679ms returns FALSE
T1E68 348:602.464 JLINK_IsHalted()
T1E68 348:603.232 - 0.783ms returns FALSE
T1E68 348:603.296 JLINK_IsHalted()
T1E68 348:603.936 - 0.635ms returns FALSE
T1E68 348:711.488 JLINK_IsHalted()
T1E68 348:712.256 - 0.739ms returns FALSE
T1E68 348:712.256 JLINK_IsHalted()
T1E68 348:712.896 - 0.626ms returns FALSE
T1E68 348:821.568 JLINK_IsHalted()
T1E68 348:822.272 - 0.690ms returns FALSE
T1E68 348:822.304 JLINK_IsHalted()
T1E68 348:822.976 - 0.688ms returns FALSE
T1E68 348:930.400 JLINK_IsHalted()
T1E68 348:931.040 - 0.651ms returns FALSE
T1E68 348:931.104 JLINK_IsHalted()
T1E68 348:931.648 - 0.573ms returns FALSE
T1E68 349:039.936 JLINK_IsHalted()
T1E68 349:040.608 - 0.698ms returns FALSE
T1E68 349:040.640 JLINK_IsHalted()
T1E68 349:041.184 - 0.525ms returns FALSE
T1E68 349:149.760 JLINK_IsHalted()
T1E68 349:150.464 - 0.693ms returns FALSE
T1E68 349:150.496 JLINK_IsHalted()
T1E68 349:151.072 - 0.576ms returns FALSE
T1E68 349:259.104 JLINK_IsHalted()
T1E68 349:309.056 - 49.936ms returns FALSE
T1E68 349:309.120 JLINK_IsHalted()
T1E68 349:309.760 - 0.630ms returns FALSE
T1E68 349:415.232 JLINK_IsHalted()
T1E68 349:415.840 - 0.611ms returns FALSE
T1E68 349:415.872 JLINK_IsHalted()
T1E68 349:416.384 - 0.546ms returns FALSE
T1E68 349:524.032 JLINK_IsHalted()
T1E68 349:524.672 - 0.664ms returns FALSE
T1E68 349:524.704 JLINK_IsHalted()
T1E68 349:525.312 - 0.594ms returns FALSE
T0658 349:537.216 JLINK_IsHalted()
T0658 349:537.920 - 0.690ms returns FALSE
T0658 349:537.984 JLINK_IsHalted()
T0658 349:538.656 - 0.687ms returns FALSE
T1E68 349:633.664 JLINK_IsHalted()
T1E68 349:634.240 - 0.573ms returns FALSE
T1E68 349:634.240 JLINK_IsHalted()
T1E68 349:634.784 - 0.517ms returns FALSE
T1E68 349:742.592 JLINK_IsHalted()
T1E68 349:743.296 - 0.680ms returns FALSE
T1E68 349:743.296 JLINK_IsHalted()
T1E68 349:743.936 - 0.601ms returns FALSE
T1E68 349:852.352 JLINK_IsHalted()
T1E68 349:853.024 - 0.686ms returns FALSE
T1E68 349:853.088 JLINK_IsHalted()
T1E68 349:853.696 - 0.617ms returns FALSE
T1E68 349:962.368 JLINK_IsHalted()
T1E68 349:962.944 - 0.602ms returns FALSE
T1E68 349:962.976 JLINK_IsHalted()
T1E68 349:963.520 - 0.546ms returns FALSE
T1E68 350:071.104 JLINK_IsHalted()
T1E68 350:071.808 - 0.729ms returns FALSE
T1E68 350:071.840 JLINK_IsHalted()
T1E68 350:072.480 - 0.616ms returns FALSE
T1E68 350:180.704 JLINK_IsHalted()
T1E68 350:181.312 - 0.608ms returns FALSE
T1E68 350:181.312 JLINK_IsHalted()
T1E68 350:181.856 - 0.539ms returns FALSE
T1E68 350:290.464 JLINK_IsHalted()
T1E68 350:291.136 - 0.662ms returns FALSE
T1E68 350:291.136 JLINK_IsHalted()
T1E68 350:291.776 - 0.595ms returns FALSE
T1E68 350:399.296 JLINK_IsHalted()
T1E68 350:400.064 - 0.755ms returns FALSE
T1E68 350:400.096 JLINK_IsHalted()
T1E68 350:400.736 - 0.635ms returns FALSE
T1E68 350:509.024 JLINK_IsHalted()
T1E68 350:509.696 - 0.666ms returns FALSE
T1E68 350:509.760 JLINK_IsHalted()
T1E68 350:510.368 - 0.619ms returns FALSE
T0658 350:540.032 JLINK_IsHalted()
T0658 350:540.672 - 0.635ms returns FALSE
T0658 350:540.704 JLINK_IsHalted()
T0658 350:541.248 - 0.532ms returns FALSE
T1E68 350:617.696 JLINK_IsHalted()
T1E68 350:618.368 - 0.673ms returns FALSE
T1E68 350:678.016 JLINK_IsHalted()
T1E68 350:678.656 - 0.658ms returns FALSE
T1E68 350:774.304 JLINK_IsHalted()
T1E68 350:774.976 - 0.669ms returns FALSE
T1E68 350:775.008 JLINK_IsHalted()
T1E68 350:775.616 - 0.612ms returns FALSE
T1E68 350:883.872 JLINK_IsHalted()
T1E68 350:884.544 - 0.685ms returns FALSE
T1E68 350:884.608 JLINK_IsHalted()
T1E68 350:885.216 - 0.629ms returns FALSE
T1E68 350:993.568 JLINK_IsHalted()
T1E68 350:994.304 - 0.751ms returns FALSE
T1E68 350:994.368 JLINK_IsHalted()
T1E68 350:994.944 - 0.605ms returns FALSE
T1E68 351:102.272 JLINK_IsHalted()
T1E68 351:103.008 - 0.711ms returns FALSE
T1E68 351:103.040 JLINK_IsHalted()
T1E68 351:103.680 - 0.635ms returns FALSE
T1E68 351:212.000 JLINK_IsHalted()
T1E68 351:212.672 - 0.649ms returns FALSE
T1E68 351:212.704 JLINK_IsHalted()
T1E68 351:213.312 - 0.605ms returns FALSE
T1E68 351:320.992 JLINK_IsHalted()
T1E68 351:321.664 - 0.665ms returns FALSE
T1E68 351:321.696 JLINK_IsHalted()
T1E68 351:322.304 - 0.606ms returns FALSE
T1E68 351:430.720 JLINK_IsHalted()
T1E68 351:431.360 - 0.634ms returns FALSE
T1E68 351:431.360 JLINK_IsHalted()
T1E68 351:432.000 - 0.603ms returns FALSE
T1E68 351:540.480 JLINK_IsHalted()
T1E68 351:541.152 - 0.667ms returns FALSE
T1E68 351:541.184 JLINK_IsHalted()
T1E68 351:541.760 - 0.595ms returns FALSE
T0658 351:541.856 JLINK_IsHalted()
T0658 351:542.496 - 0.636ms returns FALSE
T0658 351:542.528 JLINK_IsHalted()
T0658 351:543.232 - 0.700ms returns FALSE
T1E68 351:649.184 JLINK_IsHalted()
T1E68 351:649.792 - 0.608ms returns FALSE
T1E68 351:649.824 JLINK_IsHalted()
T1E68 351:650.400 - 0.578ms returns FALSE
T1E68 351:758.240 JLINK_IsHalted()
T1E68 351:758.880 - 0.629ms returns FALSE
T1E68 351:758.912 JLINK_IsHalted()
T1E68 351:759.456 - 0.576ms returns FALSE
T1E68 351:868.224 JLINK_IsHalted()
T1E68 351:868.896 - 0.691ms returns FALSE
T1E68 351:868.960 JLINK_IsHalted()
T1E68 351:869.504 - 0.574ms returns FALSE
T1E68 351:977.856 JLINK_IsHalted()
T1E68 351:978.464 - 0.603ms returns FALSE
T1E68 351:978.528 JLINK_IsHalted()
T1E68 351:979.072 - 0.570ms returns FALSE
T1E68 352:086.592 JLINK_IsHalted()
T1E68 352:087.232 - 0.605ms returns FALSE
T1E68 352:087.232 JLINK_IsHalted()
T1E68 352:087.776 - 0.536ms returns FALSE
T1E68 352:196.352 JLINK_IsHalted()
T1E68 352:196.928 - 0.592ms returns FALSE
T1E68 352:196.960 JLINK_IsHalted()
T1E68 352:197.568 - 0.568ms returns FALSE
T1E68 352:305.984 JLINK_IsHalted()
T1E68 352:306.656 - 0.663ms returns FALSE
T1E68 352:306.688 JLINK_IsHalted()
T1E68 352:307.296 - 0.593ms returns FALSE
T1E68 352:414.784 JLINK_IsHalted()
T1E68 352:415.456 - 0.699ms returns FALSE
T1E68 352:415.488 JLINK_IsHalted()
T1E68 352:416.096 - 0.599ms returns FALSE
T1E68 352:524.640 JLINK_IsHalted()
T1E68 352:525.344 - 0.702ms returns FALSE
T1E68 352:525.376 JLINK_IsHalted()
T1E68 352:525.920 - 0.559ms returns FALSE
T0658 352:543.744 JLINK_IsHalted()
T0658 352:544.352 - 0.624ms returns FALSE
T0658 352:544.384 JLINK_IsHalted()
T0658 352:544.960 - 0.567ms returns FALSE
T1E68 352:633.376 JLINK_IsHalted()
T1E68 352:634.048 - 0.666ms returns FALSE
T1E68 352:634.080 JLINK_IsHalted()
T1E68 352:634.688 - 0.619ms returns FALSE
T1E68 352:743.136 JLINK_IsHalted()
T1E68 352:743.776 - 0.647ms returns FALSE
T1E68 352:743.808 JLINK_IsHalted()
T1E68 352:744.384 - 0.555ms returns FALSE
T1E68 352:852.480 JLINK_IsHalted()
T1E68 352:853.216 - 0.748ms returns FALSE
T1E68 352:853.280 JLINK_IsHalted()
T1E68 352:853.856 - 0.591ms returns FALSE
T1E68 352:962.240 JLINK_IsHalted()
T1E68 352:962.880 - 0.668ms returns FALSE
T1E68 352:962.944 JLINK_IsHalted()
T1E68 352:963.520 - 0.592ms returns FALSE
T1E68 353:071.040 JLINK_IsHalted()
T1E68 353:071.776 - 0.735ms returns FALSE
T1E68 353:071.808 JLINK_IsHalted()
T1E68 353:072.448 - 0.625ms returns FALSE
T1E68 353:180.832 JLINK_IsHalted()
T1E68 353:181.504 - 0.649ms returns FALSE
T1E68 353:181.504 JLINK_IsHalted()
T1E68 353:182.112 - 0.595ms returns FALSE
T1E68 353:289.664 JLINK_IsHalted()
T1E68 353:290.272 - 0.618ms returns FALSE
T1E68 353:290.304 JLINK_IsHalted()
T1E68 353:290.848 - 0.562ms returns FALSE
T1E68 353:399.360 JLINK_IsHalted()
T1E68 353:400.064 - 0.704ms returns FALSE
T1E68 353:400.064 JLINK_IsHalted()
T1E68 353:400.640 - 0.564ms returns FALSE
T1E68 353:508.768 JLINK_IsHalted()
T1E68 353:509.440 - 0.673ms returns FALSE
T1E68 353:509.472 JLINK_IsHalted()
T1E68 353:510.080 - 0.613ms returns FALSE
T0658 353:545.568 JLINK_IsHalted()
T0658 353:546.208 - 0.635ms returns FALSE
T0658 353:546.208 JLINK_IsHalted()
T0658 353:546.752 - 0.537ms returns FALSE
T1E68 353:618.432 JLINK_IsHalted()
T1E68 353:619.040 - 0.626ms returns FALSE
T1E68 353:619.104 JLINK_IsHalted()
T1E68 353:619.648 - 0.555ms returns FALSE
T1E68 353:727.136 JLINK_IsHalted()
T1E68 353:727.744 - 0.611ms returns FALSE
T1E68 353:727.776 JLINK_IsHalted()
T1E68 353:728.320 - 0.550ms returns FALSE
T1E68 353:836.864 JLINK_IsHalted()
T1E68 353:837.536 - 0.667ms returns FALSE
T1E68 353:837.600 JLINK_IsHalted()
T1E68 353:838.208 - 0.625ms returns FALSE
T1E68 353:946.624 JLINK_IsHalted()
T1E68 353:947.232 - 0.616ms returns FALSE
T1E68 353:947.264 JLINK_IsHalted()
T1E68 353:947.808 - 0.552ms returns FALSE
T1E68 354:055.680 JLINK_IsHalted()
T1E68 354:056.384 - 0.702ms returns FALSE
T1E68 354:056.416 JLINK_IsHalted()
T1E68 354:057.056 - 0.632ms returns FALSE
T1E68 354:165.408 JLINK_IsHalted()
T1E68 354:166.240 - 0.844ms returns FALSE
T1E68 354:166.272 JLINK_IsHalted()
T1E68 354:166.880 - 0.592ms returns FALSE
T1E68 354:274.080 JLINK_IsHalted()
T1E68 354:274.720 - 0.646ms returns FALSE
T1E68 354:274.752 JLINK_IsHalted()
T1E68 354:275.392 - 0.614ms returns FALSE
T1E68 354:384.064 JLINK_IsHalted()
T1E68 354:384.736 - 0.679ms returns FALSE
T1E68 354:384.768 JLINK_IsHalted()
T1E68 354:385.376 - 0.596ms returns FALSE
T1E68 354:492.704 JLINK_IsHalted()
T1E68 354:493.376 - 0.662ms returns FALSE
T1E68 354:493.376 JLINK_IsHalted()
T1E68 354:494.016 - 0.604ms returns FALSE
T0658 354:546.976 JLINK_IsHalted()
T0658 354:547.648 - 0.700ms returns FALSE
T0658 354:547.680 JLINK_IsHalted()
T0658 354:548.256 - 0.561ms returns FALSE
T1E68 354:602.592 JLINK_IsHalted()
T1E68 354:603.264 - 0.654ms returns FALSE
T1E68 354:603.296 JLINK_IsHalted()
T1E68 354:603.872 - 0.588ms returns FALSE
T1E68 354:712.032 JLINK_IsHalted()
T1E68 354:755.584 - 43.537ms returns FALSE
T1E68 354:755.648 JLINK_IsHalted()
T1E68 354:756.288 - 0.626ms returns FALSE
T1E68 354:852.768 JLINK_IsHalted()
T1E68 354:853.440 - 0.684ms returns FALSE
T1E68 354:853.472 JLINK_IsHalted()
T1E68 354:854.112 - 0.630ms returns FALSE
T1E68 354:962.240 JLINK_IsHalted()
T1E68 354:962.880 - 0.623ms returns FALSE
T1E68 354:962.880 JLINK_IsHalted()
T1E68 354:963.424 - 0.550ms returns FALSE
T1E68 355:070.912 JLINK_IsHalted()
T1E68 355:071.552 - 0.620ms returns FALSE
T1E68 355:071.552 JLINK_IsHalted()
T1E68 355:072.064 - 0.522ms returns FALSE
T1E68 355:180.640 JLINK_IsHalted()
T1E68 355:181.376 - 0.700ms returns FALSE
T1E68 355:181.408 JLINK_IsHalted()
T1E68 355:182.016 - 0.630ms returns FALSE
T1E68 355:290.432 JLINK_IsHalted()
T1E68 355:291.232 - 0.794ms returns FALSE
T1E68 355:291.296 JLINK_IsHalted()
T1E68 355:291.904 - 0.632ms returns FALSE
T1E68 355:399.168 JLINK_IsHalted()
T1E68 355:399.840 - 0.667ms returns FALSE
T1E68 355:399.872 JLINK_IsHalted()
T1E68 355:400.480 - 0.602ms returns FALSE
T1E68 355:509.056 JLINK_IsHalted()
T1E68 355:509.792 - 0.717ms returns FALSE
T1E68 355:509.824 JLINK_IsHalted()
T1E68 355:510.464 - 0.622ms returns FALSE
T0658 355:549.184 JLINK_IsHalted()
T0658 355:549.792 - 0.612ms returns FALSE
T0658 355:549.856 JLINK_IsHalted()
T0658 355:550.400 - 0.578ms returns FALSE
T1E68 355:617.856 JLINK_IsHalted()
T1E68 355:618.496 - 0.671ms returns FALSE
T1E68 355:618.560 JLINK_IsHalted()
T1E68 355:619.200 - 0.630ms returns FALSE
T1E68 355:727.680 JLINK_IsHalted()
T1E68 355:728.384 - 0.719ms returns FALSE
T1E68 355:728.448 JLINK_IsHalted()
T1E68 355:729.024 - 0.601ms returns FALSE
T1E68 355:836.640 JLINK_IsHalted()
T1E68 355:837.248 - 0.612ms returns FALSE
T1E68 355:837.280 JLINK_IsHalted()
T1E68 355:837.824 - 0.546ms returns FALSE
T1E68 355:946.400 JLINK_IsHalted()
T1E68 355:947.008 - 0.621ms returns FALSE
T1E68 355:947.040 JLINK_IsHalted()
T1E68 355:947.648 - 0.613ms returns FALSE
T1E68 356:056.160 JLINK_IsHalted()
T1E68 356:056.864 - 0.687ms returns FALSE
T1E68 356:056.896 JLINK_IsHalted()
T1E68 356:057.408 - 0.548ms returns FALSE
T1E68 356:165.024 JLINK_IsHalted()
T1E68 356:165.696 - 0.694ms returns FALSE
T1E68 356:165.728 JLINK_IsHalted()
T1E68 356:166.336 - 0.587ms returns FALSE
T1E68 356:274.560 JLINK_IsHalted()
T1E68 356:275.264 - 0.689ms returns FALSE
T1E68 356:275.296 JLINK_IsHalted()
T1E68 356:275.904 - 0.577ms returns FALSE
T1E68 356:383.328 JLINK_IsHalted()
T1E68 356:384.000 - 0.651ms returns FALSE
T1E68 356:384.032 JLINK_IsHalted()
T1E68 356:384.608 - 0.569ms returns FALSE
T1E68 356:493.152 JLINK_IsHalted()
T1E68 356:493.888 - 0.695ms returns FALSE
T1E68 356:493.888 JLINK_IsHalted()
T1E68 356:494.560 - 0.643ms returns FALSE
T0658 356:550.304 JLINK_IsHalted()
T0658 356:551.040 - 0.709ms returns FALSE
T0658 356:551.072 JLINK_IsHalted()
T0658 356:551.744 - 0.659ms returns FALSE
T1E68 356:602.944 JLINK_IsHalted()
T1E68 356:603.616 - 0.669ms returns FALSE
T1E68 356:603.648 JLINK_IsHalted()
T1E68 356:604.192 - 0.557ms returns FALSE
T1E68 356:711.712 JLINK_IsHalted()
T1E68 356:712.416 - 0.699ms returns FALSE
T1E68 356:712.448 JLINK_IsHalted()
T1E68 356:713.056 - 0.611ms returns FALSE
T1E68 356:821.472 JLINK_IsHalted()
T1E68 356:822.240 - 0.743ms returns FALSE
T1E68 356:822.272 JLINK_IsHalted()
T1E68 356:822.848 - 0.590ms returns FALSE
T1E68 356:930.144 JLINK_IsHalted()
T1E68 356:930.816 - 0.653ms returns FALSE
T1E68 356:930.848 JLINK_IsHalted()
T1E68 356:931.456 - 0.608ms returns FALSE
T1E68 357:040.064 JLINK_IsHalted()
T1E68 357:040.768 - 0.727ms returns FALSE
T1E68 357:040.832 JLINK_IsHalted()
T1E68 357:041.440 - 0.616ms returns FALSE
T1E68 357:149.376 JLINK_IsHalted()
T1E68 357:150.080 - 0.688ms returns FALSE
T1E68 357:150.144 JLINK_IsHalted()
T1E68 357:150.784 - 0.651ms returns FALSE
T1E68 357:259.072 JLINK_IsHalted()
T1E68 357:259.744 - 0.673ms returns FALSE
T1E68 357:259.808 JLINK_IsHalted()
T1E68 357:260.416 - 0.612ms returns FALSE
T1E68 357:368.000 JLINK_IsHalted()
T1E68 357:368.672 - 0.688ms returns FALSE
T1E68 357:368.736 JLINK_IsHalted()
T1E68 357:369.344 - 0.624ms returns FALSE
T1E68 357:477.216 JLINK_IsHalted()
T1E68 357:494.080 - 16.840ms returns FALSE
T1E68 357:494.144 JLINK_IsHalted()
T1E68 357:494.784 - 0.646ms returns FALSE
T0658 357:552.384 JLINK_IsHalted()
T0658 357:552.992 - 0.611ms returns FALSE
T0658 357:553.024 JLINK_IsHalted()
T0658 357:553.632 - 0.623ms returns FALSE
T1E68 357:602.016 JLINK_IsHalted()
T1E68 357:602.720 - 0.686ms returns FALSE
T1E68 357:602.752 JLINK_IsHalted()
T1E68 357:603.392 - 0.632ms returns FALSE
T1E68 357:711.456 JLINK_IsHalted()
T1E68 357:712.128 - 0.658ms returns FALSE
T1E68 357:712.192 JLINK_IsHalted()
T1E68 357:712.768 - 0.595ms returns FALSE
T1E68 357:821.472 JLINK_IsHalted()
T1E68 357:822.144 - 0.656ms returns FALSE
T1E68 357:822.144 JLINK_IsHalted()
T1E68 357:822.784 - 0.602ms returns FALSE
T1E68 357:930.272 JLINK_IsHalted()
T1E68 357:930.944 - 0.696ms returns FALSE
T1E68 357:931.008 JLINK_IsHalted()
T1E68 357:931.648 - 0.652ms returns FALSE
T1E68 358:040.128 JLINK_IsHalted()
T1E68 358:040.864 - 0.693ms returns FALSE
T1E68 358:040.896 JLINK_IsHalted()
T1E68 358:041.536 - 0.643ms returns FALSE
T1E68 358:148.960 JLINK_IsHalted()
T1E68 358:149.600 - 0.640ms returns FALSE
T1E68 358:149.632 JLINK_IsHalted()
T1E68 358:150.208 - 0.559ms returns FALSE
T1E68 358:258.912 JLINK_IsHalted()
T1E68 358:259.648 - 0.723ms returns FALSE
T1E68 358:259.680 JLINK_IsHalted()
T1E68 358:260.288 - 0.592ms returns FALSE
T1E68 358:367.808 JLINK_IsHalted()
T1E68 358:368.512 - 0.680ms returns FALSE
T1E68 358:368.576 JLINK_IsHalted()
T1E68 358:369.216 - 0.665ms returns FALSE
T1E68 358:477.632 JLINK_IsHalted()
T1E68 358:478.304 - 0.697ms returns FALSE
T1E68 358:478.336 JLINK_IsHalted()
T1E68 358:478.944 - 0.611ms returns FALSE
T0658 358:553.568 JLINK_IsHalted()
T0658 358:554.240 - 0.661ms returns FALSE
T0658 358:554.272 JLINK_IsHalted()
T0658 358:554.880 - 0.616ms returns FALSE
T1E68 358:587.328 JLINK_IsHalted()
T1E68 358:587.968 - 0.636ms returns FALSE
T1E68 358:587.968 JLINK_IsHalted()
T1E68 358:588.576 - 0.569ms returns FALSE
T1E68 358:696.064 JLINK_IsHalted()
T1E68 358:696.736 - 0.646ms returns FALSE
T1E68 358:696.768 JLINK_IsHalted()
T1E68 358:697.280 - 0.541ms returns FALSE
T1E68 358:805.312 JLINK_IsHalted()
T1E68 358:852.256 - 46.914ms returns FALSE
T1E68 358:852.288 JLINK_IsHalted()
T1E68 358:852.896 - 0.608ms returns FALSE
T1E68 358:962.048 JLINK_IsHalted()
T1E68 358:962.752 - 0.681ms returns FALSE
T1E68 358:962.752 JLINK_IsHalted()
T1E68 358:963.392 - 0.622ms returns FALSE
T1E68 359:071.168 JLINK_IsHalted()
T1E68 359:071.840 - 0.661ms returns FALSE
T1E68 359:071.904 JLINK_IsHalted()
T1E68 359:072.480 - 0.589ms returns FALSE
T1E68 359:181.152 JLINK_IsHalted()
T1E68 359:181.856 - 0.707ms returns FALSE
T1E68 359:181.888 JLINK_IsHalted()
T1E68 359:182.464 - 0.562ms returns FALSE
T1E68 359:289.888 JLINK_IsHalted()
T1E68 359:290.656 - 0.763ms returns FALSE
T1E68 359:290.688 JLINK_IsHalted()
T1E68 359:291.328 - 0.644ms returns FALSE
T1E68 359:399.616 JLINK_IsHalted()
T1E68 359:400.384 - 0.771ms returns FALSE
T1E68 359:400.448 JLINK_IsHalted()
T1E68 359:401.088 - 0.637ms returns FALSE
T1E68 359:508.416 JLINK_IsHalted()
T1E68 359:509.024 - 0.605ms returns FALSE
T1E68 359:509.056 JLINK_IsHalted()
T1E68 359:509.696 - 0.634ms returns FALSE
T0658 359:555.520 JLINK_IsHalted()
T0658 359:556.288 - 0.715ms returns FALSE
T0658 359:556.320 JLINK_IsHalted()
T0658 359:556.928 - 0.617ms returns FALSE
T1E68 359:618.112 JLINK_IsHalted()
T1E68 359:618.752 - 0.636ms returns FALSE
T1E68 359:618.752 JLINK_IsHalted()
T1E68 359:619.360 - 0.570ms returns FALSE
T1E68 359:727.872 JLINK_IsHalted()
T1E68 359:728.512 - 0.639ms returns FALSE
T1E68 359:728.544 JLINK_IsHalted()
T1E68 359:729.088 - 0.557ms returns FALSE
T1E68 359:836.608 JLINK_IsHalted()
T1E68 359:837.248 - 0.645ms returns FALSE
T1E68 359:837.280 JLINK_IsHalted()
T1E68 359:837.888 - 0.623ms returns FALSE
T1E68 359:946.304 JLINK_IsHalted()
T1E68 359:946.944 - 0.667ms returns FALSE
T1E68 359:947.008 JLINK_IsHalted()
T1E68 359:947.680 - 0.666ms returns FALSE
T1E68 360:056.000 JLINK_IsHalted()
T1E68 360:056.640 - 0.631ms returns FALSE
T1E68 360:056.672 JLINK_IsHalted()
T1E68 360:057.280 - 0.596ms returns FALSE
T1E68 360:164.960 JLINK_IsHalted()
T1E68 360:215.392 - 50.435ms returns FALSE
T1E68 360:215.456 JLINK_IsHalted()
T1E68 360:216.000 - 0.572ms returns FALSE
T1E68 360:321.312 JLINK_IsHalted()
T1E68 360:321.984 - 0.681ms returns FALSE
T1E68 360:322.048 JLINK_IsHalted()
T1E68 360:322.656 - 0.619ms returns FALSE
T1E68 360:431.040 JLINK_IsHalted()
T1E68 360:431.680 - 0.616ms returns FALSE
T1E68 360:431.680 JLINK_IsHalted()
T1E68 360:432.256 - 0.552ms returns FALSE
T1E68 360:539.744 JLINK_IsHalted()
T1E68 360:540.416 - 0.670ms returns FALSE
T1E68 360:540.480 JLINK_IsHalted()
T1E68 360:541.056 - 0.597ms returns FALSE
T0658 360:556.800 JLINK_IsHalted()
T0658 360:557.504 - 0.695ms returns FALSE
T0658 360:557.536 JLINK_IsHalted()
T0658 360:558.112 - 0.562ms returns FALSE
T1E68 360:649.536 JLINK_IsHalted()
T1E68 360:650.240 - 0.682ms returns FALSE
T1E68 360:650.272 JLINK_IsHalted()
T1E68 360:650.816 - 0.578ms returns FALSE
T1E68 360:758.592 JLINK_IsHalted()
T1E68 360:759.232 - 0.651ms returns FALSE
T1E68 360:759.296 JLINK_IsHalted()
T1E68 360:759.936 - 0.625ms returns FALSE
T1E68 360:868.512 JLINK_IsHalted()
T1E68 360:869.216 - 0.721ms returns FALSE
T1E68 360:869.280 JLINK_IsHalted()
T1E68 360:869.920 - 0.632ms returns FALSE
T1E68 360:977.216 JLINK_IsHalted()
T1E68 360:977.824 - 0.607ms returns FALSE
T1E68 360:977.856 JLINK_IsHalted()
T1E68 360:978.400 - 0.567ms returns FALSE
T1E68 361:087.008 JLINK_IsHalted()
T1E68 361:087.616 - 0.622ms returns FALSE
T1E68 361:087.648 JLINK_IsHalted()
T1E68 361:088.160 - 0.523ms returns FALSE
T1E68 361:195.840 JLINK_IsHalted()
T1E68 361:196.448 - 0.604ms returns FALSE
T1E68 361:196.448 JLINK_IsHalted()
T1E68 361:196.992 - 0.523ms returns FALSE
T1E68 361:305.536 JLINK_IsHalted()
T1E68 361:306.240 - 0.704ms returns FALSE
T1E68 361:306.272 JLINK_IsHalted()
T1E68 361:306.848 - 0.595ms returns FALSE
T1E68 361:415.360 JLINK_IsHalted()
T1E68 361:415.936 - 0.604ms returns FALSE
T1E68 361:415.968 JLINK_IsHalted()
T1E68 361:416.512 - 0.527ms returns FALSE
T1E68 361:523.936 JLINK_IsHalted()
T1E68 361:573.696 - 49.766ms returns FALSE
T1E68 361:573.760 JLINK_IsHalted()
T1E68 361:574.368 - 0.615ms returns FALSE
T0658 361:574.496 JLINK_IsHalted()
T0658 361:575.136 - 0.630ms returns FALSE
T0658 361:575.200 JLINK_IsHalted()
T0658 361:575.744 - 0.572ms returns FALSE
T1E68 361:680.992 JLINK_IsHalted()
T1E68 361:681.664 - 0.666ms returns FALSE
T1E68 361:681.696 JLINK_IsHalted()
T1E68 361:682.304 - 0.602ms returns FALSE
T1E68 361:789.856 JLINK_IsHalted()
T1E68 361:790.528 - 0.686ms returns FALSE
T1E68 361:790.560 JLINK_IsHalted()
T1E68 361:791.232 - 0.660ms returns FALSE
T1E68 361:899.648 JLINK_IsHalted()
T1E68 361:900.352 - 0.685ms returns FALSE
T1E68 361:900.384 JLINK_IsHalted()
T1E68 361:900.992 - 0.605ms returns FALSE
T1E68 362:008.928 JLINK_IsHalted()
T1E68 362:009.664 - 0.719ms returns FALSE
T1E68 362:009.696 JLINK_IsHalted()
T1E68 362:010.304 - 0.586ms returns FALSE
T1E68 362:117.952 JLINK_IsHalted()
T1E68 362:118.656 - 0.707ms returns FALSE
T1E68 362:118.720 JLINK_IsHalted()
T1E68 362:119.328 - 0.629ms returns FALSE
T1E68 362:227.520 JLINK_IsHalted()
T1E68 362:228.192 - 0.697ms returns FALSE
T1E68 362:228.224 JLINK_IsHalted()
T1E68 362:228.800 - 0.556ms returns FALSE
T1E68 362:336.416 JLINK_IsHalted()
T1E68 362:337.024 - 0.624ms returns FALSE
T1E68 362:337.056 JLINK_IsHalted()
T1E68 362:337.632 - 0.568ms returns FALSE
T1E68 362:446.176 JLINK_IsHalted()
T1E68 362:446.848 - 0.669ms returns FALSE
T1E68 362:446.880 JLINK_IsHalted()
T1E68 362:447.488 - 0.598ms returns FALSE
T1E68 362:555.840 JLINK_IsHalted()
T1E68 362:556.576 - 0.696ms returns FALSE
T1E68 362:556.608 JLINK_IsHalted()
T1E68 362:557.248 - 0.627ms returns FALSE
T0658 362:576.960 JLINK_IsHalted()
T0658 362:577.728 - 0.738ms returns FALSE
T0658 362:577.760 JLINK_IsHalted()
T0658 362:578.368 - 0.617ms returns FALSE
T1E68 362:664.704 JLINK_IsHalted()
T1E68 362:665.376 - 0.671ms returns FALSE
T1E68 362:665.408 JLINK_IsHalted()
T1E68 362:666.048 - 0.604ms returns FALSE
T1E68 362:774.336 JLINK_IsHalted()
T1E68 362:774.944 - 0.586ms returns FALSE
T1E68 362:774.976 JLINK_IsHalted()
T1E68 362:775.488 - 0.525ms returns FALSE
T1E68 362:883.360 JLINK_IsHalted()
T1E68 362:884.032 - 0.680ms returns FALSE
T1E68 362:884.064 JLINK_IsHalted()
T1E68 362:884.672 - 0.591ms returns FALSE
T1E68 362:993.600 JLINK_IsHalted()
T1E68 362:994.304 - 0.708ms returns FALSE
T1E68 362:994.368 JLINK_IsHalted()
T1E68 362:994.976 - 0.618ms returns FALSE
T1E68 363:102.336 JLINK_IsHalted()
T1E68 363:103.040 - 0.696ms returns FALSE
T1E68 363:103.072 JLINK_IsHalted()
T1E68 363:103.712 - 0.623ms returns FALSE
T1E68 363:212.000 JLINK_IsHalted()
T1E68 363:212.736 - 0.715ms returns FALSE
T1E68 363:212.768 JLINK_IsHalted()
T1E68 363:213.376 - 0.593ms returns FALSE
T1E68 363:321.760 JLINK_IsHalted()
T1E68 363:322.432 - 0.699ms returns FALSE
T1E68 363:322.496 JLINK_IsHalted()
T1E68 363:323.072 - 0.568ms returns FALSE
T1E68 363:430.752 JLINK_IsHalted()
T1E68 363:431.424 - 0.650ms returns FALSE
T1E68 363:431.488 JLINK_IsHalted()
T1E68 363:432.032 - 0.580ms returns FALSE
T1E68 363:539.520 JLINK_IsHalted()
T1E68 363:540.224 - 0.708ms returns FALSE
T1E68 363:540.288 JLINK_IsHalted()
T1E68 363:540.896 - 0.624ms returns FALSE
T0658 363:578.592 JLINK_IsHalted()
T0658 363:579.296 - 0.685ms returns FALSE
T0658 363:579.328 JLINK_IsHalted()
T0658 363:579.936 - 0.602ms returns FALSE
T1E68 363:649.248 JLINK_IsHalted()
T1E68 363:649.952 - 0.672ms returns FALSE
T1E68 363:649.984 JLINK_IsHalted()
T1E68 363:650.528 - 0.566ms returns FALSE
T1E68 363:759.200 JLINK_IsHalted()
T1E68 363:759.904 - 0.705ms returns FALSE
T1E68 363:759.936 JLINK_IsHalted()
T1E68 363:760.512 - 0.576ms returns FALSE
T1E68 363:867.840 JLINK_IsHalted()
T1E68 363:868.544 - 0.671ms returns FALSE
T1E68 363:868.576 JLINK_IsHalted()
T1E68 363:869.248 - 0.653ms returns FALSE
T1E68 363:977.664 JLINK_IsHalted()
T1E68 363:978.336 - 0.663ms returns FALSE
T1E68 363:978.368 JLINK_IsHalted()
T1E68 363:978.944 - 0.578ms returns FALSE
T1E68 364:087.360 JLINK_IsHalted()
T1E68 364:088.032 - 0.664ms returns FALSE
T1E68 364:088.064 JLINK_IsHalted()
T1E68 364:088.704 - 0.633ms returns FALSE
T1E68 364:196.064 JLINK_IsHalted()
T1E68 364:196.736 - 0.669ms returns FALSE
T1E68 364:196.800 JLINK_IsHalted()
T1E68 364:197.376 - 0.599ms returns FALSE
T1E68 364:306.080 JLINK_IsHalted()
T1E68 364:307.296 - 1.231ms returns FALSE
T1E68 364:307.328 JLINK_IsHalted()
T1E68 364:307.840 - 0.510ms returns FALSE
T1E68 364:415.040 JLINK_IsHalted()
T1E68 364:415.680 - 0.635ms returns FALSE
T1E68 364:415.712 JLINK_IsHalted()
T1E68 364:416.288 - 0.579ms returns FALSE
T1E68 364:524.352 JLINK_IsHalted()
T1E68 364:525.056 - 0.699ms returns FALSE
T1E68 364:525.120 JLINK_IsHalted()
T1E68 364:525.696 - 0.593ms returns FALSE
T0658 364:580.384 JLINK_IsHalted()
T0658 364:581.024 - 0.638ms returns FALSE
T0658 364:581.056 JLINK_IsHalted()
T0658 364:581.632 - 0.580ms returns FALSE
T1E68 364:634.240 JLINK_IsHalted()
T1E68 364:634.944 - 0.711ms returns FALSE
T1E68 364:634.976 JLINK_IsHalted()
T1E68 364:635.584 - 0.594ms returns FALSE
T1E68 364:742.848 JLINK_IsHalted()
T1E68 364:743.520 - 0.673ms returns FALSE
T1E68 364:743.584 JLINK_IsHalted()
T1E68 364:744.224 - 0.651ms returns FALSE
T1E68 364:852.672 JLINK_IsHalted()
T1E68 364:853.344 - 0.667ms returns FALSE
T1E68 364:853.440 JLINK_IsHalted()
T1E68 364:854.048 - 0.609ms returns FALSE
T1E68 364:962.368 JLINK_IsHalted()
T1E68 364:963.072 - 0.705ms returns FALSE
T1E68 364:963.136 JLINK_IsHalted()
T1E68 364:963.776 - 0.631ms returns FALSE
T1E68 365:071.200 JLINK_IsHalted()
T1E68 365:071.904 - 0.707ms returns FALSE
T1E68 365:071.936 JLINK_IsHalted()
T1E68 365:072.576 - 0.620ms returns FALSE
T1E68 365:180.896 JLINK_IsHalted()
T1E68 365:181.568 - 0.677ms returns FALSE
T1E68 365:181.600 JLINK_IsHalted()
T1E68 365:182.208 - 0.615ms returns FALSE
T1E68 365:289.824 JLINK_IsHalted()
T1E68 365:290.528 - 0.698ms returns FALSE
T1E68 365:290.560 JLINK_IsHalted()
T1E68 365:291.200 - 0.652ms returns FALSE
T1E68 365:399.776 JLINK_IsHalted()
T1E68 365:400.480 - 0.702ms returns FALSE
T1E68 365:400.512 JLINK_IsHalted()
T1E68 365:401.152 - 0.625ms returns FALSE
T1E68 365:508.544 JLINK_IsHalted()
T1E68 365:509.184 - 0.648ms returns FALSE
T1E68 365:509.248 JLINK_IsHalted()
T1E68 365:509.888 - 0.625ms returns FALSE
T0658 365:581.504 JLINK_IsHalted()
T0658 365:582.144 - 0.612ms returns FALSE
T0658 365:582.144 JLINK_IsHalted()
T0658 365:582.688 - 0.560ms returns FALSE
T1E68 365:618.400 JLINK_IsHalted()
T1E68 365:674.688 - 56.256ms returns FALSE
T1E68 365:674.720 JLINK_IsHalted()
T1E68 365:675.328 - 0.622ms returns FALSE
T1E68 365:774.848 JLINK_IsHalted()
T1E68 365:775.456 - 0.623ms returns FALSE
T1E68 365:775.520 JLINK_IsHalted()
T1E68 365:776.096 - 0.599ms returns FALSE
T1E68 365:883.520 JLINK_IsHalted()
T1E68 365:884.224 - 0.713ms returns FALSE
T1E68 365:884.256 JLINK_IsHalted()
T1E68 365:884.864 - 0.594ms returns FALSE
T1E68 365:993.216 JLINK_IsHalted()
T1E68 365:993.888 - 0.665ms returns FALSE
T1E68 365:993.920 JLINK_IsHalted()
T1E68 365:994.464 - 0.552ms returns FALSE
T1E68 366:102.560 JLINK_IsHalted()
T1E68 366:103.232 - 0.666ms returns FALSE
T1E68 366:103.264 JLINK_IsHalted()
T1E68 366:103.872 - 0.582ms returns FALSE
T1E68 366:212.320 JLINK_IsHalted()
T1E68 366:212.928 - 0.609ms returns FALSE
T1E68 366:212.960 JLINK_IsHalted()
T1E68 366:213.504 - 0.528ms returns FALSE
T1E68 366:321.216 JLINK_IsHalted()
T1E68 366:321.856 - 0.623ms returns FALSE
T1E68 366:321.856 JLINK_IsHalted()
T1E68 366:322.464 - 0.588ms returns FALSE
T1E68 366:430.912 JLINK_IsHalted()
T1E68 366:431.648 - 0.745ms returns FALSE
T1E68 366:431.680 JLINK_IsHalted()
T1E68 366:432.288 - 0.584ms returns FALSE
T1E68 366:539.584 JLINK_IsHalted()
T1E68 366:540.320 - 0.733ms returns FALSE
T1E68 366:540.352 JLINK_IsHalted()
T1E68 366:540.928 - 0.579ms returns FALSE
T0658 366:583.776 JLINK_IsHalted()
T0658 366:584.512 - 0.709ms returns FALSE
T0658 366:584.512 JLINK_IsHalted()
T0658 366:585.248 - 0.700ms returns FALSE
T1E68 366:649.440 JLINK_IsHalted()
T1E68 366:650.112 - 0.684ms returns FALSE
T1E68 366:650.176 JLINK_IsHalted()
T1E68 366:650.784 - 0.619ms returns FALSE
T1E68 366:758.464 JLINK_IsHalted()
T1E68 366:759.104 - 0.615ms returns FALSE
T1E68 366:759.136 JLINK_IsHalted()
T1E68 366:759.744 - 0.631ms returns FALSE
T1E68 366:868.288 JLINK_IsHalted()
T1E68 366:868.960 - 0.706ms returns FALSE
T1E68 366:869.024 JLINK_IsHalted()
T1E68 366:869.664 - 0.643ms returns FALSE
T1E68 366:977.248 JLINK_IsHalted()
T1E68 367:035.648 - 58.399ms returns FALSE
T1E68 367:035.712 JLINK_IsHalted()
T1E68 367:036.352 - 0.635ms returns FALSE
T1E68 367:133.888 JLINK_IsHalted()
T1E68 367:134.592 - 0.681ms returns FALSE
T1E68 367:134.624 JLINK_IsHalted()
T1E68 367:135.264 - 0.623ms returns FALSE
T1E68 367:242.816 JLINK_IsHalted()
T1E68 367:243.456 - 0.615ms returns FALSE
T1E68 367:243.456 JLINK_IsHalted()
T1E68 367:244.032 - 0.570ms returns FALSE
T1E68 367:352.736 JLINK_IsHalted()
T1E68 367:353.376 - 0.650ms returns FALSE
T1E68 367:353.408 JLINK_IsHalted()
T1E68 367:354.016 - 0.584ms returns FALSE
T1E68 367:461.408 JLINK_IsHalted()
T1E68 367:462.048 - 0.652ms returns FALSE
T1E68 367:462.080 JLINK_IsHalted()
T1E68 367:462.688 - 0.594ms returns FALSE
T1E68 367:571.232 JLINK_IsHalted()
T1E68 367:571.904 - 0.694ms returns FALSE
T1E68 367:571.968 JLINK_IsHalted()
T1E68 367:572.640 - 0.672ms returns FALSE
T0658 367:586.368 JLINK_IsHalted()
T0658 367:587.008 - 0.643ms returns FALSE
T0658 367:587.040 JLINK_IsHalted()
T0658 367:587.648 - 0.599ms returns FALSE
T1E68 367:680.224 JLINK_IsHalted()
T1E68 367:680.960 - 0.730ms returns FALSE
T1E68 367:680.992 JLINK_IsHalted()
T1E68 367:681.632 - 0.641ms returns FALSE
T1E68 367:790.016 JLINK_IsHalted()
T1E68 367:790.720 - 0.707ms returns FALSE
T1E68 367:790.752 JLINK_IsHalted()
T1E68 367:791.392 - 0.634ms returns FALSE
T1E68 367:899.680 JLINK_IsHalted()
T1E68 367:900.320 - 0.649ms returns FALSE
T1E68 367:900.352 JLINK_IsHalted()
T1E68 367:900.928 - 0.577ms returns FALSE
T1E68 368:008.544 JLINK_IsHalted()
T1E68 368:009.216 - 0.657ms returns FALSE
T1E68 368:009.280 JLINK_IsHalted()
T1E68 368:009.920 - 0.652ms returns FALSE
T1E68 368:118.432 JLINK_IsHalted()
T1E68 368:119.104 - 0.658ms returns FALSE
T1E68 368:119.104 JLINK_IsHalted()
T1E68 368:119.744 - 0.593ms returns FALSE
T1E68 368:227.232 JLINK_IsHalted()
T1E68 368:227.808 - 0.602ms returns FALSE
T1E68 368:227.840 JLINK_IsHalted()
T1E68 368:228.384 - 0.523ms returns FALSE
T1E68 368:336.704 JLINK_IsHalted()
T1E68 368:389.440 - 52.770ms returns FALSE
T1E68 368:389.536 JLINK_IsHalted()
T1E68 368:390.208 - 0.684ms returns FALSE
T1E68 368:492.672 JLINK_IsHalted()
T1E68 368:493.376 - 0.714ms returns FALSE
T1E68 368:493.408 JLINK_IsHalted()
T1E68 368:494.016 - 0.595ms returns FALSE
T0658 368:587.616 JLINK_IsHalted()
T0658 368:588.224 - 0.605ms returns FALSE
T0658 368:588.256 JLINK_IsHalted()
T0658 368:588.800 - 0.556ms returns FALSE
T1E68 368:602.400 JLINK_IsHalted()
T1E68 368:603.008 - 0.607ms returns FALSE
T1E68 368:603.040 JLINK_IsHalted()
T1E68 368:603.616 - 0.591ms returns FALSE
T1E68 368:712.128 JLINK_IsHalted()
T1E68 368:712.864 - 0.712ms returns FALSE
T1E68 368:712.896 JLINK_IsHalted()
T1E68 368:713.536 - 0.629ms returns FALSE
T1E68 368:821.024 JLINK_IsHalted()
T1E68 368:821.696 - 0.691ms returns FALSE
T1E68 368:821.760 JLINK_IsHalted()
T1E68 368:822.368 - 0.616ms returns FALSE
T1E68 368:930.752 JLINK_IsHalted()
T1E68 368:931.392 - 0.653ms returns FALSE
T1E68 368:931.392 JLINK_IsHalted()
T1E68 368:931.968 - 0.553ms returns FALSE
T1E68 369:040.480 JLINK_IsHalted()
T1E68 369:041.216 - 0.738ms returns FALSE
T1E68 369:041.280 JLINK_IsHalted()
T1E68 369:041.920 - 0.632ms returns FALSE
T1E68 369:149.280 JLINK_IsHalted()
T1E68 369:150.016 - 0.706ms returns FALSE
T1E68 369:150.048 JLINK_IsHalted()
T1E68 369:150.688 - 0.630ms returns FALSE
T1E68 369:259.072 JLINK_IsHalted()
T1E68 369:259.744 - 0.662ms returns FALSE
T1E68 369:259.776 JLINK_IsHalted()
T1E68 369:260.352 - 0.554ms returns FALSE
T1E68 369:368.064 JLINK_IsHalted()
T1E68 369:368.800 - 0.731ms returns FALSE
T1E68 369:368.832 JLINK_IsHalted()
T1E68 369:369.472 - 0.630ms returns FALSE
T1E68 369:477.984 JLINK_IsHalted()
T1E68 369:478.688 - 0.693ms returns FALSE
T1E68 369:478.720 JLINK_IsHalted()
T1E68 369:479.360 - 0.617ms returns FALSE
T1E68 369:586.752 JLINK_IsHalted()
T1E68 369:587.488 - 0.747ms returns FALSE
T1E68 369:587.520 JLINK_IsHalted()
T1E68 369:588.096 - 0.585ms returns FALSE
T0658 369:589.216 JLINK_IsHalted()
T0658 369:589.856 - 0.640ms returns FALSE
T0658 369:589.888 JLINK_IsHalted()
T0658 369:590.464 - 0.579ms returns FALSE
T1E68 369:696.480 JLINK_IsHalted()
T1E68 369:751.232 - 54.758ms returns FALSE
T1E68 369:751.296 JLINK_IsHalted()
T1E68 369:751.936 - 0.646ms returns FALSE
T1E68 369:852.672 JLINK_IsHalted()
T1E68 369:853.376 - 0.706ms returns FALSE
T1E68 369:853.440 JLINK_IsHalted()
T1E68 369:854.048 - 0.627ms returns FALSE
T1E68 369:961.600 JLINK_IsHalted()
T1E68 369:962.272 - 0.669ms returns FALSE
T1E68 369:962.304 JLINK_IsHalted()
T1E68 369:962.912 - 0.600ms returns FALSE
T1E68 370:071.520 JLINK_IsHalted()
T1E68 370:072.224 - 0.688ms returns FALSE
T1E68 370:072.256 JLINK_IsHalted()
T1E68 370:072.896 - 0.615ms returns FALSE
T1E68 370:180.224 JLINK_IsHalted()
T1E68 370:180.960 - 0.738ms returns FALSE
T1E68 370:181.024 JLINK_IsHalted()
T1E68 370:181.664 - 0.640ms returns FALSE
T1E68 370:290.016 JLINK_IsHalted()
T1E68 370:290.752 - 0.712ms returns FALSE
T1E68 370:290.784 JLINK_IsHalted()
T1E68 370:291.392 - 0.596ms returns FALSE
T1E68 370:399.872 JLINK_IsHalted()
T1E68 370:400.576 - 0.713ms returns FALSE
T1E68 370:400.608 JLINK_IsHalted()
T1E68 370:401.312 - 0.674ms returns FALSE
T1E68 370:508.544 JLINK_IsHalted()
T1E68 370:509.216 - 0.664ms returns FALSE
T1E68 370:509.248 JLINK_IsHalted()
T1E68 370:509.888 - 0.616ms returns FALSE
T0658 370:590.592 JLINK_IsHalted()
T0658 370:591.264 - 0.652ms returns FALSE
T0658 370:591.296 JLINK_IsHalted()
T0658 370:591.872 - 0.594ms returns FALSE
T1E68 370:618.304 JLINK_IsHalted()
T1E68 370:618.976 - 0.686ms returns FALSE
T1E68 370:619.008 JLINK_IsHalted()
T1E68 370:619.648 - 0.630ms returns FALSE
T1E68 370:727.232 JLINK_IsHalted()
T1E68 370:727.904 - 0.693ms returns FALSE
T1E68 370:727.936 JLINK_IsHalted()
T1E68 370:728.512 - 0.571ms returns FALSE
T1E68 370:836.864 JLINK_IsHalted()
T1E68 370:837.568 - 0.680ms returns FALSE
T1E68 370:837.568 JLINK_IsHalted()
T1E68 370:838.208 - 0.623ms returns FALSE
T1E68 370:946.656 JLINK_IsHalted()
T1E68 370:947.296 - 0.632ms returns FALSE
T1E68 370:947.328 JLINK_IsHalted()
T1E68 370:947.904 - 0.567ms returns FALSE
T1E68 371:055.392 JLINK_IsHalted()
T1E68 371:056.032 - 0.639ms returns FALSE
T1E68 371:056.064 JLINK_IsHalted()
T1E68 371:056.640 - 0.602ms returns FALSE
T1E68 371:164.544 JLINK_IsHalted()
T1E68 371:165.248 - 0.671ms returns FALSE
T1E68 371:165.248 JLINK_IsHalted()
T1E68 371:165.888 - 0.613ms returns FALSE
T1E68 371:274.816 JLINK_IsHalted()
T1E68 371:275.456 - 0.666ms returns FALSE
T1E68 371:275.520 JLINK_IsHalted()
T1E68 371:276.224 - 0.711ms returns FALSE
T1E68 371:383.616 JLINK_IsHalted()
T1E68 371:384.288 - 0.657ms returns FALSE
T1E68 371:384.320 JLINK_IsHalted()
T1E68 371:384.928 - 0.602ms returns FALSE
T1E68 371:493.280 JLINK_IsHalted()
T1E68 371:493.952 - 0.663ms returns FALSE
T1E68 371:493.952 JLINK_IsHalted()
T1E68 371:494.560 - 0.579ms returns FALSE
T0658 371:591.616 JLINK_IsHalted()
T0658 371:592.352 - 0.729ms returns FALSE
T0658 371:592.384 JLINK_IsHalted()
T0658 371:592.992 - 0.579ms returns FALSE
T1E68 371:602.432 JLINK_IsHalted()
T1E68 371:603.104 - 0.662ms returns FALSE
T1E68 371:603.136 JLINK_IsHalted()
T1E68 371:603.776 - 0.630ms returns FALSE
T1E68 371:712.064 JLINK_IsHalted()
T1E68 371:712.768 - 0.707ms returns FALSE
T1E68 371:712.800 JLINK_IsHalted()
T1E68 371:713.344 - 0.555ms returns FALSE
T1E68 371:820.960 JLINK_IsHalted()
T1E68 371:821.600 - 0.638ms returns FALSE
T1E68 371:821.632 JLINK_IsHalted()
T1E68 371:822.176 - 0.540ms returns FALSE
T1E68 371:930.336 JLINK_IsHalted()
T1E68 371:931.072 - 0.721ms returns FALSE
T1E68 371:931.104 JLINK_IsHalted()
T1E68 371:931.712 - 0.609ms returns FALSE
T1E68 372:040.000 JLINK_IsHalted()
T1E68 372:040.736 - 0.703ms returns FALSE
T1E68 372:040.768 JLINK_IsHalted()
T1E68 372:041.376 - 0.607ms returns FALSE
T1E68 372:149.824 JLINK_IsHalted()
T1E68 372:150.528 - 0.683ms returns FALSE
T1E68 372:150.592 JLINK_IsHalted()
T1E68 372:151.232 - 0.652ms returns FALSE
T1E68 372:258.528 JLINK_IsHalted()
T1E68 372:259.200 - 0.660ms returns FALSE
T1E68 372:259.264 JLINK_IsHalted()
T1E68 372:259.872 - 0.622ms returns FALSE
T1E68 372:368.320 JLINK_IsHalted()
T1E68 372:368.992 - 0.689ms returns FALSE
T1E68 372:369.056 JLINK_IsHalted()
T1E68 372:369.696 - 0.635ms returns FALSE
T1E68 372:477.280 JLINK_IsHalted()
T1E68 372:479.040 - 1.765ms returns FALSE
T1E68 372:479.104 JLINK_IsHalted()
T1E68 372:479.744 - 0.651ms returns FALSE
T1E68 372:586.944 JLINK_IsHalted()
T1E68 372:587.584 - 0.656ms returns FALSE
T1E68 372:587.616 JLINK_IsHalted()
T1E68 372:588.160 - 0.534ms returns FALSE
T0658 372:593.088 JLINK_IsHalted()
T0658 372:593.632 - 0.543ms returns FALSE
T0658 372:593.664 JLINK_IsHalted()
T0658 372:594.176 - 0.507ms returns FALSE
T1E68 372:696.672 JLINK_IsHalted()
T1E68 372:697.280 - 0.606ms returns FALSE
T1E68 372:697.312 JLINK_IsHalted()
T1E68 372:697.888 - 0.561ms returns FALSE
T1E68 372:805.824 JLINK_IsHalted()
T1E68 372:806.496 - 0.704ms returns FALSE
T1E68 372:806.560 JLINK_IsHalted()
T1E68 372:807.232 - 0.674ms returns FALSE
T1E68 372:914.848 JLINK_IsHalted()
T1E68 372:915.648 - 0.802ms returns FALSE
T1E68 372:915.680 JLINK_IsHalted()
T1E68 372:916.288 - 0.584ms returns FALSE
T1E68 373:024.640 JLINK_IsHalted()
T1E68 373:025.344 - 0.726ms returns FALSE
T1E68 373:025.408 JLINK_IsHalted()
T1E68 373:026.048 - 0.653ms returns FALSE
T1E68 373:133.376 JLINK_IsHalted()
T1E68 373:134.048 - 0.695ms returns FALSE
T1E68 373:134.112 JLINK_IsHalted()
T1E68 373:134.720 - 0.632ms returns FALSE
T1E68 373:243.072 JLINK_IsHalted()
T1E68 373:243.712 - 0.678ms returns FALSE
T1E68 373:243.776 JLINK_IsHalted()
T1E68 373:244.352 - 0.571ms returns FALSE
T1E68 373:352.768 JLINK_IsHalted()
T1E68 373:353.472 - 0.699ms returns FALSE
T1E68 373:353.536 JLINK_IsHalted()
T1E68 373:354.240 - 0.701ms returns FALSE
T1E68 373:461.568 JLINK_IsHalted()
T1E68 373:462.208 - 0.633ms returns FALSE
T1E68 373:462.240 JLINK_IsHalted()
T1E68 373:462.816 - 0.562ms returns FALSE
T1E68 373:571.264 JLINK_IsHalted()
T1E68 373:571.936 - 0.660ms returns FALSE
T1E68 373:571.968 JLINK_IsHalted()
T1E68 373:572.544 - 0.576ms returns FALSE
T0658 373:594.400 JLINK_IsHalted()
T0658 373:595.104 - 0.694ms returns FALSE
T0658 373:595.136 JLINK_IsHalted()
T0658 373:595.744 - 0.608ms returns FALSE
T1E68 373:680.992 JLINK_IsHalted()
T1E68 373:681.696 - 0.684ms returns FALSE
T1E68 373:681.728 JLINK_IsHalted()
T1E68 373:682.368 - 0.618ms returns FALSE
T1E68 373:789.824 JLINK_IsHalted()
T1E68 373:790.496 - 0.676ms returns FALSE
T1E68 373:790.528 JLINK_IsHalted()
T1E68 373:791.136 - 0.600ms returns FALSE
T1E68 373:899.584 JLINK_IsHalted()
T1E68 373:900.224 - 0.662ms returns FALSE
T1E68 373:900.256 JLINK_IsHalted()
T1E68 373:900.864 - 0.593ms returns FALSE
T1E68 374:008.384 JLINK_IsHalted()
T1E68 374:009.024 - 0.628ms returns FALSE
T1E68 374:009.024 JLINK_IsHalted()
T1E68 374:009.664 - 0.613ms returns FALSE
T1E68 374:118.080 JLINK_IsHalted()
T1E68 374:118.816 - 0.725ms returns FALSE
T1E68 374:118.848 JLINK_IsHalted()
T1E68 374:119.488 - 0.620ms returns FALSE
T1E68 374:227.872 JLINK_IsHalted()
T1E68 374:228.544 - 0.686ms returns FALSE
T1E68 374:228.608 JLINK_IsHalted()
T1E68 374:229.216 - 0.623ms returns FALSE
T1E68 374:336.800 JLINK_IsHalted()
T1E68 374:337.536 - 0.737ms returns FALSE
T1E68 374:337.600 JLINK_IsHalted()
T1E68 374:338.240 - 0.638ms returns FALSE
T1E68 374:446.560 JLINK_IsHalted()
T1E68 374:447.296 - 0.740ms returns FALSE
T1E68 374:447.296 JLINK_IsHalted()
T1E68 374:447.936 - 0.592ms returns FALSE
T1E68 374:555.200 JLINK_IsHalted()
T1E68 374:555.808 - 0.619ms returns FALSE
T1E68 374:555.840 JLINK_IsHalted()
T1E68 374:556.352 - 0.537ms returns FALSE
T0658 374:596.352 JLINK_IsHalted()
T0658 374:597.056 - 0.719ms returns FALSE
T0658 374:597.088 JLINK_IsHalted()
T0658 374:597.728 - 0.637ms returns FALSE
T1E68 374:664.992 JLINK_IsHalted()
T1E68 374:665.664 - 0.691ms returns FALSE
T1E68 374:665.728 JLINK_IsHalted()
T1E68 374:666.336 - 0.630ms returns FALSE
T1E68 374:774.656 JLINK_IsHalted()
T1E68 374:775.296 - 0.623ms returns FALSE
T1E68 374:775.328 JLINK_IsHalted()
T1E68 374:775.904 - 0.581ms returns FALSE
T1E68 374:883.456 JLINK_IsHalted()
T1E68 374:884.160 - 0.680ms returns FALSE
T1E68 374:884.192 JLINK_IsHalted()
T1E68 374:884.768 - 0.569ms returns FALSE
T1E68 374:993.216 JLINK_IsHalted()
T1E68 374:993.824 - 0.615ms returns FALSE
T1E68 374:993.856 JLINK_IsHalted()
T1E68 374:994.368 - 0.543ms returns FALSE
T1E68 375:102.912 JLINK_IsHalted()
T1E68 375:103.552 - 0.645ms returns FALSE
T1E68 375:103.552 JLINK_IsHalted()
T1E68 375:104.192 - 0.623ms returns FALSE
T1E68 375:212.064 JLINK_IsHalted()
T1E68 375:212.800 - 0.733ms returns FALSE
T1E68 375:212.832 JLINK_IsHalted()
T1E68 375:213.440 - 0.607ms returns FALSE
T1E68 375:321.248 JLINK_IsHalted()
T1E68 375:321.824 - 0.590ms returns FALSE
T1E68 375:321.856 JLINK_IsHalted()
T1E68 375:322.400 - 0.523ms returns FALSE
T1E68 375:431.104 JLINK_IsHalted()
T1E68 375:431.712 - 0.611ms returns FALSE
T1E68 375:431.744 JLINK_IsHalted()
T1E68 375:432.288 - 0.537ms returns FALSE
T1E68 375:539.808 JLINK_IsHalted()
T1E68 375:540.448 - 0.643ms returns FALSE
T1E68 375:540.480 JLINK_IsHalted()
T1E68 375:541.056 - 0.578ms returns FALSE
T0658 375:597.792 JLINK_IsHalted()
T0658 375:598.400 - 0.627ms returns FALSE
T0658 375:598.432 JLINK_IsHalted()
T0658 375:599.040 - 0.569ms returns FALSE
T1E68 375:649.536 JLINK_IsHalted()
T1E68 375:650.240 - 0.698ms returns FALSE
T1E68 375:650.240 JLINK_IsHalted()
T1E68 375:650.880 - 0.607ms returns FALSE
T1E68 375:759.232 JLINK_IsHalted()
T1E68 375:759.872 - 0.641ms returns FALSE
T1E68 375:759.936 JLINK_IsHalted()
T1E68 375:760.480 - 0.565ms returns FALSE
T1E68 375:867.968 JLINK_IsHalted()
T1E68 375:868.640 - 0.705ms returns FALSE
T1E68 375:868.704 JLINK_IsHalted()
T1E68 375:869.344 - 0.630ms returns FALSE
T1E68 375:977.632 JLINK_IsHalted()
T1E68 375:978.272 - 0.657ms returns FALSE
T1E68 375:978.304 JLINK_IsHalted()
T1E68 375:978.848 - 0.539ms returns FALSE
T1E68 376:087.328 JLINK_IsHalted()
T1E68 376:088.000 - 0.645ms returns FALSE
T1E68 376:088.000 JLINK_IsHalted()
T1E68 376:088.608 - 0.575ms returns FALSE
T1EA0 376:130.688   
  ***** Error: Connection to emulator lost!
T1E68 376:196.256 JLINK_IsHalted()
T1E68 376:196.288 - 0.040ms returns ERROR
T1E68 376:196.288 JLINK_IsHalted()
T1E68 376:196.320 - 0.014ms returns ERROR
T32FC 376:203.744 JLINK_Halt()
T32FC 376:203.776 - 0.035ms returns 0x00
T32FC 376:203.808 JLINK_ReadReg(XPSR)
T32FC 376:203.840 - 0.015ms returns 0x00000000
T32FC 376:212.416 JLINK_Close()
T32FC 376:222.240 - 9.802ms
T32FC 376:222.272   
T32FC 376:222.272   Closed
