S00D000072746F73322E737265631D
S315000000004005002019310000AD2F0000233100000B
S31500000010233100002331000023310000233100008A
S315000000200000000000000000000000007D1100003C
S31500000030233100000000000095110000FD110000B2
S3150000004029270000B5280000CD290000B12A0000AC
S315000000505D2D0000891B0000B91A0000111C00006C
S30D000000605D1C00008520000074
S315000000686E6F74696D6500000000000000000000F6
S315000000780000000000000000000000000000000072
S3150000008803000000000000001023000098B60000DE
S31500000098C4000020500600205806002080060020D4
S315000000A81C0700200000000000000000400035008A
S315000000B8240900202809002070090020740900205E
S315000000C85000002058000020FFFFFFFF000000003E
S315000000D8C4B3000000000000000000000050002823
S315000000E8C3E3000080400050FF38FED4FE70FE0CCB
S315000000F8FDA8FD44FCE00052026700CD033423034B
S31500000108A34300000649064A064B064C064D064E12
S31500000118069706D70657064E064D064C064B064A60
S315000001288659000080000000400200007C00002084
S31500000138500200007E0000206002000080000020BF
S3150000014868040000820000209704000000000000F8
S31500000158000000008000000040100000860000201B
S315000001685008000096000020600400009E00002051
S3150000017868200000A2000020972000000000000070
S309000001880700000066
S31500000190704770477047D4D4A4B04BF20030C0F219
S315000001A000008668D0E900413268204690474BF24D
S315000001B09C20C0F200008768D0E900513A682846C2
S315000001C0904740F6BC18C2F2000840464FF4C061A2
S315000001D0012201F07AFF404640F20731012201F088
S315000001E074FF4FF4FA7003F0E5FF40F60C289FED1C
S315000001F0348A0DF18C0A0DF1640B0DF10409C2F27B
S31500000200000800BFB268204651469047F368204672
S31500000210514621AA98473A69284659469047BB69EC
S31500000220284659464A469847D8F800004FF0FF310D
S3150000023003F046FA01283ED1BDF98A0040F25C512E
S3150000024000EE100AB8EEC00ABDF9860080EE080A74
S3150000025001EE100AB8EEC11A81EE081ABDF988003F
S31500000260C2F2000102EE100AB8EEC22ABDF98400FD
S3150000027040F26452C2F20002002330EE020A81ED1F
S31500000280000A00EE100AB8EEC00A40F2605031EEE5
S31500000290000AC2F2000080ED000A16981499106058
S315000002A040F26852D8F80000C2F200021160002144
S315000002B0002203F0FBF84FF4FA6003F07BFFA1E79E
S315000002C00000C84280B594B000211391CDE9111108
S315000002D006A907AA08AB02914AF676110DF1140C8D
S315000002E0CDE90032C0F200010AAA09ABCDF80CC074
S315000002F005F0C4FF06281BD10A980999A0F26C7074
S315000003001090481E0F90DDE90710CDE90D10DDE9CC
S315000003100510CDE90B1040F62000C2F200000BA933
S3150000032001F00EFD40F26D50C2F200000121017095
S3150000033014B080BD0179042908D002292CD140F2DD
S315000003406C50C2F200000121017070478068C1B292
S315000003500D2901D00A2910D1B0B540F27054C2F26D
S315000003600004216841B140F27450C2F20000002539
S315000003704554FFF7A7FF2560B0BD40F27052C2F2A8
S31500000380000211683E2988BF70474B1C136040F27B
S315000003907452C2F2000250547047D4D4B2B040F640
S315000003A03804C2F200044BF24C31C0F20001204680
S315000003B001F0BAF940F620004BF21831C2F2000003
S315000003C0C0F2000101F084FC9FED538A40F60C2830
S315000003D040F26D5640F200094AF6486740F26C5A00
S315000003E0C2F200080025C2F20006C2F20009C0F2FD
S315000003F000070DF1480BC2F2000AB0EE489AB0EEC3
S3150000040048AAB0EE48BA00BFD8F800004FF0FF3156
S3150000041003F056F901281ED140F25C50C2F20000EA
S3150000042090ED008A40F26050C2F2000090ED009A12
S3150000043040F26450C2F2000090ED00AA40F268500B
S31500000440C2F2000090ED00BAD8F8000000210022A8
S31500000450002303F02BF83078012822D140F6200043
S31500000460C2F2000009A901F0D5FC0E98314600F24F
S315000004706C722E462546DDE90B400D9BDDE909CE63
S31500000480CDE900042C4635460E464BF27411013375
S315000004904846C0F20001CDF808E0CDF80CC005F0E2
S315000004A0C3FE18EE100A05F054FC41EC1C0B19EEC5
S315000004B0100A05F04EFC41EC1D0B1AEE100A05F071
S315000004C048FC41EC1E0B1BEE100A05F042FC41EC09
S315000004D0100B584639464A468DEC06CB8DED060B79
S315000004E005F0A2FE58468AF8005005F077FE02464F
S315000004F02046594601F0BAFA9AF8000038B900BF0A
S31500000500012003F057FE9AF800000128F8D14FF4B5
S315000005107A7003F04FFE77E700000000022818BF4C
S31500000520704740F6BC104BF27861C2F20000C0F290
S31500000530000101F0BFBD80B584B040F61820C2F2BC
S315000005400000016840F2B47C0131016041F21020E4
S31500000550C2F200000121CDE9001040F2A1504BF299
S315000005604B014BF20C33C2F2000CC0F20000C0F299
S315000005700001C0F200034FF48072CDF808C003F00A
S31500000580D1FB40F61C01C2F20001086008B104B0BC
S3150000059080BD0020002104B0BDE8804000F05EB8B8
S315000005A010B5044600F05CF82046BDE81040FFF7A1
S315000005B0F3BD80B584B040F61820C2F20000016891
S315000005C040F6680C0131016041F21060C2F2000091
S315000005D00121CDE9001040F21D604BF2D3014BF230
S315000005E06C33C2F2000CC0F20000C0F20001C0F28F
S315000005F000034FF48072CDF808C003F093FB40F679
S31500000600D001C2F20001086008B104B080BD00202C
S31500000610002104B0BDE8804000F020B810B50446C3
S3150000062000F01EF82046BDE81040FFF7B7BE80B5C3
S3150000063040F6C411C2F20001012002F0FAFE40F6B3
S315000006400C21C2F20001086000B180BD002000212B
S31500000650BDE8804000F002B8FFF7E9BF00BE704772
S31500000660B0B540F61024C2F2000420684FF0FF3106
S3150000067003F026F8012803D020680021FFF7EEFFDB
S3150000068040F61420C2F20000017801B1B0BD01218C
S315000006900170FFF7E1FF40F61825C2F2000500BF22
S315000006A0286801382860F1D0206800210022002344
S315000006B002F0FCFE0128F3D020680021FFF7CEFFF0
S315000006C0EEE780B540F61820C2F200000021016076
S315000006D040F61420C2F2000040F61C220170C2F25D
S315000006E000024FF48070012103F0D3F840F6102188
S315000006F0C2F20001086018B900200021FFF7AEFF22
S31500000700FFF719FFFFF755FF03F0D3FD002080BD6B
S3150000071040F66423C2F20003036040F6CC20C2F226
S315000007200000086080201060704740F6CC43C2F29B
S315000007300003036040F63450C2F2000008608020D7
S315000007401060704780B5C16D0022C8690023C4F2ED
S31500000750A012C4F24823C1E9092305F09BF800283A
S3150000076018BF012080BD062070470620704706206E
S3150000077070470620704706207047D4D4B0B586B0BF
S31500000780C36D1446D3E906C0D3E908529B6A0291A9
S31500000790CDE9043202AB61460022009505F0A4F8CB
S315000007A000281AD4002100BF6A5862500431342947
S315000007B0FAD1A96B0128A163696C4FF00000A1640E
S315000007C0A96CE164E96C2165296D6165696DE16576
S315000007D004BF0120C0F2030000E0012006B0B0BD56
S315000007E0062070470620704706207047062070478F
S315000007F0062070470620704706207047062070477F
S31500000800062070472DE9F04F89B041650D4609680D
S31500000810EE68816504466868E665A066A8680222F7
S31500000820E0662869206768696067002084F84600EA
S3150000083084F8482084F8470007C91268904710B129
S3150000084009B0BDE8F08FA06E20B1204600F0C6FBCF
S315000008500028F5D1E06D01968269D0E9043105AE34
S3150000086011610189136291810078932702284FF064
S31500000870300008BF602018445062E06D221D806978
S315000008804FF0940A029004F144000390002040F2D5
S31500000890E73900BF80462046934611460222A780CC
S315000008A000F0FCFA0028CBD103992046324640F2EC
S315000008B0011384F844A000F0ABFA0028C0D120460A
S315000008C0C82100F083FB0028BAD19DF914005A46CE
S315000008D0B0F1FF3F03DCC84508F10100DAD340F26E
S315000008E0E630804500F29081039E002084F84400A3
S315000008F02046314640F2012300F08AFA00289FD1B3
S31500000900029FA088B98900BAB1EB104F40F07E81F2
S31500000910202084F844007A1C2046314640F20163C8
S3150000092000F076FA00288BD1262084F84400786AF5
S315000009303A6990F82C0031460002431C204600F02C
S3150000094067FA00287FF47CAFE06D3146D0F818A036
S315000009500020CDE90700CDE90500B72084F8440062
S3150000096020465A4640F201135F4600F051FA00282D
S315000009707FF466AFDAF820600AF1010205A9304675
S3150000098000F0D4FA307939463870DAF8200090F859
S3150000099005C0BCF1000F09D0012005AAC3B2013081
S315000009A012F8017BC6B26645CF54F7D90CF10102A5
S315000009B020460E4600F072FA00287FF441AFDAF8BE
S315000009C020003146007B3070DAF8200090F80DC028
S315000009D0BCF1000F09D000690122D3B2013210F830
S315000009E0017BD6B26645CF54F7D90CF101022046F9
S315000009F00E4600F053FA00287FF422AFDAF8200002
S31500000A003146007D3070DAF8200090F815C0BCF150
S31500000A10000F09D080690122D3B2013210F8017BA0
S31500000A20D6B26645CF54F7D90CF10102204600F044
S31500000A3035FA00287FF404AFDAF820005946007F23
S31500000A408BF80000DAF8200090F81DC0BCF1000F0A
S31500000A5009D0006A0122D3B2013210F8017BD6B266
S31500000A606645CF54F7D90CF10102204600F016FA7C
S31500000A7000287FF4E5AEA06E10B1002084F8510086
S31500000A8093202071DAF8200059460078022260711E
S31500000A90204600F003FA00287FF4D2AEA06E0028AC
S31500000AA000F0B68094F851000028FBD0002084F8AE
S31500000AB05100DAF82000039990F824005A4684F889
S31500000AC04400DAF8200090F825000002431C204676
S31500000AD000F09EF900287FF4B3AEA08805A900BAFD
S31500000AE0000CAAF80A00E08800BA000CAAF8080070
S31500000AF0E06DD0F818800020D8F82460CDE9070012
S31500000B00CDE9050008F10102304600F00FFA307910
S31500000B102071D8F82400407950B1012105AACBB242
S31500000B20013112F8016BCFB287420BF80360F6D998
S31500000B30421C2046594600F0B1F900287FF480AEE9
S31500000B40D8F82400007B8BF80000D8F82410487BE6
S31500000B5050B109690122D3B2013211F8017BD6B234
S31500000B6086420BF80370F6D9421C2046594600F01F
S31500000B7095F900287FF464AED8F82400007D8BF840
S31500000B800000D8F82410487D50B189690122D3B2FB
S31500000B90013211F8017BD6B286420BF80370F6D902
S31500000BA0421C2046594600F079F900287FF448AEE9
S31500000BB0D8F82400007F8BF80000D8F82410487F6E
S31500000BC050B1096A0122D3B2013211F8017BD6B2C3
S31500000BD086420BF80370F6D9421C2046594600F0AF
S31500000BE05DF900287FF42CAE01982946C06802689A
S31500000BF02046904700287FF423AE44F64470C5F69D
S31500000C004D20206000201BE6142019E6062017E67A
S31500000C100DF11306942703992046324640F201133C
S31500000C2084F8447000F0F4F800287FF409AE2046FA
S31500000C30322100F0CBF900287FF402AE9DF91300B3
S31500000C400028E8D435E7022180F84810C16D9323C7
S31500000C508A69014601F8043F526A137802224371F9
S31500000C6000F01CB99322014621F8042F022200F05D
S31500000C7015B9022180F84810012180F84610942306
S31500000C80014600F1450201F8443F40F2011300F02D
S31500000C90BFB890F84820012A1EBF0220C0F2030008
S31500000CA070478C46022180F84810C16D8B69596ADD
S31500000CB091F82420014601F8442F5A6A92F825201B
S31500000CC01202531C624600F0A3B8C36DDB685B6971
S31500000CD01847C36DDB689B691847C36DDB68DB6922
S31500000CE01847C36DDB681B6A1847C36DDB685B6A10
S31500000CF01847C36DDB689B6A1847C36DDB68DB6A00
S31500000D001847C36DDB681B6B1847C16D002081ED6A
S31500000D10090AC1ED0A0A7047012180F84710B72376
S31500000D200146021D01F8443F40F2011300F070B87D
S31500000D3010B50446806D8168006849688847A06ED2
S31500000D4010B1204600F07BF900210020216010BD83
S31500000D5010B582B00168027AD1F85CE0CB6E10461D
S31500000D60DEF818C00093002A18BF06208DF804008C
S31500000D700B6844F64474C5F64D24A3421BD191F882
S31500000D804600F2B9C0071CD09EF800000B2801D01F
S31500000D90012829D1DCF8240091F84520407F4FF046
S31500000DA0FF3303EB500002F01F02904221D00220D5
S31500000DB08DF8040022E0012281F8502081F85200CB
S31500000DC023E091F84700E2B9C0071AD091F9040070
S31500000DD042064FF0040258BFC0F3C11200208DF83E
S31500000DE0042081F847000CE091F94500B0F1FF3F7F
S31500000DF0DDDD01208DF8040081F84800002081F82F
S31500000E004600096F09B16846884702B010BDD4D4C0
S31500000E102DE9F04F81B00646006844F64478C5F6E1
S31500000E204D28A0EB0800B0FA80F0994693468A4612
S31500000E30400905240025C00704BF002086F850009D
S31500000E40B06D5A46816800680F6951464B46B847EF
S31500000E5000BB3068404516D096F8500040B9304681
S31500000E60012100F0B3F8642D05F10105F4D310E07B
S31500000E703068404507D096F8520020B1013C200466
S31500000E804FF00000D7D196F85200002818BF122064
S31500000E9000E0142001B0BDE8F08FD4D42DE9F0476E
S31500000EA00546006844F64478C5F64D28A0EB0800D0
S31500000EB0B0FA80F092460E46400905274FF0000929
S31500000EC00024C00708BF85F85090A86D5246816877
S31500000ED00068CB6831469847002818BFBDE8F08700
S31500000EE02868404517D000BF95F8500040B92846FD
S31500000EF0012100F06BF8642C04F10104F4D311E035
S31500000F002868404507D095F8520020B1013F3804C3
S31500000F104FF00000D5D195F85200002818BF1220D6
S31500000F20BDE8F0871420BDE8F087D4D44379002BC0
S31500000F3043D010B59FED210A9FED211A9FED212A7E
S31500000F409FED213A4FF0000C8368D47833F80CE01B
S31500000F50937805EE104A04EE103AB8EE444A147936
S31500000F605379B8EE455A24EE004A9EFA8EFE34EEC8
S31500000F70054A05EE104A03EB2E43B8EE455A06EE37
S31500000F80103A35EE015AB8EEC66A25EE065A35EE27
S31500000F90025A25EE044A84EE034ABDEEC44A14EE14
S31500000FA0103A5BBA21F80C300CF1020344795FFA6F
S31500000FB083FCA445C8D3BDE81040704700008043B9
S31500000FC0000020440000FAC800803BCB80B50846EC
S31500000FD04FF47A7101F0A3FF002080BDB0B5856E95
S31500000FE0044695E807001268904758B9A96828682A
S31500000FF0D1F80CC041F21301C0F2000122460023D1
S31500001000E04700B1B0BDA96828684968BDE8B040AE
S31500001010084780B582B00068016859B1C26E416F59
S31500001020009201228DF8042080F8482029B16846F4
S31500001030884702E0012180F8511002B080BD80B5DA
S31500001040806E8168006809698847002080BD10B5F8
S3150000105041600A68044682604868E060C868A0612A
S315000010600020207492E80B001A68904700B110BD6A
S3150000107044F23241C4F23E31216010BD01460020E7
S3150000108001F8140F51F80C0C82680068D36800222E
S3150000109018478068826800689368042218470878B1
S315000010A03F2884BF4FF44030704780B54B784FF0EF
S315000010B0640E43EA002042F2107300FB03F005239E
S315000010C0C4F20103A0FB033C46F26963C2F6F603D1
S315000010D0A0FB0303980C1080CCF38D3041F27B43C8
S315000010E000FB03F0400C00FB0EF0C0EB1C30508000
S315000010F0488844F2740100BA800C00FB01F048F203
S315000011000301C2F20001A0FB0101C80AA0F57A6042
S3150000111013FB00F1CB1403EBD17101FB1E00918090
S31500001120D080002080BD062070470620704706202C
S3150000113070470620704710B50446806881680068CD
S315000011404968884700210020216010BD80B582B023
S315000011500168007ACA680028009218BF01208DF83D
S3150000116004004A7C012A03D101228A74C87403E070
S31500001170896909B16846884702B080BD1EF0040F30
S315000011800CBFEFF30880EFF3098001490847000020
S31500001190231200000F4B1968EFF309821EF0100F9F
S315000011A008BF22ED108A22E9F04FEFF30B8342F8D5
S315000011B0043D0A604FF0100080F31188BFF34F8F93
S315000011C0BFF36F8F03F026F84FF0000080F311880D
S315000011D000F002B808100020074801680A6802CA31
S315000011E081F30B88B2E8F04F1EF0100F08BFB2EC87
S315000011F0108A82F3098870470810002010B5EFF3B3
S315000012001184102080F3118803F0D0F830B14EF627
S315000012100450CEF200004FF08051016084F3118833
S3150000122010BD806910F8020C022808BFFFF7D4BF72
S31500001230042838BF704780B54AF688104AF68D52A2
S315000012404AF69323C0F20000C0F20002C0F2000387
S315000012504FF47E7101F060FE283140F8481D41F2DE
S315000012608121C0F200014FF0807C22F00102C163AF
S315000012706FF002010264C0F844C0C0E90913704768
S3150000128000BE00BFFEE7D4D44EF62250CEF20000D8
S31500001290F021017000F016F84EF63470CEF2000020
S315000012A0016841F04041016062B6BFF36F8FEFF312
S315000012B0148C2CF0040C8CF31488BFF36F8F02DFB0
S315000012C000BEFDE740F6B470C2F20000006844F6C6
S315000012D0D351C1F26201A0FB01014FF0FF3000EBD8
S315000012E091110020B0EB116F18BF70474EF210023B
S315000012F0CEF2000251604EF62351CEF20001F023E9
S315000013000B7090600720106070471021EFF311807A
S3150000131081F3118840F63471C2F200010A68531C49
S315000013200B605AB940F63871C2F2000108604EF6F9
S315000013300450CEF200000068C00500D1704780B5A9
S315000013404AF688104AF6AE124AF6CE43C0F20000BC
S31500001350C0F20002C0F2000340F2A44101F0DCFD3D
S3150000136040F63470C2F20000016859B101390160DB
S3150000137018BF704740F63870C2F20000006880F36C
S315000013801188704780B54AF688104BF233124AF638
S315000013905013C0F20000C0F20002C0F2000340F297
S315000013A0AD4101F0B9FD88B14EF20C00C4F2010066
S315000013B0B0F90010B1F1FF3F09DDBFF34F8F30BF29
S315000013C0BFF36F8F62B6BFF36F8F72B6704780B58B
S315000013D04EF2FE32C4F20102B2F800E04AF2025CBA
S315000013E0CFF6FF7C0023A2F800C003804EF425430D
S315000013F01380BFF34F8F30BFBFF36F8F62B6BFF35B
S315000014006F8F72B61388A2F800C0018043F425409E
S31500001410108080BD80B572B602F0A9FD0120FFF7ED
S31500001420C2FF62B6BDE8804002F0FCBD80B5EFF3B6
S315000014300380103840B2002806D44EF20041CEF2A6
S315000014400001405C0F2817D94EF60C50CEF2000072
S315000014500068400558BF80BD4AF688104AF67E727D
S315000014604AF62033C0F20000C0F20002C0F20003C8
S3150000147040F2216101F050FD4AF688104AF67E726C
S315000014804BF2DF03C0F20000C0F20002C0F200031C
S3150000149040F20F6101F040FD01600246486850606D
S315000014A0886890600869D061C86843F2213110628B
S315000014B00020C3F22C211076D160704701464068A7
S315000014C00022C2600020CA60704700F004B800F035
S315000014D06FB800F0AFB82DE9F04105464068904678
S315000014E0066928460F4600F037F808B104462CE096
S315000014F0287E4246014600281CBF39464046C5E9BB
S315000015000401B16830684C68394600230026A047BC
S31500001510044668686CB9416851B128680A68016870
S31500001520106802F0CDF8461E686818BF642600E011
S315000015300026006838B10068006801F090FF0138A5
S3150000154018BF642000E0002014B12046BDE8F081F9
S31500001550002E18BF3046C9E770B50446D0E901052C
S315000015600168066949B10A688168106802F082F864
S3150000157001281CBF642070BD6068C068A04215D0F9
S31500001580B16830680B69A9682A7B9847002818BF9C
S3150000159070BD60682246C460B16830684E69E9690A
S315000015A00023B047002808BF002070BD002070BD92
S315000015B02DE9F04381B00546406891460669284604
S315000015C00F46FFF7C9FF08B104462AE04FF00008AE
S315000015D0C5E90488B16830688E6839464A460023F2
S315000015E0B0470446686884B9416861B128680A68EA
S315000015F00168106802F064F8B0F10108686818BF65
S315000016004FF0640801E04FF00008006838B1006848
S31500001610006801F024FF013818BF642000E00020B4
S315000016201CB1204601B0BDE8F083B8F1000F18BF29
S315000016304046C9E72DE9F04381B0054640681E469D
S315000016400769284691468846FFF786FF08B1044693
S3150000165028E0C6F30720C5E90409B96838688F6829
S31500001660F2B241460123B847044668680CB1002629
S315000016700CE041680029FAD028680A6801681068F9
S3150000168002F01EF8461E686818BF6426006838B166
S315000016900068006801F0E3FE013818BF642000E02E
S315000016A000201CB1204601B0BDE8F083002E18BF13
S315000016B03046CCE770B584B004680079616800F004
S315000016C0FE000A69216A022801910ED1616900268D
S315000016D08DF80C6081B1936810685D6822690023FB
S315000016E0A8472661666120B90AE091681068C96852
S315000016F0884703208DF80C0001A9204600F002F867
S3150000170004B070BDB0B5054640680C46406820B1CF
S3150000171000680021006802F052F9E96919B1204613
S31500001720BDE8B0400847B0BD0A780123934013F0E6
S31500001730060F05D0CB695B681B781B0700F1E180BB
S315000017402DE9F04748F20003C4F2110343EA0222EE
S315000017504FF00008026280F80080C1614B69436265
S315000017608B69C0F82880C362837823F003035E1C6C
S3150000177086704E7816B943F00203837091F90B70A8
S315000017804EF2001CCEF2000C07F01F044FF0010EC3
S315000017900EFA04F60CF180047A098D7A44F8226078
S315000017A046F2003ABFF34F8FC4F2000ABFF36F8FC1
S315000017B05AF8272040F6807922F480324AF827200A
S315000017C05AF827202A010CF54075C2F20009EA559D
S315000017D049F8270091F905200F7902F01F060EFA45
S315000017E006F6530944F82360BFF34F8FBFF36F8F9C
S315000017F05AF8223023F480334AF822305AF822303D
S315000018003B01AB5449F8220091F907208B7902F08D
S315000018101F060EFA06F6570944F82760BFF34F8FE6
S31500001820BFF36F8F5AF822601B0126F480364AF800
S3150000183022605AF82260AB5449F8220091F9092037
S315000018400B7A02F01F060EFA06F6570944F82760CF
S31500001850BFF34F8FBFF36F8F5AF822401B0124F45A
S3150000186080344AF822405AF82240AB5449F8220004
S31500001870EFF310828EF3108844F204050B78C4F25D
S3150000188008054FF000442E6824FA03F326EA030302
S315000018902B602B6882F31088026A82F80280026A43
S315000018A082F80480026A82F80980026A82F80A8055
S315000018B0026A82F80B80026AA2F81A800A780EFA87
S315000018C002F340F2F932134202D0036A4024DC7478
S315000018D0036A06241C770B780EFA03F3134203D02F
S315000018E0026A4FF478439382CA784E788B78D20096
S315000018F042EA03123EB1032E08BF42F04002F2262E
S3150000190002E00322B0E0E226036A02271A70026AA6
S3150000191000259671CA69137B07EA4307082B036AF9
S3150000192008BF0A275F73066A537897783572167868
S31500001930056A06F0FE06022E4FEAC31667F3451641
S3150000194009D1FF236B701278022A026A08BF46F09B
S315000019501006D67116E0EE715268036A97785F70CA
S3150000196057781E7807F0030706F0FC0637441F7009
S31500001970D7789F74DF79127807F0A30702F05C022C
S315000019803A44DA710022C369C0E90322C0E905229C
S31500001990D1F81CE093F905309EF800105AF8234060
S315000019A003F01F0524F480344AF823405AF82340F4
S315000019B0012404FA05F60CF5C0755B09BFF35F8FC9
S315000019C045F823604CF82360C36993F90B305AF845
S315000019D0236026F480364AF823605AF8236003F021
S315000019E01F0604FA06F65B09BFF35F8F45F823600E
S315000019F04CF82360C36993F907305AF8236026F43C
S31500001A0080364AF823605AF8236003F01F0604FA6A
S31500001A1006F65B09BFF35F8F45F823604CF8236039
S31500001A20C36993F909305AF8236026F480364AF8D8
S31500001A3023605AF8236003F01F06B4405B09BFF326
S31500001A405F8F45F823404CF823401C23076A63F355
S31500001A509F01B970BEF80A10018144F65511C5F20E
S31500001A6043314160BDE8F0471046704780B5D0F875
S31500001A7020E09EF802C00CF07B038EF802308378DB
S31500001A8003F00303A2EB030C0B44026AC0E9033C18
S31500001A90937843F080039370827802F00302022A5F
S31500001AA005D10988006A41F47E41C18102E00978C6
S31500001AB0006AC170002080BDEFF303804FF07041D3
S31500001AC001EB006046F200318015C4F20001425875
S31500001AD022F480324250415840F68071C2F2000131
S31500001AE00858C1690A690169C2B9C1B1817801F0B2
S31500001AF00302C168022A05D10988026A41F47E41BF
S31500001B00D18102E00978026AD1708178026901F018
S31500001B100303D11AC26801611A44C26071B9016A2D
S31500001B208A7802F07B0204328A70416A00294FF0FB
S31500001B300001C16002D0802200F001B870472DE993
S31500001B40F04385B08146806A0DF1040830B1054640
S31500001B5095E8D800C4468CE8D80000E04046D9F89D
S31500001B601C301B78816003600271D9F82C10C160AB
S31500001B70D9F824108847D9F8280010B198E88E00C3
S31500001B808EC005B0BDE8F08310B582B0EFF30380D8
S31500001B904FF0704101EB006046F200318015C4F24F
S31500001BA00001425822F480324250415840F680717A
S31500001BB0C2F200010C58A07800F00302206A022A43
S31500001BC003D1018A6FF35F2100E04179A069019199
S31500001BD098B1606901A904F0F0FAA0786169A26978
S31500001BE000F003000144101A6161A0610ED1606A21
S31500001BF060B120460021012203E0606A30B1204630
S31500001C00042202B0BDE81040FFF799BF02B010BD34
S31500001C1010B54FF07041EFF3038001EB006140F621
S31500001C2080728815C2F2000210580C16026A937868
S31500001C3003F07B039370426A1AB100210222FFF778
S31500001C407EFF46F20030C4F2000050F8241021F462
S31500001C50803140F8241050F8240010BD4FF0704138
S31500001C60EFF3038001EB006C40F680714FEAAC5055
S31500001C70C2F2000108588178036A01F003010229C3
S31500001C8003D1198A6FF35F2100E0597910B51A79EB
S31500001C90D40602F0380204D51C7F64F3861282F063
S31500001CA040021C7904F0C7041C71436A4FEA2C6495
S31500001CB00BB1FFF744FF46F20030C4F2000050F8C3
S31500001CC0241021F4803140F8241050F8240010BD6F
S31500001CD070B54160044648694EF20046E060886986
S31500001CE00D4660610020206120722046CEF200067B
S31500001CF000F03AF995F90F1040F680700029C2F20B
S31500001D00000004D4AA7B1201725440F8214095F9D0
S31500001D100D10002904D42A7B1201725440F8214088
S31500001D2095F91110002904D42A7C1201725440F846
S31500001D30214045F24341C0F252010020216070BDAE
S31500001D4010B543F20204C4F2080494F8222002F00B
S31500001D50FE0284F8222000BF94F82220D207FBD18D
S31500001D600B784FF0CD0C03FB0CF2D20A02EB4202C9
S31500001D7003EB420222700A7902FB0CF3DB0A03EB47
S31500001D80430302EB4302A2700A7A02FB0CF3DB0A5E
S31500001D9003EB430302EB430202F03F0222710A7E89
S31500001DA002FB0CF3DB0A03EB430302EB4302A271D3
S31500001DB00A7B02FB0CF3DB0A03EB430302EB430251
S31500001DC022720A7C0132D3B203FB0CF3DB0A03EB6B
S31500001DD0430302EB4302A272097D6439CAB202FBD5
S31500001DE00CF2D20A02EB420201EB4201C9B2A18116
S31500001DF04068017811B9806800F002F994F8220071
S31500001E0040F0010084F8220094F82200C007FBD0BD
S31500001E10002010BDF0B542684EF2001C92F9112068
S31500001E2043F20203CEF2000C002AC4F208030BD4DC
S31500001E3055095CF8255002F01F0225FA02F2D20776
S31500001E4002D04FF0000E27E093F8202042F0020265
S31500001E5083F8202093F820209207FBD5426846F2AB
S31500001E60003592F91120C4F2000555F822404FF0D2
S31500001E70010E24F4803445F8224055F8225002F031
S31500001E801F0452090EFA04F40CEB8205BFF35F8FB0
S31500001E90C5F880414CF8224000224FF0FF346425FB
S31500001EA002721E783709A7EB870706EB4706F6B2DC
S31500001EB00E609E783709A7EB870706EB4706F6B252
S31500001EC04E601E7906F03F07C6F30116A6EB86069E
S31500001ED007EB4606F6B28E609E793709A7EB8707B1
S31500001EE006EB4706F6B28E611E7A3709A7EB87071F
S31500001EF006EB4706F6B2CE609E7A3709A7EB870750
S31500001F0006EB470654FA86F60E619E89F7B23F093C
S31500001F10A7EB870706EB470655FA86F64E61067A63
S31500001F20002EBDD1BEF1000F1BD093F8201001F09A
S31500001F30FD0183F8201000BF93F820108907FBD419
S31500001F404068012290F9110000F01F01400902FAD1
S31500001F5001F10CEB8000C0F88010BFF34F8FBFF388
S31500001F606F8F0020F0BDD4D470B50546406843F2AB
S31500001F7024060078C4F208060C463071C8200121F8
S31500001F8000F0CDFF307800F0FE0030703078C007EA
S31500001F90FCD168680078012803D10020F0806068D1
S31500001FA030810020307000BF96F900000028FBD475
S31500001FB0307840F00200307030788007FCD4002082
S31500001FC006F8020C16F8020C0028FBD1307840F017
S31500001FD04000307030784006FCD5002006F11C0128
S31500001FE011F8102002F07F0201F8102011F91020DC
S31500001FF0002AFBD40130032808BF70BDF0E7D4D413
S3150000200010B543F22401C4F208010278437890F82F
S3150000201002C0D0F804E00878C0F30010824212D063
S3150000202000208872887A0028FCD1087802F0010422
S3150000203000F0EF0040EA0410087000BF0878C0F313
S3150000204000109042FAD1012A11D10878C0F340104D
S3150000205083420CD0087803F0010200F0DF0040EA6A
S31500002060421008700878C0F340109842FAD10EF07A
S315000020703F0040EA8C108872C0B200BF8A7A824262
S31500002080FCD110BDEFF303804FF0704101EB00600F
S3150000209040F680718015C2F20001095801220A72C9
S315000020A046F20031C4F20001425822F48032425016
S315000020B04058704780B545F25422C5F24F0202607F
S315000020C0084600F017F8002080BDC8B201238340FF
S315000020D09BB24FF4803C002A08BF0CFA00F36FF065
S315000020E0010000EAD11008220101C4F20802002012
S315000020F05350704770B5044600F05CF840F67C7C9F
S31500002100EFF31080012181F31088C2F2000CDCF895
S31500002110001039B940F60351C4F2080100220A70D2
S3150000212040220A70DCF800100131CCF8001080F370
S315000021301088208810B340F6000E0021C4F2080E65
S31500002140606800EBC102928850F83130100ADD0356
S31500002150D2B20BD50EEB801555F8226026F48036E8
S3150000216045F8226023F4803645F822600EEB801095
S3150000217040F82230208801318142E1D3EFF310810B
S31500002180012080F31088DCF8000020B1DCF80000A4
S315000021900138CCF80000DCF8000038B940F60350EE
S315000021A0C4F20800002202708022027081F31088B7
S315000021B070BDD4D42DE9F04F81B0044600880028C4
S315000021C05CD043F240084EF2BB4A4BF2547BC4F259
S315000021D008080026C4F2010AC0F2000B4FF00109FC
S315000021E0002700BF60683BF8172000EBC600818817
S315000021F091423CD100689AF8001000F0B85009FAF4
S3150000220007F5B0F1807F05EA010015D150B901202C
S3150000221000F05BFF9AF8000028438AF800000120CE
S3150000222000F02AFF18F91700002820D418F8170024
S3150000223040F0800015E000BF50B1012000F045FFDE
S315000022409AF80000A8438AF80000012000F014FF65
S3150000225018F91700B0F1FF3F09DC18F8170000F075
S315000022607F0008F81700C820012100F058FE01374A
S31500002270032FB7D1208801368642B1D301B0BDE81D
S31500002280F08F10B5044608784FF20002C4F2090236
S3150000229002EB00202061216088684FF0010C60602D
S315000022A0087B44F204022072C869C4F20802606323
S315000022B0086AE0630020A063C4E90500C4E90700DA
S315000022C084F8290084F82A0084F82B0084F82C006E
S315000022D0EFF3108E8CF310880B781068C3F10903A6
S315000022E00CFA03F39843106010688EF310882046AA
S315000022F000F0B0F844F64311C5F249210020E16030
S3150000230010BD9C46012380F82AC000F065B99C46A2
S31500002310002380F82AC000F05FB9B0B50446006912
S315000023200025C5712168204600F094F894F826002F
S31500002330216984F82800A069B322C4E90750002067
S3150000234084F82C5084F82A50CA71B0BD0346416007
S3150000235000201A7270478446C0E90D130020CCF89D
S315000023603C207047C0684BF2BD62CAF6B6521044B4
S31500002370B0FA80F0420900200A707047B0B50446F2
S3150000238000690025C5712168204600F063F894F8BD
S315000023902600216984F82800A0694EF28013C4E95A
S315000023A00750B32084F82C5084F82A50C87120694D
S315000023B0CEF20003C5712068E56090F91110012086
S315000023C001F01F0200FA02F2490943F82120BFF387
S315000023D04F8FBFF36F8F216891F90E1001F01F0226
S315000023E000FA02F2490943F82120BFF34F8FBFF3E9
S315000023F06F8F216891F9101001F01F0200FA02F2A6
S31500002400490943F82120BFF34F8FBFF36F8F21682F
S3150000241091F90F1001F01F0200FA02F2490943F880
S315000024202120BFF34F8FBFF36F8FEFF3108180F33F
S315000024301088226844F204031278C4F20803C2F139
S3150000244009021D68904028431860186881F31088B7
S315000024500020B0BDF0B50269002313700269402365
S315000024601370026913785B06FCD5C02313700268EB
S315000024700369526A082512794EF2001C42F0E00206
S315000024801A7402680369526ACEF2000CD27840F6DA
S31500002490807E42F0E0025A7402680369526AC2F210
S315000024A0000E927862F306159D7002680369526AFF
S315000024B015785278013DB5FA85F56D0945EA42026F
S315000024C042F00402DA70026844F240255268036959
S315000024D0C0F20F05AA424FF0770208BF6FF008025C
S315000024E05A710269002393710269B323D3714A7B3F
S315000024F091F9116013010CF54072935546F20033C1
S315000025004EF82600C4F2000353F8264006F01F05D5
S3150000251024F4803443F8264053F82640012404FA74
S3150000252005F70CF5C0757609BFF35F8F45F8267081
S315000025304CF826704E7B91F90F703601D6554EF841
S31500002540270053F8276026F4803643F8276053F8AF
S31500002550276007F01F0604FA06F67F09BFF35F8FB0
S3150000256045F827604CF827604E7B91F910703601CC
S31500002570D6554EF8270053F8276026F4803643F8E0
S31500002580276053F8276007F01F0604FA06F67F094E
S31500002590BFF35F8F45F827604CF827604E7B91F9B3
S315000025A00E10360156544EF8210053F8212022F41D
S315000025B0803243F8212053F8212001F01F0204FA4B
S315000025C002F24909BFF35F8F45F821204CF821201C
S315000025D000699F210170F0BD90F808C0C0E905129E
S315000025E0BCF1010F08D101794FF4807C43EA410127
S315000025F0A0F825C080F8241010B581B04EF2200155
S3150000260080F82930C4F2010109680091009901F0AF
S315000026100F210091DDF800E0DDF800C001690B7CB8
S3150000262090F82C409CB9CEF30322A2EB1C6203FA6D
S3150000263002F2042A06D3920891F90130002B03D541
S31500002640013AF9D108216CE00022CA71826990F83A
S315000026502630002180F82810C0E9072180F82730AD
S3150000266080F82B1080F82D1080F82E1080F82F108F
S3150000267080F830100168D0F810C0496A0B784C78A1
S31500002680013BB3FA83F34A795B0991F806E043EA22
S31500002690440343EA021242EACE1242F004028CF8E4
S315000026A003200269137943F0100313710269137949
S315000026B003F0F70313710269137903F0EF03137143
S315000026C00269C979137903F07F0343EAC1111171D5
S315000026D001694A7942F001024A71016891F90F10C5
S315000026E000290BD401F01F02012303FA02F24EF275
S315000026F000134909CEF2000343F8212001694A7A02
S3150000270002F0F3024A720169BF22CA7190F82C10D6
S3150000271019B1002180F82C1003E0006902214170F4
S315000027200021084601B010BD10B582B0EFF303805A
S315000027304FF0704101EB006046F200328015C4F2A2
S315000027400002835823F4803383508058EFF30380CC
S3150000275001EB006040F680718015C2F200010C5852
S3150000276094F82D00B8B1E069002861D02168496A63
S31500002770C979012904D12046052100F037FAE0691C
S31500002780012857D0022833D0032840D12069017987
S3150000279041F040013AE0A069022804D82069017995
S315000027A041F040010171E06901280ED120690179EB
S315000027B041F0100101712069017941F008010171B0
S315000027C02069017901F0EF0101712068406AC07942
S315000027D0012803D12046052100F008FA2069C07CB3
S315000027E08DF807009DF80700012084F82D001FE0F2
S315000027F02069017941F0100101712069017941F0E8
S31500002800080101712069017901F0EF010171D4E934
S315000028100401C07C226A8854D4E9071001300139CA
S31500002820C4E9071004D12069017901F0BF010171E3
S3150000283002B010BD94F82A00012831D120684EF26A
S31500002840801390F90F10012001F01F0200FA02F226
S315000028504909CEF2000343F82120BFF34F8FBFF39F
S315000028606F8F2169CA7942F08002CA7121690A799B
S3150000287042F010020A7121690A7902F0F7020A7120
S3150000288021690A7902F0EF020A71216904224A706D
S3150000289021694A7902F0FE024A7184F82C00B6E7F3
S315000028A02069417A01F0F7014172206908214170DF
S315000028B0ADE7D4D4B0B5EFF303804FF0704146F2E4
S315000028C0003501EB0060C4F200058015425922F480
S315000028D0803242514059EFF3038001EB006040F62D
S315000028E080718015C2F200010C5894F82700C8B117
S315000028F094F82600032806D194F82800022802D16D
S3150000290094F8300068B394F824002169887494F828
S31500002910280094F82710013084F82800481E84F80F
S315000029202700B0BD94F82900D8B92068406AC0795C
S31500002930012808D194F82B0028B9206A18B120463E
S31500002940052100F053F9E06960B1D4E90401226A77
S31500002950895C8174D4E9071001300139C4E9071094
S3150000296000D0B0BD2069C17901F07F01C171206935
S315000029706FF0BE0190F90720B2F1FF3F03DC00299A
S3150000298001F10101F6D1206890F9100055F82010E8
S3150000299021F4803145F8201055F82000206890F980
S315000029A0100000280BD400F01F01012202FA01F1E9
S315000029B04EF280224009CEF2000242F82010206931
S315000029C0C17941F04001C171B0BDD4D410B5EFF367
S315000029D003804FF0704101EB006040F68071801576
S315000029E0C2F200010C582068406AC079012803D160
S315000029F02046052100F0FAF894F82900012806D1AE
S31500002A0094F82700012802D194F8300080B3E069D9
S31500002A1070BB94F82A00012822D12068012290F97F
S31500002A200F004EF2801300F01F0102FA01F1400977
S31500002A30CEF2000343F82010BFF34F8FBFF36F8F22
S31500002A402069C17941F08001C1712069042141707A
S31500002A502069417901F0FE01417184F82C2007E0DC
S31500002A602069417A01F0F70141722069082141701D
S31500002A702069C17901F0BF01C17120696FF0BE0103
S31500002A80C279520603D5002901F10101F8D1EFF30D
S31500002A9003804FF0704101EB006046F20031801573
S31500002AA0C4F20001425822F480324250405810BD10
S31500002AB0B0B5EFF303804FF0704101EB006040F6D4
S31500002AC080718015C2F200010C5821694A7A4B7A4E
S31500002AD002F01F0003F0E0030F2802F003024B721E
S31500002AE001D83AB924E021694B785B0658BF42F019
S31500002AF00102D2B1012084F82B0020690025C5719E
S31500002B0021682046FFF7A6FC94F82600216984F880
S31500002B102800A069C4E90750B32084F82C5084F833
S31500002B202A50C871204601214DE04A78520611D438
S31500002B30010706D494F82C20012A31D110F00402A2
S31500002B402ED0E06910B994F82B0098B3002919D457
S31500002B50012036E0012084F82B0008204870206808
S31500002B602169406A02784379807942EA031242EA8F
S31500002B70C01040F00200C8702069417941F001019F
S31500002B80417122E094F82600002184F82800A0690B
S31500002B90C4E90710012084F82C1084F82A100DE0EF
S31500002BA0400712D52068406AC07901280DD1204619
S31500002BB0042108E094F8290080F003002169B3227B
S31500002BC0CA71C1B2204600F011F8EFF303804FF04E
S31500002BD0704101EB006046F200318015C4F200013D
S31500002BE0425822F4803242504058B0BD10B582B0EF
S31500002BF00446806B00281ABFD0E90023CDE90023E4
S31500002C006846E26B01710260616B8847A06B18B180
S31500002C10DDE90012C0E90012002084F82B0002B0A2
S31500002C2010BDF0B591F902300246037146F200304C
S31500002C30C4F200004FF0000E50F823C040F823E025
S31500002C408B684FF600579360CB68CFF6FF77D3605B
S31500002C500B785371034303F807E04D790E79CC786E
S31500002C60ED0145EA06162643DE5592F9043040F892
S31500002C7023C092F9040000280CD449784EF2004390
S31500002C800901CEF20003C15440F68071C2F2000180
S31500002C9041F8202044F25531C0F24901002011606C
S31500002CA0F0BD90F9040046F20031C4F2000151F87B
S31500002CB0202022F4803241F8202051F8201000F024
S31500002CC01F01012202FA01F14EF200124009CEF272
S31500002CD0000202EB8003BFF35F8FC3F8801142F856
S31500002CE020100020704790F90400012200F01F0117
S31500002CF002FA01F14EF280124009CEF2000242F8C9
S31500002D002010BFF34F8F0020BFF36F8F704703462D
S31500002D100020C3E902127047014690F9040000281A
S31500002D2018D400F01F02012303FA02F24EF28013B8
S31500002D304009CEF2000343F82020BFF34F8FBFF3C4
S31500002D406F8F91F9040040F68072C2F200020023F0
S31500002D5042F82030002200200A60704770B582B029
S31500002D604FF07041EFF3038001EB006140F6807293
S31500002D708815C2F20002105846F200344279C4F2B5
S31500002D8000044FF600532243CFF6FF73D25C0D16B4
S31500002D9002F00306032E07D054F8251021F48031E3
S31500002DA044F8251054F82510816829B14279C06885
S31500002DB0CDE9000268468847032E07D154F825005E
S31500002DC020F4803044F8250054F8250002B070BD88
S31500002DD04EF22000C4F20100817940F240520068B0
S31500002DE0C2F2000252F82110C0F3026021FA00F08C
S31500002DF040F6B471C2F2000108607047F0B54EF2B9
S31500002E00FE3CC4F2010C4CF200124AF20350C4F22A
S31500002E100102ACF800000120908000BF90880028D5
S31500002E20FCD147F200030120C4F200031080986031
S31500002E30186040F2405342F6005E41F200244CF224
S31500002E4000274EF22001C2F20003C0F2311EC0F28A
S31500002E507A044FF400450026C0F6EB37C4F20101B0
S31500002E60C3E900E4C3E90256C3E904678F790D6834
S31500002E7053F82770C5F3026540F6B47E27FA05F4C9
S31500002E80C2F2000ECEF800408CF882008E7500BFAC
S31500002E90087FC007FCD042F21170088100208872BA
S31500002EA0087F8006FCD50320107741F22120C2F26C
S31500002EB0010008600520887188790A6853F82000A7
S31500002EC0C2F30262D040CEF8000042F20800C4F21B
S31500002ED00000F12202710122F023027003714FF407
S31500002EE025400A7481F83220ACF80000F0BD10B518
S31500002EF043F22800C4F2080000240470012000F008
S31500002F00E4F84EF2BB41C4F2010101200C70BDE8A9
S31500002F10104000F0B1B8D4D400BE00BFFEE740F6C2
S31500002F20B472C2F20002126841F20023C0F27A03C0
S31500002F309A4201FB00F00FD340F6FF01C0F23D01BB
S31500002F4011444DF68362C4F21B32A1FB0212110D2D
S31500002F50A0FB0101E9B11FE04CF6002348F6381149
S31500002F60C3F69A33C0F24101B3FBF2F2884207D2AC
S31500002F704FF47A7100FB01F0B0FBF2F0800808E034
S31500002F809200B0FBF2F0884206D24FF47A7100FB51
S31500002F9001F028B100F005B84FF0FF3000F001B89D
S31500002FA0704701380028FCD17047D4D42DE9F04190
S31500002FB046F22018C4F20008B8F80000B8F820104D
S31500002FC040F63C7501EA0006B7B20024C2F20005DD
S31500002FD027FA04F0C00704D055F8241009B120469A
S31500002FE088470134102CF3D1A8F81060BDE8F081B1
S31500002FF070B584B048F248060320C4F2000600F01B
S3150000300064F86FF0FF004BF2846430604FF0FF30DD
S315000030100021C0F200040122CDE9020034F811308B
S3150000302002FA01F5002B01F1010118BFA8430A2994
S31500003030F4D14EF280320190002001A9CEF20002B6
S3150000304051F8203006EB8005AB6242F820300130A3
S315000030500328F5D1032000F00FF846F200310020D6
S31500003060C4F2000134F810200AB141F820200130E2
S315000030700A28F7D104B070BD0122EFF3108182F364
S31500003080108840F6A872C2F2000232F8103023B15E
S3150000309032F81030013B22F8103032F810208AB98D
S315000030A04EF2FE3CC4F2010C4BF68402BCF8003032
S315000030B0C0F2000232F8100043F4254222EA000072
S315000030C0ACF8000081F31088704780B50122EFF359
S315000030D0108182F3108840F6A872C2F2000232F81C
S315000030E010308BB94EF2FE3C4BF68403C4F2010C51
S315000030F0C0F20003BCF800E033F8103043EA0E03D8
S3150000310043F42543ACF8003032F81030013322F88E
S31500003110103081F3108880BD00F006F8FDF7D1FA73
S31500003120FEE700BE7047D4D4B0B54EF60850CEF2D6
S3150000313000004FF47001C0F8801040F20001C0F2A8
S315000031400001016000200024FDF7E8F9FFF756FEB4
S315000031500120FDF7E3F940F24010C2F2000080F3CF
S315000031600A88002000F050F8FFF732FEFFF7BFFE96
S315000031700320FFF7AAFF40F61050C4F208004FF6EE
S31500003180FF7100BF20F8141001340C2CFAD1032073
S31500003190FFF772FF0320FFF798FF0420C4F20E002A
S315000031A00021016041608160C1600320FFF764FF78
S315000031B00220FDF7B3F9012000F026F841F20C24B5
S315000031C0C2F20004204603F011F8204603F022F86C
S315000031D04CF2EE104CF2EE11C0F20000C0F200010B
S315000031E0081A8410012C08DB4CF2EE15C0F200051B
S315000031F055F8040B8047013CFAD1FFF7F9FE002091
S31500003200BDE8B04000F02DB8F0B581B04BF2A07526
S31500003210C0F200052E68044676B16868071D00BF37
S315000032207879844204D157E90101091A02F0C1FFF5
S31500003230013E07F10C07F3D1AE6886B1E86800F1EC
S31500003240080500BF6879844205D155E9020229685C
S31500003250121A02F0B2FF013E05F11005F2D101B0DB
S31500003260F0BD70474FF0FF31024642F8081F0021BB
S31500003270C0E90322C0E900127047002101617047CE
S3150000328080B5D1F800C01CF1010207D000F1080298
S315000032909646526813686345FAD903E0D0F810E001
S315000032A0DEF804204A609160C1F808E0CEF8041008
S315000032B0086101680131016080BDD0E9012301691F
S315000032C0936042685A604A68824201D182684A60C5
S315000032D000220261086801380860704770B500284E
S315000032E04BD00446C06BC0B30E46216CA0FB010157
S315000032F099BBFEF70AF82068D4E90F12002502FBF5
S315000033000103013901FB0201A563C4E90103FF20A2
S31500003310E16084F8440084F8450004F110004EB1E1
S31500003320FFF7A0FF04F12400FFF79CFFFEF718F853
S31500003330012070BD01680029F8D001F077F9002856
S31500003340F4D04EF60450CEF200004FF080510160EA
S31500003350BFF34F8FBFF36F8FE8E74AF61D604BF25E
S3150000336014124AF6C673C0F20000C0F20002C0F2A0
S3150000337000034FF4B671FFF7CFFD4AF61D604BF21E
S3150000338014124AF69D73C0F20000C0F20002C0F2A9
S31500003390000340F23711FFF7BFFD10B582B043B30B
S315000033A0B8B11C4601B9A2B901B192B14823019343
S315000033B0019B482B2DD1019B002908BF2246C4E959
S315000033C00F01204601212260FFF788FF204602B048
S315000033D010BD4AF61D604AF65B524AF60573C0F206
S315000033E00000C0F20002C0F200034FF4D871FFF7EC
S315000033F093FD4AF61D604AF65B524AF68833C0F2E0
S315000034000000C0F20002C0F200034FF4C271FFF7E1
S3150000341083FD4AF61D604AF65B524AF61453C0F223
S315000034200000C0F20002C0F200034FF4CB71FFF7B8
S3150000343073FDB0B582B00C46012000210022234660
S315000034400025FFF7AAFF2046002100220023256061
S31500003450C4E9025500F02AF8204602B0B0BDB0B566
S3150000346098B18568044601F0CBF985421CBF00205F
S31500003470B0BDE0680138E06005D120460021002299
S31500003480002300F013F80120B0BD4AF61D604AF68D
S31500003490C1624AF64C33C0F20000C0F20002C0F22C
S315000034A0000340F2FB21FFF737FDD4D42DE9F04F9E
S315000034B085B00028049200F09D8099461546044682
S315000034C019B9206C002840F0C580B9F1020F03D16C
S315000034D0E06B012840F0AE80019101F097F910B938
S315000034E0002D40F09780FDF710FFA06BB9F1020F99
S315000034F059D0E16B884256D304F11007012002AE81
S315000035004FF0000B04AD00BF0499002966D0C00738
S3150000351002D0304601F010F9FDF722FF00F027FD3A
S31500003520FDF7F3FE94F84400FF2808BF84F844B082
S3150000353094F84500FF2808BF84F845B0FDF710FF52
S315000035403046294601F005F900284AD1FDF7DDFE8F
S31500003550D4F838A0D4F83C80FDF702FFC24515D157
S315000035600499384601F004F8204600F0EFF900F01F
S3150000357059FD80B94EF60450CEF200004FF080514E
S315000035800160BFF34F8FBFF36F8F04E0204600F05A
S31500003590DDF900F047FDFDF7B8FEA06BE16B884250
S315000035A04FF00000B0D2019920464A4600F091F94A
S315000035B054F8241F11B1204601F038F850B14EF6E8
S315000035C00450CEF200004FF080510160BFF34F8FE0
S315000035D0BFF36F8FFDF7C4FE012008E0FDF7C0FEC4
S315000035E004E0204600F0B2F900F01CFD002005B012
S315000035F0BDE8F08F4AF61D604AF6A9224AF69D7389
S31500003600C0F20000C0F20002C0F2000340F2B63180
S31500003610FFF782FC4AF61D604AF6A9224AF6BB234A
S31500003620C0F20000C0F20002C0F2000340F2BB315B
S31500003630FFF772FC4AF61D604AF6A9224AF69E3347
S31500003640C0F20000C0F20002C0F200034FF46E7137
S31500003650FFF762FC4AF61D604AF6A9224BF2A01358
S31500003660C0F20000C0F20002C0F2000340F2B7311F
S31500003670FFF752FC70B590B1866804460D4601F01E
S31500003680BFF8864204D02046294600F019F820B13A
S31500003690E0680130E060012070BD002070BD4AF690
S315000036A01D604AF654324AF64C33C0F20000C0F2AE
S315000036B00002C0F2000340F23731FFF72DFCD4D4EC
S315000036C02DE9F04F83B00028029100F0B280044645
S315000036D0006C002840F0BD800D4601F097F810B947
S315000036E0002D40F0C680FDF710FEA16BD1B1481E3B
S315000036F0A063206810B901F0C4F9A06054F8100F57
S3150000370070B1204600F092FF50B14EF60450CEF252
S3150000371000004FF080510160BFF34F8FBFF36F8FF2
S31500003720012480E004F124094FF0000B01206E46CD
S3150000373002AF4FF0000800BF0299002972D0C007FF
S3150000374002D0304600F0F8FFFDF70AFE00F00FFC4D
S31500003750FDF7DBFD94F84400FF2808BF84F844B069
S3150000376094F84500FF2808BF84F845B0FDF7F8FD3A
S315000037703046394600F0EDFF60B1204600F0E6F82D
S3150000378000F050FCFDF7C1FDA56BFDF7E9FDB5B3F3
S315000037902EE000BFFDF7B9FDD4F838A0FDF7E0FD37
S315000037A0BAF1000F05D0204600F0D0F800F03AFC40
S315000037B01EE0206838B9FDF7A8FDA06801F039F8C9
S315000037C08046FDF7CDFD0299484600F0D1FE204621
S315000037D000F0BCF800F026FC50B94EF60450CEF2CC
S315000037E000004FF080510160BFF34F8FBFF36F8F22
S315000037F0FDF78BFDA16B002000299DD077E7B8F17E
S31500003800000F09D0FDF781FDD9F8000030B1206B1B
S315000038100068C0F1050102E0002406E00021A0686E
S3150000382001F0C3F80024FDF79BFD204603B0BDE878
S31500003830F08F4AF61D604AF62F524AF66D33C0F2F3
S315000038400000C0F20002C0F2000340F28261FFF7FE
S3150000385063FB4AF61D604AF62F524BF24513C0F23F
S315000038600000C0F20002C0F2000340F28661FFF7DA
S3150000387053FB4AF61D604AF62F524AF6BB23C0F2A6
S315000038800000C0F20002C0F2000340F28B61FFF7B5
S3150000389043FBB0B582B060B10D46814209D81446EB
S315000038A0002100222346FFF778FD2046A56302B0DB
S315000038B0B0BD4AF61D604AF6D8524AF69633C0F2B3
S315000038C00000C0F20002C0F200034FF45E71FFF781
S315000038D023FB70B5866B036C0446DBB1154612B349
S315000038E0E0681A4602F069FCE168206C2268091A51
S315000038F09142E16003D2A16840420844E060A81EFC
S31500003900B0FA80F040093146002E18BF0121084068
S31500003910361A15E02068002598B9A06800F0DFFF88
S31500003920A56005460DE060681A4602F046FCD4E93B
S315000039300101226C10448842606001D320686060F7
S315000039400025711C2846A16370BDD4D4F0B581B0A2
S315000039500446FDF7DAFC94F94560012E0EDB04F10E
S31500003960240500BF286848B1284600F05FFE08B16C
S3150000397000F03FFF70B2013E0128F3DCFF2684F819
S315000039804560FDF7EDFCFDF7C0FC94F94470012F8E
S315000039900EDB04F1100500BF286848B1284600F088
S315000039A045FE08B100F025FF78B2013F0128F3DC9F
S315000039B084F8446001B0BDE8F040FDF7D1BC2DE9C4
S315000039C0F04100283DD00546006C002849D1286802
S315000039D0884610B9A868002853D1FDF727FDEFF3F4
S315000039E01186102080F31188A86BE96B884210D2EB
S315000039F095F945400130E7B2FF2FA8630BD000F0E0
S31500003A00B1FDA04218D97F2F4BD0781C85F8450010
S31500003A1012E0002011E055F8240F68B1284600F0A6
S31500003A2005FE0146B8F1000F4FF0010018BF00294E
S31500003A3003D0C8F8000000E0012086F31188BDE835
S31500003A40F0814AF61D604AF60E324AF69D73C0F2C0
S31500003A500000C0F20002C0F200034FF4A861FFF7B5
S31500003A605BFA4AF61D604AF60E324BF24513C0F277
S31500003A700000C0F20002C0F2000340F24451FFF71A
S31500003A804BFA4AF61D604AF60E324BF25903C0F263
S31500003A900000C0F20002C0F2000340F24951FFF7F5
S31500003AA03BFA4AF61D604AF60E324AF68B63C0F2BE
S31500003AB00000C0F20002C0F2000340F2CB51FFF753
S31500003AC02BFAD4D42DE9F04F83B00028029200F0EF
S31500003AD0A28016468946044619B9206C002840F093
S31500003AE0BA8000F093FE10B9002E40F0A480FDF7D6
S31500003AF00CFCD4F838A0BAF1000F28D0226C52B1D1
S31500003B00D4E902011144E160814224BF2168E160E9
S31500003B10484602F052FB54F8100FAAF10101A162C7
S31500003B2070B1204600F082FD50B14EF60450CEF240
S31500003B3000004FF080510160BFF34F8FBFF36F8FCE
S31500003B400124FDF70DFC204603B0BDE8F08F04F11B
S31500003B50240801206F464FF0000B02AE029900299F
S31500003B6055D0C00702D0384600F0E6FDFDF7F8FB59
S31500003B7000F0FDF9FDF7C9FB94F84400FF2808BFE3
S31500003B8084F844B094F84500FF2808BF84F845B08F
S31500003B90FDF7E6FB3846314600F0DBFD60B1204616
S31500003BA0FFF7D4FE00F03EFAFDF7AFFBA56BFDF77D
S31500003BB0D7FB75B322E000BFFDF7A7FBA56BFDF7AA
S31500003BC0CFFB2DB12046FFF7C1FE00F02BFA15E022
S31500003BD00299404600F0CCFC2046FFF7B7FE00F005
S31500003BE021FA58B94EF60450CEF200004FF080513B
S31500003BF00160BFF34F8FBFF36F8F00BFFDF785FBEB
S31500003C00D4F838A00020BAF1000FA7D076E7002438
S31500003C1097E7002497E74AF61D604AF6FC524AF6F3
S31500003C206D33C0F20000C0F20002C0F2000340F2A1
S31500003C30E951FFF771F94AF61D604AF6FC524AF659
S31500003C40BB23C0F20000C0F20002C0F2000340F243
S31500003C50F251FFF761F94AF61D604AF6FC524AF640
S31500003C601073C0F20000C0F20002C0F2000340F27E
S31500003C70ED51FFF751F9D4D4B0B500B3D1B140F648
S31500003C80B87E4FF0000CC2F2000E0022002300BFE7
S31500003C900EEB02046568A8420DD023B92368002BF9
S31500003CA018BF644623460832502AF1D1002B18BFAC
S31500003CB0C3E90010B0BD2346C3E90010B0BD4AF603
S31500003CC01D604AF662124BF20003C0F20000C0F219
S31500003CD00002C0F2000340F6C931FFF71DF970B5C6
S31500003CE015460E460446FDF710FB94F84400FF28DF
S31500003CF004BF002084F8440094F84500FF2804BF60
S31500003D00002084F84500FDF72BFBA06B28B904F1D1
S31500003D10240031462A4600F04CFC2046BDE870409F
S31500003D20FFF714BE2DE9F04F81B00B9D002D00F07A
S31500003D30DE800C9C002C00F0EA8081466820009012
S31500003D400098682840F0F38000980E460A9F2046A7
S31500003D5068219846924602F02CFA256366B104F172
S31500003D6034000021725C42541AB10F2901F101019D
S31500003D70F8D1002084F84300052F80F0E88005EB99
S31500003D808A000438251D20F007062846E762676486
S31500003D90FFF773FA04F11800FFF76FFAC7F1050091
S31500003DA0216BA06130464A46434624616462FDF7B2
S31500003DB053FA2060FDF7A9FA41F22C00C2F2000086
S31500003DC0016841F2080B01310160C2F2000BDBF819
S31500003DD0001041F2100A41F23807C2F2000AC2F29C
S31500003DE0000761B1DAF80000002841D1DBF80000D5
S31500003DF0E16AC06A884298BFCBF8004038E0CBF849
S31500003E0000400068012833D1002600BFB819FFF72B
S31500003E1029FA1436642EF9D141F2E408C2F20008F8
S31500003E204046FFF71FFA41F2F809C2F20009484678
S31500003E30FFF718FA41F2B800C2F20000FFF712FAD3
S31500003E4041F21400C2F20000FFF70CFA41F2A000A2
S31500003E50C2F20000FFF706FA41F2D800C2F20000F3
S31500003E60C0F8008041F2DC00C2F20000C0F8009009
S31500003E7041F20C00C2F2000001680131016041F21A
S31500003E809C01C2F20001E06A0A68904288BF08609D
S31500003E9000EB800007EB80004068A0608168E1606D
S31500003EA04D608560E06A00EB800007EB8001616190
S31500003EB057F82010013147F82010FDF751FADAF8CB
S31500003EC0000080B1DBF80000E16AC06A88420AD2CD
S31500003ED04EF60450CEF200004FF080510160BFF361
S31500003EE04F8FBFF36F8F204601B0BDE8F08F4AF6C3
S31500003EF0DA604AF6AD624AF64A23C0F20000C0F222
S31500003F000002C0F2000340F2F141FFF705F84AF65D
S31500003F10DA604AF6AD624AF68843C0F20000C0F2A3
S31500003F200002C0F2000340F2F241FEF7F5FF4AF646
S31500003F30DA604AF6AD624BF2F613C0F20000C0F248
S31500003F400002C0F2000340F2FA41FEF7E5FF4AF62E
S31500003F50DA604AF6A3424AF62F43C0F20000C0F2E6
S31500003F600002C0F2000340F26471FEF7D5FF41F291
S31500003F703000C2F2000001680131016070472DE98E
S31500003F80F04381B00E4641F23401C2F200010D68E1
S31500003F9041F2D801C2F20001D1F8008041F2DC0101
S31500003FA041F20804C2F20001C2F20004D1F8009006
S31500003FB021680746081DFFF780F9781C16D1AEB1B7
S31500003FC041F2A000C2F20000D0E9001223680131DC
S31500003FD09A6093682768FB60276804375F602368E8
S31500003FE00433936022680160506117E02068ED1980
S31500003FF04560206800F1040105D3484601B0BDE8DC
S31500004000F043FFF73DB94046FFF73AF941F2CC00DD
S31500004010C2F2000001688D4238BF056001B0BDE8FC
S31500004020F083D4D42DE9F047FDF76FF941F2300063
S31500004030C2F200000168002900F0AC800168013975
S315000040400160006828B10024FDF78AF92046BDE822
S31500004050F08741F22C00C2F2000000680028F2D07E
S3150000406041F2B800C2F20000016841F2B40A41F21E
S3150000407008090029C2F2000AC2F2000964D041F21E
S315000040809C0241F238030021C2F20002C2F2000390
S315000040904FF0010CC768FC68D4E90775A66ABD60D5
S315000040A0E7696F60776804F11805AF4201D1276AA6
S315000040B07760A1623768013F3760D4E902656769B6
S315000040C0B560A6686E607D68261DB54201D1E568BB
S315000040D07D6061613D68013D3D60E76A1568AF42FC
S315000040E088BF176007EB870703EB87077F68A76022
S315000040F0BD68E5606E60BE60E76A07EB870703EBA5
S315000041008706666153F82760013643F82760E76A39
S31500004110D9F80060F66AB74288BFCAF800C00768D7
S31500004120002FB7D141F2D800C2F200000168096839
S3150000413019B10068C068006801E04FF0FF3041F235
S31500004140CC01C2F20001086041F2D408C2F20008B4
S31500004150D8F8006056B1012400F028F908B1CAF871
S315000041600040013EF8D10020C8F80000DAF800004F
S3150000417000283FF468AFD9F800004EF60450CEF29E
S3150000418000004FF080510160BFF34F8F0124BFF351
S315000041906F8F59E74AF6DA604AF640424BF21B0344
S315000041A0C0F20000C0F20002C0F2000340F68B71BC
S315000041B0FEF7B2FE80B580B141F23001C2F20001D5
S315000041C00A6801320A600968012912D10021FFF745
S315000041D0D6FEFFF727FF00B180BD4EF60450CEF2A3
S315000041E000004FF080510160BFF34F8FBFF36F8F18
S315000041F080BD4AF6DA604AF6A5724AF69F53C0F2C7
S315000042000000C0F20002C0F2000340F68E11FEF775
S3150000421083FED4D480B541F23000C2F200000068BB
S3150000422030B141F2B400C2F200000121016080BD4C
S3150000423041F2B400C2F20000002141F29C0C016080
S31500004240C2F2000CDCF8001041F2380301EB8102E7
S31500004250C2F2000353F8220003EB820230B900BF1A
S31500004260B9B152F8140D01390028F9D050684368E5
S3150000427002F108008342536001D1D3685360D868C5
S3150000428041F20802C2F200021060CCF80010106879
S3150000429080BD4AF6DA604AF637224BF29213C0F234
S315000042A00000C0F20002C0F2000341F2FA31FEF74C
S315000042B033FEB0B58AB044F24940C4F24C500024F3
S315000042C0069005A804A903AA8DF81C40CDE904446C
S315000042D0FCF71EFADDE90320059DCDE9004044F612
S315000042E09920C0F2000006A900230295FFF71AFDE7
S315000042F041F2D000C2F20000056065B300F0E3FBB6
S31500004300012811D0013026D14AF6DA604BF20702B5
S315000043104AF6C653C0F20000C0F20002C0F2000323
S3150000432040F6A961FEF7F8FD41F2CC01C2F20001A8
S315000043304FF0FF32012080F310880A6041F210012D
S31500004340C2F20001086041F23400C2F2000000210E
S315000043500160FCF799FF4BF69000C0F20000006880
S315000043600AB0B0BD70B541F22804C2F2000420685C
S31500004370D0B141F2140541F22C06C2F20005C2F298
S31500004380000600BFFCF7C1FFE868C0680430FEF70E
S3150000439094FF306801383060206801382060FCF7EF
S315000043A0DFFF20680028EDD170BDD4D42DE9F04799
S315000043B041F23000C2F20000006848B141F2D40078
S315000043C0C2F200000168013101600020BDE8F087FB
S315000043D041F23400C2F20000016841F2CC0C4A1CE2
S315000043E0C2F2000C026022D341F2D800C2F20000F1
S315000043F001680968002940F09F8041F2DC03C2F29F
S31500004400000301681F680760196041F2E001C2F20B
S3150000441000010B6801330B600168096819B1006877
S31500004420C068006801E04FF0FF30CCF80000DCF80F
S315000044300000824201D2002074E041F2D80AC2F2A2
S31500004440000ADAF800004FF000090068002864D07E
S3150000445041F29C0E41F2380441F20808C2F2000E05
S31500004460C2F20004C2F20008002000BFDAF80050D1
S31500004470ED68EE68374657F8045FAA4250D3D6E98E
S31500004480021375698B60B16859606968B94201D1D8
S31500004490F1686960C6F81490296801392960B56A1F
S315000044A085B1D6E907138B60F1695960696806F131
S315000044B01803994201D1316A6960C6F828902968C3
S315000044C001392960F56ADEF800108D4205EB850199
S315000044D088BFCEF8005004EB81014968B1608B6853
S315000044E0F3605F608F60F16A01EB810104EB810389
S315000044F0736154F82130013344F82130F16AD8F859
S315000045000030DB6ADAF80050994288BF012029683A
S315000045100029ABD14FF0FF3502E04FF0FF35002008
S31500004520CCF8005041F2B401C2F20001096800293A
S3150000453018BF0120BDE8F0874AF6DA604AF60A623B
S315000045404AF6C113C0F20000C0F20002C0F2000336
S3150000455041F25F21FEF7E0FC41F23400C2F20000B6
S315000045600068704741F22C00C2F2000000687047F4
S3150000457010B570B10C4641F20801C2F2000109689B
S315000045801831FEF77DFE20460121BDE81040FFF7F9
S31500004590F6BC4AF6DA604AF6EA724AF6BA53C0F24E
S315000045A00000C0F20002C0F200034FF4A451FEF76F
S315000045B0B3FC10B550B341F2080CC2F2000C03462E
S315000045C0D0F804E0DCF80000002AC0F81CE0DEF8B1
S315000045D00800DCF800402062DCF8004004F1180412
S315000045E04460DCF8000000F11800CEF80800DCF8A2
S315000045F000008362186818BF4FF0FF31441C08465C
S3150000460011461C60BDE81040FFF7B9BC4AF6DA60F7
S315000046104AF64F424AF6BA53C0F20000C0F2000210
S31500004620C0F2000341F2BE41FEF776FC80B5C068D9
S31500004630C068002870D0D0E90713826A8B60C16910
S315000046405960536800F118018B4201D1036A536027
S31500004650002383621368013B136041F23002C2F209
S31500004660000212688AB141F2B80CC2F2000CDCE911
S3150000467000E2C26193680362596091600EF1010124
S31500004680C0F828C0CCF8001034E0D0E90213426923
S315000046908B60816859605368011D8B4201D1C368E4
S315000046A0536000234361136841F29C0C013B136085
S315000046B0C2F2000CC26ADCF800309A4288BFCCF81D
S315000046C0002041F2380C02EB8202C2F2000C0CEB25
S315000046D08202526882609368C36059609160C16AC1
S315000046E001EB81010CEB810242615CF82120013271
S315000046F04CF8212041F20801C2F20001C06A0968A3
S31500004700C96A884291BF002041F2B401C2F2000199
S31500004710012088BF086080BD4AF6DA604AF66F421B
S315000047204AF67933C0F20000C0F20002C0F200037C
S3150000473041F2F541FEF7F0FB41F2E001C2F2000161
S315000047400968016041F23401C2F200010968416062
S31500004750704770B568B30D46D9B30446FCF7D5FD6E
S3150000476041F2340EC2F2000EDEF8003029684A1C0F
S3150000477016D041F2E00CC2F2000CD4E90002DCF8DB
S315000047800060864201D093420CD29A1A914209D90E
S31500004790881A2860DCF800002060DEF800006060FF
S315000047A0002402E0002001242860FCF7D9FD204601
S315000047B070BD4AF6DA604AF669724AF6EB33C0F221
S315000047C00000C0F20002C0F2000341F2A551FEF75C
S315000047D0A3FB4AF6DA604AF669724AF6B843C0F2B3
S315000047E00000C0F20002C0F2000341F2A651FEF73B
S315000047F093FB41F2B400C2F2000001210160704750
S3150000480041F20800C2F200000068704741F2100051
S31500004810C2F20000006850B141F23000C2F200005E
S31500004820006800284FF0000008BF022070470120F2
S31500004830704710B3F0B581B041F20807C2F2000725
S315000048400446C06A3968C96A884218D2A169002933
S3150000485004D43968C96AC1F10501A16141F238067B
S31500004860616900EB8000C2F2000606EB800081421F
S315000048700ED03868C06AE0622EE000207047606C97
S315000048803968C96A88424FF0000038BF012024E029
S31500004890251D2846FEF711FD386841F29C01C06AC5
S315000048A0C2F20001E0620A68904288BF086000EB2D
S315000048B0800006EB80004068A0608168E1604D6082
S315000048C08560E06A00EB800006EB8001616156F8C6
S315000048D02010013146F82010012001B0F0BDB0B51E
S315000048E0002840D0044641F20800C2F200000068E9
S315000048F084423AD1A06C002847D00138A0644FF01A
S31500004900000018BFB0BDE16A626C91422AD0251D35
S315000049102846FEF7D2FC606CC0F10501A16141F2A8
S315000049209C01E062C2F200010A68904288BF0860FA
S3150000493041F2380100EB8000C2F2000101EB800079
S315000049404068A0608268E26055608560E06A00EBBE
S31500004950800001EB8002626151F82020013241F8AB
S3150000496020200120B0BD0020B0BD4AF6DA604AF62C
S3150000497075524AF6F533C0F20000C0F20002C0F2EA
S31500004980000341F62821FEF7C7FA4AF6DA604AF62E
S3150000499075524BF23603C0F20000C0F20002C0F2BC
S315000049A0000341F62921FEF7B7FA70B528B304468D
S315000049B0806C002845D0626C8A4288BF1146012867
S315000049C01BD1E06A884218D041F20802C2F2000206
S315000049D01268944245D0A269E162002A02D4C1F16C
S315000049E00501A16141F23806616900EB8000C2F25F
S315000049F0000606EB8000814200D070BD251D2846CA
S31500004A00FEF75BFC41F29C01C2F20001E06A0A6813
S31500004A10904288BF086000EB800006EB800040688B
S31500004A20A0608168E1604D608560E06A00EB80000F
S31500004A3006EB8001616156F82010013146F820101E
S31500004A4070BD4AF6DA604AF60B424BF23603C0F204
S31500004A500000C0F20002C0F2000341F68621FEF714
S31500004A605BFA4AF6DA604AF60B424AF6B073C0F2CF
S31500004A700000C0F20002C0F2000341F6A121FEF7D9
S31500004A804BFA41F20800C2F20000006810B1816CD6
S31500004A90013181647047D4D441F238044EF604558E
S31500004AA0C2F20004CEF200054FF08056FFF75AFC22
S31500004AB02068022822BF2E60BFF34F8FBFF36F8F8F
S31500004AC0FCF7A8FCF2E780B586B000F03BF841F2AF
S31500004AD00C10C2F20000006820B30020CDE90400EB
S31500004AE005A804A903AAFBF720FEDDE9032003219C
S31500004AF0DDF814C0CDE9001044F6C1304BF22711A1
S31500004B00C0F20000C0F200010023CDF808C0FFF794
S31500004B1009F941F21011C2F20001086010B101203A
S31500004B2006B080BD4AF667204BF25E124AF6C643CF
S31500004B30C0F20000C0F20002C0F200034FF4A371FD
S31500004B40FEF7EAF970B582B0FCF7DFFB41F20C160E
S31500004B50C2F20006306868BB41F22014C2F20004BB
S31500004B602046FEF77FFB41F23415C2F200052846C7
S31500004B70FEF778FB41F21410C2F20000046041F225
S31500004B801810C2F2000041F2901241F2481305607B
S31500004B900025C2F20002C2F200030A200C21009591
S31500004BA0FEF7FBFB306028B14AF6A421C0F20001F3
S31500004BB0FFF762F802B0BDE87040FCF7D1BBD4D471
S31500004BC084B041F2141841F20C15C2F2000801AC8F
S31500004BD0C2F200054FF0000BEA4600BFD8F800000D
S31500004BE0D0F80090B9F1000F02D0C068066800E066
S31500004BF00026FFF7BCF9204600F0A2F8019919B18A
S31500004C00FFF710FA2EE000BF0746B9F1000F08D0F3
S31500004C10BE4206D8FFF706FA3046394600F0BBF822
S31500004C2020E0B9F1000F01D0002208E041F218108F
S31500004C30C2F2000000680068B0FA80F042092868F5
S31500004C40F11BFFF74CF8FFF7EDF958B94EF6045093
S31500004C50CEF200004FF080510160BFF34F8FBFF3DB
S31500004C606F8F00BF2868CDE902BBCDF804B000BF46
S31500004C7021460022FEF726FF0028AFD00198002823
S31500004C804CD4039E706910B1301DFEF716FB5046DA
S31500004C9000F056F80199013908293FD80746DFE8A0
S31500004CA001F005051C231C05051C230096F82400AD
S31500004CB0029BB16940F0010086F824001944304691
S31500004CC03A4600F0A0F848B396F8240041071BD4F2
S31500004CD000F0FA0086F824001DE096F8240000F0A3
S31500004CE0FE0086F8240019E096F8240040F0010141
S31500004CF0029886F82410B06190B1C11930463A4640
S31500004D003B4600F080F809E00298B1693A46014452
S31500004D10304600F061F8316A304688472868A7E7D0
S31500004D204AF667204BF2B8024BF20F23C0F200009E
S31500004D30C0F20002C0F200034FF48261FEF7ECF805
S31500004D40F0B581B00446FFF707FC41F21C16C2F22B
S31500004D5000063168054688420ED241F21417C2F2A7
S31500004D60000700BF3868016841B1C0684FF0FF31E5
S31500004D70006800F010F8F5E7002007E041F218118E
S31500004D80C2F200010A68086001203A6020602846E5
S31500004D90356001B0F0BD70B541F21412C2F20002E6
S31500004DA012680646D2680D46D468201DFEF785FABD
S31500004DB094F82400410704D400F0FA0084F8240093
S31500004DC004E0204631462A4600F006F8216A2046CD
S31500004DD0BDE870400847D4D470B5054680691446CE
S31500004DE00E460144284600BF334600F00CF848B191
S31500004DF0A869296A064428468847A869224681196F
S31500004E002846F1E770BD8C46014641F804CF94452B
S31500004E10006108D941F214109A42C2F200000AD287
S31500004E209C4508D30DE08069D21A824209D241F22C
S31500004E301810C2F2000080B50068FEF721FA0020C3
S31500004E4080BD01207047D4D42DE9F04381B02DED0B
S31500004E500C8B90B09FED953A9946F4EE432A904616
S31500004E60B0EE608A0F46F1EE10FA054606DD9FEDBC
S31500004E70903AF4EE432AF1EE10FA0FD488EE011AB6
S31500004E809FED8C3A81EE031A9FED8B3A31EE031AB1
S31500004E909FED8A3A31EE811A71EE032A9FED889AC8
S31500004EA09FED881A82FE893AB4EE413A82FE092ABB
S31500004EB0F1EE10FAB4EE412A31FE03AAF1EE10FA31
S31500004EC010EE100AC9ED102A31FE02BA00F041FFB9
S31500004ED041EC100B04F050FB51EC100B00F0D5FF29
S31500004EE0296E0CEE100A042905F130064FF0000475
S31500004EF010D200BF385900F02CFF41EC100B04F023
S31500004F003BFB51EC100B00F0C0FF30510434242C55
S31500004F10F0D134E0B6EE00DA385900F01AFF41EC71
S31500004F20100B04F029FB51EC100B00F0AEFF311909
S31500004F3091ED000A01EE100A31EE401A21EE0D1A2B
S31500004F40043431EE000A242C81ED000AE4D195EDFB
S31500004F50150A95ED161A3CEE403A23EE0D3A95EDFC
S31500004F60172A33EE00CA3BEE410A20EE0D0A30EE58
S31500004F7001BA3AEE420A20EE0D0A30EE02AA286E77
S31500004F8000213C2885ED15CA85ED16BA85ED17AAD0
S31500004F90C5F8801012D88ECE28468EC096E89E00A0
S31500004FA09FED491A9EC095ED100A85ED09CA81EE5E
S31500004FB0009A85ED0ABA85ED0BAAD2E1B0F5167F07
S31500004FC02CD995ED091A9FED410A3CEE411AB4EE33
S31500004FD0401AF1EE10FA21DB95ED041A95ED102A30
S31500004FE032EE411AB4EE401AF1EE10FA16DB002248
S31500004FF06B1893ED001A93ED0C2A043132EE411A28
S31500005000B4EE401AF1EE10FAA8BF01322429EFD10E
S31500005010D1B206294FF0000188BF012195ED040A9F
S3150000502095ED101AB4EE401AF1EE10FA0DDA9FED76
S31500005030280A4BF694020021C0F200025358984207
S3150000504006D904310C29F9D14CE011B301266CE0E4
S31500005050002945D04BF6A007C0F200070F441144C3
S3150000506051F8041C17ED010A97ED001A5A1A02EEC0
S31500005070102A31EE401AB8EE422A81EE021A401A80
S3150000508002EE100AB8EE422A21EE021A31EE000AAA
S3150000509028E08ECE28468EC096E89E009EC085EDFE
S315000050A009CA85ED0ABA85ED0BAA3DE000008CC35E
S315000050B000247449A306533B8D479BC3EC51B8C0EB
S315000050C0000000000000C842CDCCCC3DA69B443A6F
S315000050D00EA21138F99E01C271883342CCBC8CAB4A
S315000050E0B7EE000A00208DED060A00BF291891EDE3
S315000050F0001A91ED0C2A043032EE412A20EE022AE3
S3150000510032EE011A242881ED001AEFD195ED092A15
S3150000511095ED153A95ED101A33EE423A20EE030A54
S3150000512030EE020A85ED090A002695ED140AB7EE5F
S3150000513000CA80EE010A1FED191A1FED192A80FE1A
S315000051400C0A20EE010A30EE020A00F045FD1FEDC2
S315000051501DDA0120002106AA002300BFEF1897EDF3
S31500005160001A97ED0C2AD71831EE421AB4EE4D1AF2
S31500005170F1EE10FA03F1040398BF0846242B87EDDD
S31500005180001AEBD18CEE001A9DED0ABA30EE412AD8
S3150000519030EE010A82EE000A9FEDF21A9FEDF22A26
S315000051A020EE010A30EE020A80FE0C0AB1EE041A65
S315000051B0B4EE410AF1EE10FA31FE00AA000600F044
S315000051C0A780686B02A90F9006A800F0D3FC95EDA6
S315000051D00A0A95ED161AB0EE49CA30EE412AB4EE27
S315000051E04D2AF1EE10FA11D506A804A98DED060A8E
S315000051F08DED071A00F058FC9DED040AB7EE041A6F
S315000052009FEDD72A20EE010A80FE02CA95ED0BDA41
S3150000521095ED170A8DED04CA3DEE400A10EE100A10
S3150000522000F097FD9FEDCA0B53EC102B00F044FEE7
S31500005230B0EE490A40B306AF05A938468DED06DA49
S315000052408DED07DA00F052FC9DED050AB7EE04CAB3
S315000052509FEDC3DAE86AE96D20EE0C0A80FE0D0ABE
S31500005260CDE9060103A938468DED050A00F03EFC9E
S315000052709DED030A9DED051A20EE0C0A80FE0D0A2F
S315000052809DED04CA30EE410AB4EE4C0AF1EE10FA76
S315000052908DED030A30FE0C0A3BEE400A80FE090A39
S315000052A005A801A98DED050A00F042FC9DED020A54
S315000052B09FEDAE1A9DED012A80FE010A82FE011ABB
S315000052C0B6EE002A2AEE011A20EE020A30EE019A04
S315000052D000EE108A9FEDA61A4FFA88F0B8EE400A43
S315000052E030EE011A002820FE010A10EE100A00F026
S315000052F030FD41EC110B9FED980B04F0D9FB51ECFE
S31500005300100B00F0C2FD00EE100A29EE009A28E00C
S31500005310B4EE4DBA0020F1EE10FA58BF012086F027
S3150000532001019FED949A08431BD19FED930A9FEDCF
S31500005330931A2BEE000A30EE010A00F04DFC8CEEBB
S31500005340001A30EE412A30EE010A82EE000A9FED85
S315000053508C1A9FED8C2A20EE010A30EE020A85EDAA
S31500005360200A9FED840A9FED88AA89FE00BA2BEEDB
S315000053700A9AB0EE490A00F02DF9286E012808D1E4
S31500005380B0EE490A85ED1EBA00F024F995ED1E1A15
S3150000539013E095ED1E1A95ED1F2A9FED7C3A3BEE24
S315000053A0414A30EE420A24EE034A20EE030A34EE66
S315000053B0011A30EE020A85ED1E1A21EE0A2A85ED43
S315000053C01F0A89ED110A89ED122A89ED131A95F83B
S315000053D0980068B1002085F898000020C4F2C83013
S315000053E09FED6B0A85ED199A85ED1A9A68679BE021
S315000053F095ED190A9FED672A39EE405A95ED1A1A6E
S3150000540025EE022A32EE000A9FED632A39EE415A52
S3150000541025EE022A32EE011A9FED605A95ED1B3AEF
S3150000542030EE412A32EE055A33EE055A9FED4C3ADC
S315000054309FED5B6A85FE035AB4EE465AF1EE10FA0A
S3150000544036FE055A9FED576A95ED1C4A32EE066AFE
S3150000545034EE064AB5EE404AF1EE10FA9FED526A76
S3150000546033FE044A84FE064A9FED506A85ED190A0A
S31500005470B4EE462AF1EE10FA85ED1A1A85ED1B5A9E
S3150000548085ED1C4A32DC9FED4A6AB4EE465AF1EECF
S3150000549010FA2BDC9FED473AB4EE432AF1EE10FAF0
S315000054A006DD9FED453AB4EE434AF1EE10FA19DCFB
S315000054B09FED423AB4EE431AF1EE10FA12DD80EE99
S315000054C0010A95ED1D1A9FED3F2A31EE021ABFEE35
S315000054D0002A30EE020A9FED3C2A20EE010A20EE59
S315000054E0023A03E09FED360A22EE003A95ED1D0AD8
S315000054F09FED361A9FED262A33EE000A29EE011A91
S315000055009FED333A31EE021AB4EE431AF1EE10FA79
S3150000551033FE011A80FE020AB4EE410AF1EE10FAD9
S3150000552031FE000A85ED1D0A89ED140A286989ED08
S315000055300F8AC9F83800286E3D284FF0000038BFA2
S31500005540012010B0BDEC0C8B01B0BDE8F08300BFAC
S3150000555011EA2D81999771BD000000E07EAEF03F03
S31500005560000000009F33E5BF4A014340BD37863542
S31500005570000080C327A0093C3EE796BF38DC91BFF8
S315000055808716AF42E5908F42D7A3F03F9AE4C23D1B
S315000055900000C843B6A0453CA14C343CB9B751BC49
S315000055A0CDB1A93493F9283A060DFABCB9B7513CE6
S315000055B0FF02D72C93F928BAC4359DB86F12833AE7
S315000055C02C923A420000C8C37FE57B3DFF440E475C
S315000055D000409C4510B52DED028B9FED241A4BF62D
S315000055E0C4000824C0F20000011991ED002AB4EEAF
S315000055F0420AF1EE10FA03D5043C211D2FD0F3E741
S315000056004BF6AC00C0F20000204490ED008A4BF649
S31500005610B800C0F20000204490ED001A30EE420AB5
S3150000562021EE000AB7EE001A30EE010A10EE100A5B
S3150000563000F08FFB41EC100B03F09EFF51EC100BBA
S3150000564000F023FC00EE100A4BF6D000C0F200007A
S31500005650204490ED001A28EE000A30EE011AB7EE4B
S31500005660000A81FE000ABDEC028B10BD000000009E
S3150000567070B52DED0A8B0546006E9FED7F1A4BF631
S31500005680F0020E46B0EE608A0021C0F2000200BFB2
S315000056905358984203D904311429F9D121E0F1B1C4
S315000056A04BF6DC04C0F200040C44114451F8041C0F
S315000056B014ED011A94ED002A5A1A03EE102A32EE5E
S315000056C0412AB8EE433A82EE032A401A03EE100A44
S315000056D0B8EE433A22EE032A32EE011A01E0B7EEA3
S315000056E0001A95ED212A30EE423A21EE031A31EEE8
S315000056F0021A81EE000A85ED211A10EE100A00F05A
S3150000570028FB41EC100B03F037FF51EC100B00F0B7
S31500005710BCFB9FED5A0A01EE100A81EE000A95EDD8
S31500005720231A9FED572A30EE410A20EE020A30EE88
S31500005730010AB0EE001A85ED230A30EE010A10EEDA
S31500005740100A00F006FB41EC110B9FED490B04F02B
S31500005750AFF951EC100B00F098FB9FED4A9A00EE62
S31500005760100A80EE090A00F037FA95ED231A95ED36
S31500005770242A21EE011A9FED453A31EE421A21EE16
S31500005780031A31EE022AB1EEC21AB7EE00BA9FED45
S315000057903EAA3BEE400A95ED25CA20EE0A0A85EDA3
S315000057A0220A85ED242AB4EE411AF1EE10FA50D6FB
S315000057B095ED250AB3EE042A80EE020AB4EE401AED
S315000057C0F1EE10FA08DD95ED241AB1EEC10AB4EE39
S315000057D0400AF1EE10FA43D68CEE000A95ED231A34
S315000057E021EE400A00F0F8F930EE0B0A8BEE000AC3
S315000057F030EE000A30EE0B0A10EE100A00F0A9FA9D
S3150000580041EC110B9FED1A0B04F052F951EC100B01
S3150000581000F03BFB00EE100A80EE090A00F0DCF90E
S315000058203BEE400A9FED1A1A20EE0A0AB4EE410A30
S31500005830286EF1EE10FA31FE000A3D284FF0000006
S3150000584086ED150A38BF012086ED0F8ABDEC0A8B5E
S3150000585070BDB0EE420A02F06AFFB0EE401AA7E74A
S31500005860B0EE410A02F063FFB6E700BF00BF00BF1B
S3150000587000000000000024400EA211383333333FED
S315000058809AE4C23DD1476DC400007A4468A19138BC
S315000058900000FA43B0B504460020C4F2C830606781
S315000058A00120002584F8980020466421C4E9195592
S315000058B0C4E91B5500F07DFC4AF22700C3F60940F7
S315000058C04FF07E51C4E91E014CF28F20C3F6F5401D
S315000058D042F29B02C3F61A72C4E923500020C4E9BF
S315000058E02151C4F89420B0BD2DE9F04F81B02DEDC3
S315000058F0028BDDF830801C689B4691460F46824637
S31500005900022546466119384600F08CF80235A6ECA9
S31500005910010A0E2DF6D108F118051226A1193846EE
S3150000592000F080F80236A5EC010A202EF6D19FED94
S31500005930360AB9F1000F05D0DBF8041011B148465C
S3150000594000F070F888ED0D0A20889FED302A40BAE5
S3150000595001EE100ADAF86000B8EE411A013038BFDD
S31500005960CAF86000B7F8030021EE021A9FED282A54
S3150000597040BA31EE028A01EE100A9FED262AB8EEF1
S31500005980411A81EE021AB879B6EE004A02EE100A02
S315000059903869B8EE423A9BED022ADBED032A82799A
S315000059A008F1080163EE041A5046F0EE480A434631
S315000059B0FFF74AFA98ED060A04465046F0EE480A02
S315000059C04146FFF755FEBCB998ED040A9FED121A41
S315000059D09A20B4EE410AF1EE10FA0ED49FED0F1A9A
S315000059E0B4EE410AF1EE10FA07DC9FED0D0AB4EEB3
S315000059F0408AF1EE10FA00DC204640B2BDEC028B84
S31500005A0001B0BDE8F08F00BF002474494617BF3AC5
S31500005A10A38B7E410AD7234400007A43F90215502E
S31500005A20863876420B8841891ABAB1EB124F24BFE9
S31500005A309FED1A0A704702895BBA9A429CBF9FED96
S31500005A40180A704740789FED171A00EE100AB8EE54
S31500005A50400A581A20EE010A01EE100AB8EEC11AE1
S31500005A60D01A20EE010A01EE100AB8EE411A80EEB5
S31500005A70011A9FED0B0AB4EE401AF1EE10FAC8BFF8
S31500005A8070479FED062AB0EE410AB4EE421AF1EED7
S31500005A9010FA48BFB0EE420A704700BF0000C84285
S31500005AA0A5D4685300007A44B0B584B04BF6041C04
S31500005AB001AD0C46C0F2000C294602220323CDF8A4
S31500005AC000C000F0E5F828462946032200F0B0F8A9
S31500005AD04BF6281CC0F2000C28462146032201235F
S31500005AE0CDF800C000F0D4F804B0B0BDB0B584B0B5
S31500005AF04BF6381C01AD0C46C0F2000C29460222BA
S31500005B000323CDF800C000F0C3F828462946032237
S31500005B1000F0AEF84BF65C1CC0F2000C284621469D
S31500005B2003220123CDF800C000F0B2F804B0B0BDE6
S31500005B30B0B588B04BF66C1C02AD0C46C0F2000C3A
S31500005B40294601220623CDF800C000F0A1F8284618
S31500005B502946062200F06CF84BF69C1CC0F2000C9D
S31500005B602846214606220123CDF800C000F090F811
S31500005B7008B0B0BDF0B591B04BF6B81607AD0F46FC
S31500005B80C0F2000629460A220A23009600F080F891
S31500005B90284629460A2200F04BF84BF6703402AE2E
S31500005BA0C0F20004284631460A220523009400F07C
S31500005BB06FF830463146052200F03AF84BF64C4570
S31500005BC0C0F200053046394605220123009500F053
S31500005BD05FF811B0F0BDD4D49FED121AB4EE410AAD
S31500005BE0F1EE10FAC4BF9FED0E0A70479FED0F1A33
S31500005BF0B4EE410AF1EE10FA44BF9FED0B0A70476E
S31500005C0080B510EE100A00F0A4F841EC100B02F07B
S31500005C1093FD51EC100B00F038F900EE100A80BD30
S31500005C20EDB19D7A0000A44222CB4F040000A4C22D
S31500005C30E2B170B52DED028B14460D460646B7EE61
S31500005C40008A00BFB6EC010AFFF7C6FF88EE001A0D
S31500005C50013C30EE412A30EE010A82EE000AA5EC44
S31500005C60010AEFD1BDEC028BBDE870407047D4D479
S31500005C7052B19FED060A00BFB0EC011A013A81FE4F
S31500005C80001AA1EC011AF7D1704700BF000000000E
S31500005C9003B370B5DDF810C04FF0000EBCEC010A7E
S31500005CA001EB8E041546064684ED000A62B100BF7C
S31500005CB0BCEC011AB6EC012A013D21EE021A31EEC6
S31500005CC0000A84ED000AF3D10EF1010E9E45E5D1DE
S31500005CD0BDE87040704710EE100A0246C0F3C75187
S31500005CE06FF3DF5239B1FF291ED14FEAD20C5207AA
S31500005CF040F2FF7324E0FAB1B2FA82F1C1F10B036C
S31500005D00B1F10B0C22FA03F358BF02FA0CF383F439
S31500005D10801C40F28933A3EB010301F1150102FA5D
S31500005D2001F258BF00220BE0C30D4FEAD20CDBB2E2
S31500005D30520703F5607303E000224FF0000C0023C6
S31500005D4000F0004040EA035040EA0C0040EC102B03
S31500005D50704780B500EE100AFFF7BDFF51EC100B3F
S31500005D6080BDB0B554EC102B2146C4F30A536FF333
S31500005D701F51A3F28130FD2809D8500F40EAC10116
S31500005D8022F06040B0F1805F16D9013118E052EA86
S31500005D9001000AD040F2FF70834206D1500FFF2265
S31500005DA040EAC10040F4800116E040F27E408342A2
S31500005DB01AD9FF2200210FE004BF01F001000144BF
S31500005DC00020B0EBD15F4FF6804018BF0021CFF620
S31500005DD0FF7018BF0130C21804F0004040EAC250FC
S31500005DE0084300EE100AB0BD40F2813E002B18BFFA
S31500005DF001F5801108BF4FF4607EAEEB030CBCF1D9
S31500005E00340F02DD00210022E6E79E4501D1002382
S31500005E1015E0CCF14005DCF12000C5F1200301FAC4
S31500005E2005FE22FA03F343EA0E0358BF02FA00F313
S31500005E3002FA05F058BF0020034318BF012322FAD7
S31500005E400CF0CCF1200201FA02F21043BCF1200260
S31500005E5058BF21FA02F021FA0CF14FEA507258BFEE
S31500005E60002120F0604042EAC1011843B0F1805F92
S31500005E7001D9013103E004BF01F001000144CA0D5C
S31500005E801CBF81F400010122A6E780B541EC100B8E
S31500005E90FFF767FF10EE100A80BDD4D410B541ECB1
S31500005EA0100B43EC112B00F03EF8002801D0002027
S31500005EB010BD012010BD00BF10B541EC100B43EC26
S31500005EC0112B00F030F8002801DB002010BD012066
S31500005ED010BD00BF10B541EC100B43EC112B00F0C8
S31500005EE022F8002801DD002010BD012010BD00BFF2
S31500005EF010B541EC100B43EC112B00F045F80028CF
S31500005F0001DA002010BD012010BD00BF10B541EC24
S31500005F10100B43EC112B00F037F8002801DC0020B1
S31500005F2010BD012010BD70B55EEC102B00250120C0
S31500005F30C7F6F0752EF00041534275EB010322D3EC
S31500005F405CEC113B2CF000445E42A5411BD343EAB6
S31500005F5002002143084309D01CEA0E0008D4D01AD7
S31500005F607EEB0C0008DA4FF0FF3070BD002070BDEC
S31500005F70981A7CEB0E00F6DB82EA03008EEA0C012F
S31500005F80084318BF012070BD70B55EEC102B0025CC
S31500005F904FF0FF30C7F6F0752EF00041534275EB17
S31500005FA0010322D35CEC113B2CF000445E42A54178
S31500005FB01BD343EA02002143084309D01CEA0E0022
S31500005FC008D4D01A7EEB0C0008DA4FF0FF3070BD13
S31500005FD0002070BD981A7CEB0E00F6DB82EA030007
S31500005FE08EEA0C01084318BF012070BD2DE9F04769
S31500005FF0DDF820E0844681B1CAB153B3B1FA81F429
S31500006000B3FA83F52C1B202C47D3BEF1000F18BF23
S31500006010CEE900C14FF0000CB6E09BB30021BEF103
S31500006020000F18BFCEE900C14FF0000CADE0002B09
S3150000603078D0002877D05C1E234200F09880B1FA11
S3150000604081F4B3FA83F52C1B1F2CDED204F1010C6C
S315000060502EE0541E224271D0B1FA81F7B2FA82F6CE
S31500006060F71B07F1210CBCF1200F1BD0BCF11F0F51
S3150000607000F28E80CCF1200620FA0CF401FA06F527
S3150000608025431CE0B0FBF2FCBEF1000F1EBF0CFB6B
S3150000609012000021CEE9000176E004F1010CBCF10A
S315000060A0200F05D14FF0000A4FF0200C0D4609E0F5
S315000060B0C4F11F0620FA0CF501FA06F4254321FA6D
S315000060C00CFAB0404FF000084FF000094FEA4A04BE
S315000060D044EAD5776C0044EAD076B51A67EB030A32
S315000060E0F443F943A4184FEA400059415CBFBA464D
S315000060F0354640EAD87049EA4808CF0FBCF1010C92
S31500006100B946E3D14FEAD871BEF1000F41EA40012A
S315000061104FEA480020F0010018BFCEE9005A07EB0D
S31500006120000C32E031E0B1FBF3FCBEF1000F1EBF04
S315000061300CFB13100021CEE9001025E0BEF1000F84
S315000061401EBF00230440CEE90043012A1DD092FA67
S31500006150A2F24F00B2FA82F202F01F03D140D840F9
S315000061601F23934307FA03F343EA000C0DE0BEF145
S31500006170000F1CBF04EA0100CEE900C093FAA3F0A9
S31500006180B0FA80F021FA00FC00216046BDE8F087F5
S31500006190CCF14006ACF120044FF0000A01FA06F7F4
S315000061A020FA04F52F4300FA06F821FA04F53846DA
S315000061B08AE70A46002100F009B810B500239A4282
S315000061C003D0CC5CC4540133F9E710BD00239A42D6
S315000061D008BF7047C1540133F9E7D4D4034613F816
S315000061E0012B002AFBD1181A0138704710B5054952
S315000061F00446054AFFF7E1FF044805492044FFF736
S31500006200D8FF10BD8C010000000000000000000057
S31500006210000000000249401A02490860704700BFAA
S31500006220080000000812002082B0B0B58AB0002530
S315000062300446CDE905050C4802904FF40030CDE93F
S315000062400E23CDE903550190CDE907550EAA099213
S3150000625001A800F03BF8002800D425540AB0BDE898
S31500006260B04002B0704700BF6D620000D1E9042360
S315000062709A421EBF531C0B611070704782B080B5E6
S315000062808AB0CDE90C230022CDE904200948069204
S31500006290CDE90722CDE902204FF4803001900CAA07
S315000062A0099201A800F058FE0AB0BDE8804002B08D
S315000062B0704700BFB962000002690146107810B14C
S315000062C001320A6170476FF0010070472DE9F04F07
S315000062D095B0824680781492800740F18B84DAF874
S315000062E0040000270C90149813900DA8821D0692A6
S315000062F0421E05300892099007910B910B9A1146A0
S3150000630011F8010B252803D0002800F0758404E05D
S315000063105578961C252D09D131460C9A0B9151467C
S31500006320904701370028E9D500F05EBC00224FF007
S31500006330000800244FF0000B1FFA8BF9B9F11F0F6C
S315000063400DD8A5F1270009282DD8DFE800F09F0B0E
S315000063500B0B050B650B0B624BF0020B53E0B9F10F
S315000063607F0F12D8A5F13000092823D8B9F1400FC4
S3150000637027BF08EB880100EB410804EB840100EB22
S31500006380410438BF4BF0200B80E04C2D3ED0682DE9
S3150000639045D06A2D3AD07A2D18BF742D76D06C2D43
S315000063A040F0538242E0202D2DD0232DDAD14BF040
S315000063B0100B6BE0242D47D07A2D67D02E2D3CD0C4
S315000063C04C2D23D0682D2AD06A2D1FD06C2D2DD0B0
S315000063D0742D5BD02A2D40F03882002A56D11398AE
S315000063E0011D13910068B9F13F0F4DD8B0F1FF3F81
S315000063F0DDBF4BF0280B444200224BF0200BC4BFFC
S315000064000022044642E04BF0040B3FE04BF4207BB5
S315000064103CE04BF0010B39E04BF0080B36E00BF497
S3150000642080704BEA400040F4807B2FE00BF0800048
S315000064304BEA800040F0800B28E0B9F13F0F00F2F4
S31500006440DB834BF0400B21E0BAB114981546424667
S315000064501390B9F1400F38BF2246079813A900F0F0
S31500006460D5FB13982A46B9F1400F00F104011391A8
S31500006470006834BF0446804608E022464FF0000814
S3150000648000244FF0000B01E00022804616F8015B65
S31500006490002D7FF451AF0A94002534462AB1149892
S315000064A01390079813A900F0B1FB45F0200028EAE5
S315000064B0E879B8F1000FA0F1650148BF2BF0400B59
S315000064C003290B9401D3612835D11399461B073153
S315000064D021F00701612801F10802139291ED000BEA
S315000064E018D15FEA4B6058BF4FF0FF39F2B20DA8E2
S315000064F0494600F073FC00F101084BF4C05B4FF015
S31500006500010C5FFA88F08145D8BFA0F1010970201F
S31500006510049041E05FEA4B6158BF4FF00609C1B2F3
S3150000652066291ED0652824D165204BF4805B09F1CD
S315000065300101002324E0A5F16F01062957D808239D
S315000065404FF0000EDFE811F0E0010700DA01DA0192
S315000065509F01DA0197014BF0100B10234FF0780ED4
S31500006560D2E166204BF4005B0122049011214B46D8
S3150000657008E05FEA0961494608BF012100230238A5
S3150000658004900022C9B2112928BF11210DA801F0DB
S315000065900FFC80464FF0020C0D9B13F1090F08DA31
S315000065A013F1630F0FD213F57A7F09D84FF0040C5D
S315000065B00BE0092B09DD632B05D9B3F57A7FF5D2FC
S315000065C04FF0030C01E04FF0020C9DF838101FFA53
S315000065D08BF4C80707D15FEA8B7206D462071DD415
S315000065E0002001251CE02D2019E02B2017E0692D45
S315000065F018BF642D40F02B811FFA8BF05FEA0B6108
S3150000660000F1308113990A1D13920A68C10540F101
S315000066103081800554BF12B252B22AE120200025F3
S3150000662011F00C0F18D00423002D18BF03230A9A6B
S315000066309A4226DD5FEA0B7125D49C1AA8460546C8
S3150000664000F0B9FB002800F1CF8201370134F7D3FF
S3150000665028460024454617E01BF4405F039543D1C6
S31500006660B9F1010F98BF4FF001095FFA88F139B30C
S31500006670099A0A4412F8012C302A21D1A8F10108FE
S31500006680F3E7002400E0D41A2DB900F0A4FB00289B
S3150000669000F1AA8201379DF83800DFF86C55000733
S315000066A0DFF8600558BF05462878002800F08F827D
S315000066B0801B00F08CFB013701350028F4D593E2EE
S315000066C0E20648BF494613F1040F0BDB4B4509DAD6
S315000066D08B424BF4005BAEBF4FF00009DA4301EB8F
S315000066E0020901E0A1F101091FFA8BF15FEA8B4271
S315000066F0B6464FEA015B0591029307D40521BBF12B
S31500006700000F58BF032101EB0C0602E023EAE371F8
S315000067104E1C09F10101B9F1000F059D08BFC5F333
S315000067200011039A0A9C82F001028B183344E41A82
S315000067304FF00003D8BF1C4615F0090FCDF804C072
S3150000674011D184B1054688190A9910447646441A2F
S3150000675000F031FB002800F1478201370134F7D3FE
S315000067600024284600E07646039929B900F033FB59
S31500006770002800F139820137BBF1000F0CD500F07B
S3150000678022FB002800F13082C6F1780000F01FFBE2
S31500006790002800F1298202370598000709D444B180
S315000067A0274400F010FB002800F11E82013CF8D1BE
S315000067B000240598800426D49DF8390051460C9A89
S315000067C09047002800F11082B9F1010FC0F2DA807B
S315000067D000F0F5FA002800F1078209EB07005FFADE
S315000067E088F500F1020B0020814500F0A681471CC8
S315000067F0AF423ABF0699085C302000F0ECFA002858
S315000068003846F1D5F0E10298C9F100095FFA88F837
S3150000681020EAE076851B701C05D100F0D0FA00282E
S3150000682000F1E28101373020002D03D44545BCBF7D
S315000068300998405D51464E454CDD0C9A904701350E
S315000068400137013E0028E6D5CEE10A9425E6632D00
S3150000685054D113980126011D139100688DF8340058
S315000068600DAD22E08005139800F1A480011D13915F
S315000068700268D317A6E04FF6EF700BEA000B0A2367
S315000068804FF0750E40E01398011D13910568DC4822
S31500006890002D08BF05465FEA4B6058BF4FF0FF3931
S315000068A02846494600F040FB06465FEA0B7070D466
S315000068B00A98B046B04238BF8046B0426BD90C9AAF
S315000068C00446202051469047002800F18D81601E25
S315000068D00137F2E70C9A9047002800F18581781C71
S315000068E00599C90640F11481002E40F0118100F08F
S315000068F066FA002800F17881023768E1782840F0CE
S315000069000981C5F18803AE464FF6F9700BEA00051A
S315000069105FEA0B600AD41398011D13910068E9051C
S315000069200AD5A90554BF80B2C0B205E0A8051398E0
S3150000693004D4011D13910068002107E0073020F000
S3150000694007010A46496852F8080B139250EA0102F9
S3150000695008BF2BF0160508D00DAE7446324600F07F
S31500006960FFF9861BAC46254646E05FEA4B62F3D547
S31500006970B8F1010FF0DA4FF6E9700BEA000C0026C9
S31500006980754639E00598C00600F1D18007F1010B84
S31500006990D3E0DDF828803744A8EB0604002E00F08B
S315000069A0168115F8010B51460C9A9047013E0028B6
S315000069B0F4D519E1073020F007000146436851F885
S315000069C0082B13915846002B48BF40F4806020F0F6
S315000069D0100C82EAE37083EAE371B0EBE37061EBDB
S315000069E0E3711A4300F08A800DAC0A2366462246FC
S315000069F000F0B6F9B446061B5FEA4C6002D4614665
S31500006A0030460BE04FF6FE700CEA000130464E456C
S31500006A1004DA4846002D08BF2CF011011FFA81FB4D
S31500006A20C90606D440F2064111EA0B0118BF01213E
S31500006A3003E00221002D08BF01210C185FEA0B704C
S31500006A401CD45FEACB7001D10A9907E00A99B146D6
S31500006A508C42BEBF7018A0EB04090C46A046A142AA
S31500006A60C8BF88460A98844207DA00F0A4F90028CD
S31500006A7000F1BA8001340137F4E744465FEACB609F
S31500006A8014D440F206401BEA000F1FD05FEA8B7059
S31500006A904FF02B0058BF20205FEA4B5148BF2D20F6
S31500006AA000F099F9002800F19F800EE000F08BF9C4
S31500006AB0002800F1998045B10C9A28465146904726
S31500006AC0002800F19180023700E001370A98374428
S31500006AD0041BB1450FDD00F076F90137A9F1010974
S31500006AE00028F6D580E0089851460C9A805D9047BC
S31500006AF0013E002878D4002E69D0F4E75FEA4B62A5
S31500006B007FF572AFB8F1010FBFF66EAF002673E7DF
S31500006B1007465CE00C9A252051469047002863D42E
S31500006B200C9A2846514690470237FFF7FBBB00F008
S31500006B3046F9002858D407F1020B049851460C9ADE
S31500006B40801BC0B2904700284ED4029E2B2051468F
S31500006B50002E48BF2D200C9A9047002E00D5764275
S31500006B60002841D40198042812D34FF47A700C9A65
S31500006B70B6FBF0F5514605F13000C0B2904700284B
S31500006B8032D44FF47A7005FB10610BF1030504E073
S31500006B900BF102053146032823D1642000F002F9E7
S31500006BA0002821D46420013506FB10710A2000F06C
S31500006BB0F9F8002818D406EB86000135A7EB40014A
S31500006BC001F1300000F003F900280DD46F1C012CF0
S31500006BD0FFF694AB00F0EFF80137013C0028F6D53C
S31500006BE002E00228E2D2EBE79AF8020040F0040045
S31500006BF08AF802004FF0FF37384615B0BDE8F08F2F
S31500006C0034B2000043AD00002FB100002DE9F0437F
S31500006C10894652494FF001084FF0010C054694454C
S31500006C2080F299802B4613F8014B252C03D01D4684
S31500006C30002CF7D18FE0AF1C6B783D46252BF1D0A9
S31500006C4000264FF0000E00251F2E08D8A3F12004C1
S31500006C50102C06D808FA04F40C4202D042E07F2E2B
S31500006C600AD8A3F13004092C13D805EB850346F0A6
S31500006C70200604EB430535E04C2B23D0682B24D0AB
S31500006C806A2B1FD07A2B18BF742B2BD06C2B34D1C8
S31500006C9022E07A2B26D02A2B18BF2E2B01D10025D5
S31500006CA020E04C2B0ED0682B0FD06A2B0AD06C2B11
S31500006CB012D0742B16D0242B1FD1BEF1000F16D183
S31500006CC0AE46ECE746F420760CE006F4807346EA1E
S31500006CD0430343F4807605E006F0800346EA830327
S31500006CE043F0800617F8013B002BADD104E0654563
S31500006CF0D5D16323E64600E000233D46BEF1000FF2
S31500006D0029D0E6457FF48BAF43F02004A4F1650556
S31500006D10032D01D3612C06D1D9F80030073323F0B7
S31500006D200703083312E0DCB2732C0CD0642B18BFB7
S31500006D30692B06D1330606D5D9F80030B405EDD453
S31500006D4003E0632BF6D1D9F800300433C9F80030DC
S31500006D500CF1010C62E7BDE8F08300BF8928010051
S31500006D602DE9F04103F01F06984614460F460546E6
S31500006D70284639463246002300F0E2F800FB165258
S31500006D80A2EB0803092A88BF03F13702303204F860
S31500006D90012BAA1B054677F100020F46E8D22046D2
S31500006DA0BDE8F0810C9AB1FBF0F60F4606F1300013
S31500006DB05146C0B210470C9A2020514610470C9AF3
S31500006DC02E20514610470C9A3020514610470C9AF7
S31500006DD0C0B2514610470C9A514610472DE9FE4F56
S31500006DE056EC107B0C460546F00F90462871C6F30C
S31500006DF00A516FF31F5657EA060208BF00290ED044
S31500006E0089B140F2FF7399420FD10821002A08BFC9
S31500006E1004210024084428712046BDE8FE8F002086
S31500006E200027002605E02E4803E0A1F2FF3006F514
S31500006E308016002C286003D40C2C03D90D2436E0D0
S31500006E40002434E03320A0EB8409022000214A46C6
S31500006E504FF0000A00F046F8424202926AEB010245
S31500006E60B0F1010B61F10000019230400090012069
S31500006E7000214A4600F036F8814607EA0B00B9EBD6
S31500006E8000008A46009871EB000008D3A000C0F10C
S31500006E9034023846314600F036F8C00703D017EB07
S31500006EA0090746EB0A060298074001980640122099
S31500006EB0411FB1D417F00F0201D1A1420ADCA2EBA7
S31500006EC00803092A88BF03F1270230322A54A14257
S31500006ED0C8BF0C46390941EA067736090138E7E7A3
S31500006EE002FCFFFF930641BFA2F1200100FA01F167
S31500006EF00020704732B1C2F12003914020FA03F31B
S31500006F00194390407047930641BFA2F1200021FA31
S31500006F1000F00021704732B1C2F12003D04001FADF
S31500006F2003F31843D140704710B54218034629B100
S31500006F301C7814B101390133F9E71A46101A10BD4D
S31500006F4040B584B002AE0096FFF750F8029A039B54
S31500006F5004B040BDD4D4D4D42DE9F84F2DED088B20
S31500006F6092B09FEDBD9B81469FEDBDAB00209FED8E
S31500006F70BEBB0F4647F6FD780025CDE910220F90DF
S31500006F800A903C4614F8016B002E00F0DC84DFF812
S31500006F90C809304490F88000000700F1A880252E2B
S31500006FA040F03A8178782A2805D00237252800F063
S31500006FB03281002102E0B87803370121013741F020
S31500006FC002024FF0000AA0F13003DBB2092B09D808
S31500006FD00AEB8A00791C03EB400A17F8010C0F46EE
S31500006FE01146F0E78A0711D5C2B2242A10D11198AA
S31500006FF0012210900430524503DA10900132043019
S31500007000F9E701EA080117F8010CD7E74FF0FF3A54
S315000070107A1EC3B241F00C0B4C2B22D0682B16D033
S315000070206A2B08D06C2B0AD0742B18BF7A2B1AD176
S3150000703010788B4619E0107841F0080B15E01078AF
S315000070406C280CBF17F8010B41F0040B0DE010780B
S31500007050682812BF41F0200B17F8010B41F0300BE6
S3150000706003E0107801E08B461746010600F06B84BA
S31500007070C4B2DFF8E8081422214600F0C1FC00285B
S3150000708000F061841BF0010604D11098011D1091D7
S31500007090006800E000201FFA8BF16E2C05D12A460D
S315000070A00023009100F08FFC6BE75B2C0B9023D044
S315000070B0632C78D1880758BF4FF0010A0FA900F05A
S315000070C098FC002800F134840B9A4AB15FEA4B71B0
S315000070D059BF107001201060042002440B9201E099
S315000070E000200B90BAF1010AE8D10A9950E10FA9E4
S315000070F0484600F03DFC99E0CDF82490B94619F8D1
S31500007100010B07965E28069018BFB9460020089026
S3150000711009980FA900F046FC00224C460021A51C48
S315000071200026274617F8013B002B00F0FC834C4550
S315000071300AD02D2B06D1F4074FF001063C46F1D0BC
S315000071402C4605E05D2B0DD0F50708BF1A46013425
S31500007150D2B290421A46E2DB1A469842DFD80121A3
S315000071601A46DCE7002800F11482069A5E3AB2FA63
S3150000717082F252095140C90700F007820B9A4AB1C0
S315000071805FEA4B7159BF1070012010600420024461
S315000071900B9201E000200B90BAF1010A4FF00100BA
S315000071A00890B5D1F9E10FA9484600F0E1FB0028A7
S315000071B000F1BE83A4F16F00092839D8DFE800F09A
S315000071C00545EEEE0BEE58EEEE45CDF824904FF069
S315000071D00809082451E00FA900F00BFC002800F173
S315000071E0CA81DFF874170B9A014491F880100907D9
S315000071F000F1BD814AB15FEA4B7159BF10700120A1
S315000072001060042002440B9201E000200B90BAF1BA
S31500007210010AE0D1AFE13C460FA900F0EAFB0028E5
S3150000722000F18683C1B28E4240F089832746B3E0DF
S31500007230582C0AD0642C1BD0692C40F0AF80CDF8B6
S31500007240249000244FF00A0917E0CDF824904FF05F
S315000072501009102411E000BF000000000000F87FB4
S31500007260000000000000F07F0000000000000000A9
S31500007270CDF824904FF00A090A2409980FA900F0C6
S3150000728091FB2B2803D02D280CD14BF0400BBAF1E3
S31500007290010A00F0488309980FA900F083FB002833
S315000072A000F141833028079628D1BAF101054CD068
S315000072B0A146099C0FAE2046314600F073FB00281C
S315000072C043D4DB494BF0800B0140582940F0248120
S315000072D0B9F1100F06D0B9F1080F00F02181B9F10C
S315000072E0000F0CD1BAF102052FD02046314600F02E
S315000072F059FB002829D44FF0100900E055464FF0FD
S31500007300000A00264BF080010891411E024641F01A
S315000073102001392888BFA1F12602A2F130044C458C
S3150000732017D206FB09F6013DEAFB094619D0099872
S315000073300FA900F037FBDDF820B0A246B0F1FF3F01
S31500007340E3DCDDF820B0A24607E04FF0000A002695
S315000073500AE009990FAA00F02FFB5FEA0B6003D43D
S31500007360E1E2DDF820B0A2461FFA8BF0DAF1000266
S3150000737000904FF0000060EB06031BF0400F04BFC7
S31500007380524633460B9800F01EFBDDE90991079E35
S3150000739086F0010001440A910F9DF2E50FA900F065
S315000073A028FB2B28CDF82490079604D086462D2856
S315000073B00FD14BF0400BBAF1010A00F0B4820998E4
S315000073C00FA900F0EFFA002800F1AD82DDF8249055
S315000073D086464EF02000692800F0A580B0EE498A66
S315000073E0DFF87C65F0EE698A6E2800F0A280002046
S315000073F0002506900A20089000200026002405900B
S315000074005FEA0B5009D54EF0200000F19F0101F014
S31500007410FE01062901D2A92101E0D02170460144CE
S315000074200898CAB2C0B2824223D24BF08003A44667
S31500007430DC053AD49CB2049614F00C0F4FF01004FD
S315000074404FF00F0608BF082408BF07260A2808BF02
S315000074502646059CB4422BDD049E4BF4C07B644655
S315000074600A2857D1052A55D3053A18BF0A460226D7
S3150000747022E01FFA8BF0810504D4FE2A02D14BF4D8
S31500007480007B3AE02EF02001582940F0D580000616
S3150000749040F1D2800698284340F0CE804BF4006B32
S315000074A0002006901020089026E09B460A4602E03F
S315000074B09B460A46049E64461FFA8BF15FEACB534D
S315000074C00FD48905454304EBE174D1B2069AE2FB79
S315000074D0001551EA05000DD005980130CDE90501EA
S315000074E00BE0100618BF46F00106012020EA5120E5
S315000074F0044402E0002006900025BAF1010A00F0DB
S3150000750099800FA900F075FA8646B0F1FF3F3FF764
S3150000751077AF91E00A46CFE719F0170F7FF4EFAE89
S315000075204FF00809EBE6B0EE4A8ADFF83864F0EE71
S315000075306A8A06EB0A09AAF10101354615F8014BDC
S315000075408A46C4B3BAF1000F38D009980FA900F0E3
S3150000755029FA002834D4AAF1010140F020022E466F
S31500007560A242EBD009990FAA00F026FA29E00FAA49
S31500007570494600F021FA0B9900293FF4B6AD5FEABF
S315000075804B7015D400200870AFE509990FAA00F0DA
S3150000759013FA0898C00700F0C6810B99671C0029EA
S315000075A03FF4F3AEDDF824905FEA4B70079EE9D511
S315000075B00020086099E50AF1010A08E04D4600E05E
S315000075C0751CDFF8A0030330854240F0AC81B0EEB5
S315000075D0480AF0EE680A03F06DF928B3DDF8249046
S315000075E0BAF1010F079E00F065810FAC48462146AF
S315000075F000F0D8F928285BD1AAF10204002C00F08B
S315000076009281DDF824900FA900F0F3F9292800F003
S315000076105181D149014491F88010490702D15F2870
S3150000762040F08181013CE9E7DDF82490079E41E1C5
S31500007630DFFFFF7F4FF0000A5FEA0B6040F17381C6
S315000076401FFA8BF04EF0200110F4006004964FEA0A
S31500007650902004FA00F44FF0700008BF65208142C4
S315000076601DD1DDF82490079E0894BAF1010422D0BA
S31500007670CDE902E50FA900F0BCF986462B2804D017
S31500007680BEF12D0F1BD14BF4806BBAF1020450D022
S315000076900FA94846754600F085F9864611E0DDF8E3
S315000076A02490079EBAF1000FDDF818A045D149E0F5
S315000076B000F0A2F9FEE0DDF818A0089C42E04FF0C9
S315000076C0FF35A548DDF818A0704490F88000400703
S315000076D00BD40FAC704600F08FF9691C02D0284617
S315000076E000F08AF9DDE902E526E0601E0024824604
S315000076F004EB840040F2D4418C420EEB4000B8BF4C
S31500007700A0F13004BAF1000F0BD00FA900F071F907
S3150000771086469148704490F880004007AAF101001F
S31500007720E5D45FEA4B5048BF64420898039D044481
S31500007730B8E7039DDDF818A0089C0FAA70464946D5
S3150000774000F03AF95AEA050023D01FFA8BF35FEAF4
S315000077500B5023D40598049922180AF00100084317
S3150000776001301AEB900045F1000113F00C0F0B9B52
S3150000777069D012F5A27F69DDB2F59B7F80F2C380E6
S31500007780224600F085F9B0EE408A0B9BF0EE608A47
S3150000779091E0B0EE4B8AF0EE6B8A8BE035200693D3
S315000077A013F00C0F08BF1820059001300444089010
S315000077B0089A50462946FFF7A6FB084306D16800FB
S315000077C040EADA754FEA4A0A013CF1E7069829468B
S315000077D0654E10F00C0F08BF6FF07D0605980896F1
S315000077E040F00206504632460D46FFF78CFB084332
S315000077F002D10898844209DA5FEA55010AF00102CB
S315000078004FEA3A0040EA020A0134EBE7049840EAFC
S315000078100A00C1438A0718BF11F0060F1BD1011DCC
S315000078206FF0030345F10002C01A079E4F4875EB3F
S31500007830000005D35FEA52034FEA310001340CE041
S315000078400846134609E012F12D0F5ADAB0EE4B8ABC
S31500007850F0EE6B8A2FE0079E2B460599800840EADA
S315000078608370C1F135029908FFF73CFB069A12F0C6
S315000078700C0F05D00BE04900013C41EAD0714000F5
S315000078800022B2EB115F02D114F57F7FF3DAB4F573
S31500007890806F04DBB0EE4A8AF0EE6A8A0AE004F2F0
S315000078A0FF3221F48013B1F5801F28BF43EA02514D
S315000078B041EC180B0B9B8DED0C8B52EC181B9DF8B5
S315000078C037001BF0400F80F080008DF837000C98D1
S315000078D008BF08460D9908BF1146002B3FF405ACBA
S315000078E041EC100B1FFA8BF212F00C0F03D083ED54
S315000078F0000BFFF7FABB1C46FEF7C7FA2060FFF73E
S31500007900F4BB272A04DDB0EE4A8AF0EE6A8AD2E793
S31500007910214600F0B9F910EE100AFEF71AFA0B9B91
S3150000792041EC180BC7E70998807810F00C0F0AD0C5
S315000079300A98C0B2002808BF4FF0FF3005E00FAA32
S31500007940494600F039F80A98C0B212B0BDEC088B6F
S3150000795001B0BDE8F08F00BF6FBC000047AD00006E
S3150000796064BC000067BC000002FCFFFFFFFF7F0055
S31500007970F8B50B4F0C4605462846214600F012F88E
S315000079800646002809D4B81990F880000007F3D4F9
S3150000799030462946224600F00FF83046F8BD00BFB3
S315000079A06FBC000010B50C4600F034F8002802D475
S315000079B021680131216010BD002802D41368013B03
S315000079C0136000F04CB888B110B50299CC0607D404
S315000079D00C0707D44B0701D4890608D4026003E0DC
S315000079E0027001E0C0E90023BDE810407047028044
S315000079F0FAE74846FFF7D6BF49462246FFF7DCBFFF
S31500007A00C9B22AB103788B4203D0013A0130F8E7B4
S31500007A100020704710B504468078C10705D140F0B4
S31500007A200400A0704FF0FF3010BD0021D4E85F0FB6
S31500007A30C4E8521F002AF9D108B1013805E0A1684F
S31500007A4020468847B0F1FF3F01DDC0B210BD0130CE
S31500007A504FF0080008BF0420A1780843E1E78A78C0
S31500007A60D20711D0421C0FD0C0B2421CD1E8DF3F72
S31500007A7043B9C1E8D32F002BF8D18A7802F0F70278
S31500007A808A707047BFF32F8F4FF0FF307047D4D402
S31500007A902DE9F04F85B014460E468246002A27D4BB
S31500007AA0204600F0EFFC0546204600F0F1FCE846D3
S31500007AB007462046414600F015FDBAFA8AF03146DF
S31500007AC020304246002E18BFB6FA86F0201A284407
S31500007AD000F10A0BABEB0405E81B00F17D035046F1
S31500007AE000F09AF880468946A3452DDA012639E04A
S31500007AF06542284600F0CCFC8046284600F0C8FCCB
S31500007B00E94607462846494600F052FDBAFA8AF089
S31500007B104A462030002E18BFB6FA86F04044211A95
S31500007B20381A00F1860301F10A0B5046314600F07F
S31500007B3073F8804689465046314600F0B9FC002667
S31500007B40A84228BF01260DE03F2D0ADC00F095F87B
S31500007B5026EA01012AEA00000843B0FA80F0460945
S31500007B6000E00026B8FA88F040F2FE712030B9F144
S31500007B70000F18BFB9FA89F0ABEB000000F23E40E7
S31500007B80884202DD9FED220B3EE020EAE0770128E5
S31500007B90D8BF01204946A0EB0B00A0F23445A0F265
S31500007BA0334440462A46FFF7AEF9C00714D000F02A
S31500007BB064F829EA010128EA0000084386F0010179
S31500007BC018BF0120084309D1404649462246FFF71F
S31500007BD09AF900F0010502E0002500E00125404683
S31500007BE049462246FFF78FF9401941F100016FF32C
S31500007BF01F5140EA0102B2FA82F252092A403A447F
S31500007C0041EA025141EC100B05B0BDE8F08F00BF10
S31500007C10000000000000F07F2DE9F04387B0984691
S31500007C201546D2E90223074604A8009038460E46B8
S31500007C3000F049FDD5E90023044602A889460090D4
S31500007C403846314600F03FFDDDE902010022001909
S31500007C5051EB090142F10004DDE90423012C04D1B2
S31500007C60013243F1000304920593A8F14004009405
S31500007C7000F045FD07B0BDE8F0834FF0FF304FF050
S31500007C80FF312A46FFF72EB92DE9F041B0FA80F709
S31500007C900D460446002914D42846EE1B00F0F2FBDC
S31500007CA03044C71D28467E1B00F0F2FB301A2946D9
S31500007CB000F13D02204600F0C7FBAF4226DA012163
S31500007CC03AE06E42304600F0E3FB3844291AC0F130
S31500007CD007083046CF1D00F0DBFB4044314600F17B
S31500007CE03C02204600F087FBAF421ADA4FF0FF3223
S31500007CF00521B4FBF1F3013203EB8305641B1C463B
S31500007D00F7D00021B24228BF012115E01F2E12DC58
S31500007D104FF0FF31B14024EA0101B1FA81F149097E
S31500007D200AE0B8F11F0F06DC4FF0FF3101FA08F147
S31500007D30C9430C42DAD00021B0FA80F2BA1A02F135
S31500007D409E03FE2B03DD9FED190ABDE8F081012B92
S31500007D5023EAE372D8BF0123DC1BA4F19603973C08
S31500007D6020FA04F5ED0711D04FF0FF3581F001013F
S31500007D7005FA04F430EA040418BF0124214306BFBF
S31500007D8020FA03F101F00101012100E00021D840B1
S31500007D9008446FF3DF50B0FA80F35B0919401144D1
S31500007DA040EAC15000EE100ABDE8F0810000807F75
S31500007DB02DE9F04F9DB0884651EC106B93460D4669
S31500007DC0CF0F6FF31F55C1F30A5156EA050408BFDA
S31500007DD000290BD040F2FF7291420FD10821002CEE
S31500007DE008BF0421394401710024FCE1302101243B
S31500007DF0417100210160B91C0171F4E1002CCDE94B
S31500007E000970069318BF01240022A1F23547022902
S31500007E1038BF0122002918BF05F580154FEA8503F2
S31500007E2043EA967044EA020913904FEA860004BFBB
S31500007E304FF6CC37CFF6FF77129006F00100002FF1
S31500007E400490CDF81480CDF82CB0CDF83C9041D4F8
S31500007E50384600F00BFBCA468146032F88BFA9F1BE
S31500007E600109484600F01CFB14A90446484600F0E8
S31500007E709FFB18A81AA9CDF808A0CDE90010A9EB18
S31500007E800700204414AA00F17C033046294600F07E
S31500007E90C7F90546B9F1150F109100F29380129EAD
S31500007EA0139C3046214600F0ADF9820842EA817102
S31500007EB020F0030008444042F04261D1304621469A
S31500007EC000F0F6FA00210F9148454FF0000028BF58
S31500007ED0012039E0C7F1000A504600F0CDFA044609
S31500007EE0781C18BF013CAAEB040A504600F0D8FAE9
S31500007EF00DF1500883465046414600F0F3FA18A8A3
S31500007F001AA94246CDF80890CDE90010A4EB0B0063
S31500007F1000F17D033046294600F082F904EB07099B
S31500007F200546012C109111D8DDF81480DDF82CB02F
S31500007F30049840B1DDE91A0101381A9061F1000098
S31500007F401B9000200F90012011903EE0DDF8148078
S31500007F503E2CDDF82CB035D84FF0FF304FF0FF3116
S31500007F602246FEF7BFFF139A22EA0101129A22EA7D
S31500007F7000000843B0FA80F040091190002023E089
S31500007F80049870B90F98C043801964F1000100F09D
S31500007F908FFA0021119148454FF0000028BF0120BB
S31500007FA012E046F00200214600F082FADDE91A12DC
S31500007FB04B1E62F10004484538BF0B461A9338BF82
S31500007FC014461B94002011900F904046BBF1000F01
S31500007FD00ED01099284600F0EFF9069A09EB020137
S31500007FE00844B0EBD27FB8BFD00F8045B8BF40463B
S31500007FF0CDF820900DF160091B9CAB4699E8400333
S3150000800000250C900020CDE9120048462146CDF807
S31500008010389000F0EEF881468A4630464146CDF863
S31500008020348000F0E6F80746B0EB0900884671EBAD
S315000080300A000ED31099584600F0BEF90C998842F2
S3150000804021DD08462946012518B9109850EA0B008B
S315000080501DD01099584600F0CCF81091544612994C
S31500008060119A00F0BCF907EB87010F9AC6EB4101A4
S315000080703E46B1FA81F1834649090A4013990F92A7
S3150000808001311391C1E7DDF840805F4603E0002728
S315000080904FF000080D46DDF83C90DDF828A0079566
S315000080A05FEAC97024D00D9DBB463046294600F0D4
S315000080B0A0F8074600EB800040422A460D46714272
S315000080C0B1EB400F16D10E98214600F092F80E90B3
S315000080D00C465846414600F08CF888461299119A8B
S315000080E03E4600F07CF91399834601311391DCE793
S315000080F0454602E045465F460D920898139901EB06
S3150000810000081298C0B2411F18BF0121DDF82CB03B
S31500008110079AD2070CD10D9B87EA06026B401A43D9
S3150000812006D1049A82F0010202EA0902012A5ED10E
S31500008130119A82F00102114300223943042888BFB4
S31500008140012201EA02043F1945F100093846494671
S3150000815000F032F906460CB30C9886421FDDBBF1DF
S31500008160000F0AD00698404481190129D8BF012181
S3150000817005988842B8BF0146084686420FDD044688
S31500008180781D49F100010A220023FEF7D9FE013EBF
S3150000819008F1010807462046894600E00C98864209
S315000081A0B8BF304604B20025261DA54212DA38466D
S315000081B049460A220023FEF7C3FE894600EB8001EA
S315000081C00135A7EB4101074641F030010AF80610D8
S315000081D0013EEAE709988AF804000FFA88F020447D
S315000081E00138CAF8000020461DB0BDE8F08F012412
S315000081F0A9E780B500F006F8C00840EA4170C90852
S3150000820080BDD4D4F8B502AA0092044A4FF0CC330C
S3150000821000F059FADDE9020104B080BDCDCCCCCC2A
S315000082202DE9F04F8BB004931646D2E9002308AC33
S315000082300094490041EAD07445002846214600F0E2
S3150000824042FAD6E902238146DDE9087806A88B467C
S3150000825000902846214600F036FA10EB070A48EB54
S315000082600108DDE90601DDE90823471C41F10005A7
S31500008270BAEB020278EB030228BF0D46079528BF2A
S3150000828007460499D6E902404139D6E900CE7A1C60
S3150000829045F1000314EB0A040591009140EB080137
S315000082A019EB0C00CDF80C905BEB0E00069754F121
S315000082B0000041F10001B0EB0A04D94671EB080455
S315000082C024BF2B463A4600F01AFA149AC2E9000176
S315000082D0DDE915B008B3D6E90201D6E900C3DDE948
S315000082E005640096BAEB0006039A68EB0107701E58
S315000082F067F10001B2EB0C02079D79EB030224BF84
S3150000830030463946621E65F10003BAEB000678EB8B
S31500008310010624BF22462B4640E0049C0025D6E9F0
S3150000832000E0CC46403CDDE9062302904FEA4C0CC7
S31500008330D6E902014FEA4A0600944FEA480446EAA3
S31500008340D97644EADA74B6EB0A0774EB080738BF45
S31500008350012545EA42055B0043EAD2776A1E049589
S3150000836067F10003039DB6EB000964EB010BB9F15D
S3150000837001006BF10001DEEB450E4CEAD57C029D57
S315000083807CEB050528BF5946DDF854B028BF4846A2
S31500008390351A8C41049C24BF22463B4600F0AFF9B7
S315000083A0CBE9000105AB41460DCB0090504600F0ED
S315000083B0A6F90BB0BDE8F08F70B500230A240122A0
S315000083C00A25461B71EB030607D3A5FB045603EBF0
S315000083D08303013206EB4303F3E7104670BDC9B2CF
S315000083E0B1FA81F149090A4000EB80011192ABEB29
S315000083F0410112917047B0B586B014460A4602A9EB
S315000084000546104600F0D4F8DDE904010094421C4C
S3150000841041F10003284600F002F806B0B0BDA2FB09
S3150000842000120021E3FB002100984028A2BF40383B
S3150000843021FA00F07047A0F12003C0F14000DA40B5
S3150000844001FA00F010437047B0B586B014460A46EC
S3150000845002A90546104600F045F8DDE90423284642
S315000084600094FFF7DCFF06B0B0BDD4D40149484301
S31500008470800C70474134010001494843000D7047A4
S31500008480FB2E0B0001494843C00C70474F93120066
S3150000849002494843012101EBD04070474F93120037
S315000084A002494843012101EBD04070474F93120027
S315000084B0F0B50A4B02460A4D4FF0FF304FF0CC3470
S315000084C0A2FB0367013002FB047201FB0321721B4E
S315000084D071F133323246F3D3F0BD00BFCDCCCCCCF4
S315000084E0343333332DE9F04F87B08B461A21B0FB76
S315000084F0F1F2054602FB01F62A4800EB0210B542EE
S3150000850002D100F0C9F849E004A9274A0091A91B45
S31500008510C36852F8317002EBC101D0E901924C6890
S315000085200168019100F0ACF8824602A8019A8846DB
S315000085300090384621464B4600F0C5F80191814629
S31500008540DDE90212002011EB0A0758EB020840F1A0
S315000085500000012801D100F097F82846FFF7A0FF98
S3150000856004463046FFF79CFF0199241A48463A46CE
S315000085704346009400F0C3F81E226FF0030302EA9C
S31500008580450203EA9503094DEB5800F08DF800F01B
S3150000859093F8009400F0B3F8CBE9020107B0BDE808
S315000085A0F08F00BFF0BD0000C0BE000090BF00000D
S315000085B02DE9F04F87B08B46054619301A21B0FBDE
S315000085C0F1F22C4802FB01F600EB0210AE4202D19A
S315000085D000F062F84BE004A9274A0091711BD0E92C
S315000085E000A852F8317002EBC101D0E902234C68B1
S315000085F000F046F8019002A8BAF1010268F1000302
S315000086008946009000F03CF88A46DDE901310446CF
S315000086100020039ACF1852EB090840F10000012808
S3150000862001D100F031F83046FFF73AFF06462846FA
S31500008630FFF736FF361A204651463A46434600961D
S3150000864000F05DF86FF003030C4C03EA95031E225D
S3150000865002EA4502E35800F027F8013041F1000133
S3150000866000F02AF8009600F04AF8CBE9020107B0BC
S31500008670BDE8F08FE8BF0000C0BE0000D8C0000013
S315000086803846214600F01FB8DDE9040101300490A8
S3150000869041F100000590704790E80E00C0688BE835
S315000086A00E00CBF80C00704723FA02F202F0030228
S315000086B0801841F100017047DDE90423CBE9000190
S315000086C0384641467047F0B5A3FB0145DDF814C0B6
S315000086D0A2FB0116A2FB00277F18744145F1000595
S315000086E039462646E3FB0016A3FB0003C01954EBEC
S315000086F0030045F10000CCE900601046F0BD2DE90D
S31500008700F041DDF8188017460C460546C8F14002D0
S3150000871038461946FEF7E6FB07460E46284621462A
S315000087204246FEF7F0FB38433143BDE8F081B1EE37
S31500008730C00A7047D4D4D4D42DE9F0472DED068B6A
S3150000874055EC106BB648EC0F25F0004787421CD35A
S31500008750B948874236D328469FEDAF0B6FF31F50BB
S31500008760294640EA060854EC107B304632462B4632
S31500008770B5F1FF3FC4BF2C46374600F035FBB8F1D4
S31500008780000F04BF2146384600E1A648874229D398
S31500008790A648874255D8A648294600EBC40090ED66
S315000087A0000B304653EC102B00F03CFB84F001022A
S315000087B041EC190BA2EB04089E4A02EBC40292EDAF
S315000087C000AB6EE09FED7A0B3046294653EC102B3A
S315000087D0FDF79CFB28B30020BDEC068BBDE8F047F7
S315000087E002F08AB8B0EE408A3046F0EE608A9FED1D
S315000087F06C0B294600F02AF99FED6B0B59EC104BD8
S3150000880022464B46FDF782FB4FF00008002800F099
S31500008810C380854887424CD83046294622464B4677
S31500008820B2E09FED650B3046294653EC102BFDF761
S3150000883043FB30B10020BDEC068BBDE8F04702F0EB
S315000088404BB89FED5F0B29467C4853EC102B00EB91
S31500008850C40090ED008B304600F04AFC53EC182B18
S3150000886000F0C2FA00F04EFC804600F079FC9FED65
S31500008870560B04460F4600F0EDF802460B4630460E
S31500008880294600F0B1FA9FED520B05460E462046EA
S3150000889053EC102B394600F02BFC41EC1A0B46EC3E
S315000088A0195B51EC190B53EC1A2B00F0BBFA41EC97
S315000088B0180B59EC18AB5046494652464B4600F049
S315000088C017FC9FED450B07460C4600F0C3F89FEDDD
S315000088D0440B00F0BBF800F0B3F89FED430B00F03B
S315000088E0B5F800F0ADF89FED420B00F0AFF800F0E0
S315000088F0A7F89FED410B00F0A9F800F0A1F800F0F1
S31500008900ADF806460D465046494632462B4600F01F
S31500008910EFFB07460C46B8F1000F27D09FED380B4A
S3150000892032462B4651EC100B00F07CFA00F09CF816
S3150000893002460B4651EC1A0B00F074FA02460B463F
S3150000894051EC190B00F06EFA9FED170B00F07EF854
S315000089504FEA085211446FF47F73984516DA9FED7B
S315000089602A0B01F17A5100F075F80FE09FED280B04
S315000089703046294600F06AF800F076F800F06EF806
S315000089809FED090B53EC102B00F02EFA41EC100B67
S31500008990BDEC068BBDE8F0878BE700BF00BF00BFCC
S315000089A09C7500883CE4377E000000000000F03F24
S315000089B0EF39FAFE422E864051302DD5104987C038
S315000089C0FE822B654715F73F0000E0FE422EE6BF0C
S315000089D0763C7935EF39EA3DD0A4BE726937663EFA
S315000089E0F16BD2C541BDBBBE2CDE25AF6A56113F29
S315000089F093BDBE166CC166BF3E5555555555C53F10
S31500008A0000000000000000400000000000007001AF
S31500008A1000000000000000C0000000000000000090
S31500008A20422E8640432ED63FFFFFEF3DB1A2F03FD8
S31500008A3090C1000050C100000000F07F60C100003E
S31500008A4002460B463846214600F052BB53EC102B2B
S31500008A5000F0CAB953EC102B00F04ABB02460B4695
S31500008A605046494600F0DEB902460B4638462146D6
S31500008A7000F076BDD4D4D4D42DE9F04381B052ECC5
S31500008A80101B002558EC113BC8F210054FF0010CE5
S31500008A9022F000474E1E28F0004007EB050474EB59
S31500008AA00506C0F08F804619B3EB0C04AE41C0F04A
S31500008AB08980CE1A964677EB000018463CBF0846DA
S31500008AC0194643463CBF1346C6467446CEF30A5C77
S31500008AD06FF31F54C3F30A55BCF1000F1CD1B1FA52
S31500008AE081F7002C07F1200718BFB4FA84F7A7F125
S31500008AF00B09B7F12B0604FA09FCC7F12B0421FA7E
S31500008B0004F444EA0C04C7F10C0C58BF01FA06F44D
S31500008B1001FA09F158BF00216FF31F53D5B9B0FA16
S31500008B2080F5002B05F1200518BFB3FA83F5C5F1D2
S31500008B302B07A5F10B0620FA07F7B3403B43B5F127
S31500008B402B07C5F10C0558BF00FA07F300FA06F02B
S31500008B5058BF002088EA0206DA0042EA5072E300B3
S31500008B6042F4000243EA5173C000AC453FD0ACEB7F
S31500008B7005043F2C39D8C4F14005C5F1200702FA97
S31500008B8005F800FA05F520FA07F747EA0807D4F1D1
S31500008B90200858BF00FA08F758BF0025E0403D43BB
S31500008BA002FA08F740EA070018BF0125B4F12007CA
S31500008BB058BF22FA07F022FA04F240EA050058BF2D
S31500008BC0002214E000244E1EC7F6F07477EB04066C
S31500008BD002D342F400206EE05E1E70EB040628D33A
S31500008BE048F4002040EC113BE3E00022012043F46E
S31500008BF000030EF00044C900B6F1FF3F0DDD091871
S31500008C005A41D3014ED55FEA52024FEA310100F0D4
S31500008C1001000CF1010C014344E081EA000783EAFC
S31500008C200206091A63EB02023743DFB99FED6A1B9E
S31500008C30BFE087EA04060E4340F0918083EA010014
S31500008C40BCF101039FED660B80EA030065F5801316
S31500008C5088EA02077B4056EC105B18431CBF164699
S31500008C600D46A4E00020B0EBD25F1BD1B1FA81F033
S31500008C70002A00F1200018BFB2FA82F0A0F1080322
S31500008C80C0F12807ACEB030C9A40283821FA07F705
S31500008C9042EA070258BF01FA00F201FA03F158BF8F
S31500008CA000210BE040F2FF70844507DB44F0E04012
S31500008CB0002140F07F6040EC111B7AE0BCF1000F10
S31500008CC02BDC6FF01E070CF13F00A7EB0C0702FA36
S31500008CD000F301FA00F021FA07F633431CF11F06F0
S31500008CE058BF01FA06F358BF00201843CCF1010320
S31500008CF0C3F1200618BF0120D940002F02FA06F65C
S31500008D0041EA060158BF22FA07F122FA03F241EAC4
S31500008D1000014FF0000C58BF0022C80840EA427517
S31500008D20C2F3D30001F0070740EA0C5040EA0406FC
S31500008D3000F064F802282BD0012820D098BB681CCC
S31500008D4046F10001042F9CBF2846314638D105F074
S31500008D5001002D1846F1000600F05CF827E080EAD5
S31500008D6004061E4325D051EA07062CD0B0EE401A61
S31500008D7053EA0006F0EE601A7FF49BAE19E038461F
S31500008D80002F18BF0120002C18BF0124204007E047
S31500008D90B4FA84F13846002F18BF0120490908406B
S31500008DA02D1846F10006002F18BF00F033F846ECE8
S31500008DB0115BB0EE410AF0EE610A01B0BDE8F08346
S31500008DC005460E46EFE71843F3D103EA010008EA29
S31500008DD0020141EC110BECE700000000000000006E
S31500008DE0000000000000F87F80B541EC100B43EC5A
S31500008DF0112BFFF741FE51EC100B80BD0448F1EE3C
S31500008E00101AC1F38151784450F82100704700BF11
S31500008E1076330000F1EE100A40F01000E1EE100A81
S31500008E200020704780B582B043EC102B8DED000B0F
S31500008E3041EC100B9DF8072082F080008DF80700AA
S31500008E409DED001BFFF718FE51EC100B02B080BD24
S31500008E502DE9F04F81B055EC101B4FF6020356EC8E
S31500008E60110BCFF6FF7386EA05022C4602F0004C82
S31500008E703246C5F30A596FF31F52A9F2FF776FF313
S31500008E801F54C6F30A5E9F4221BFAEF2FF734FF630
S31500008E900107CFF6FF77BB420CD840F2000825F059
S31500008EA00047C7F6F0784B1E77EB080335D345F439
S31500008EB0002057E04FF0000A44F48014C302D202A7
S31500008EC042EA5050A3FB045740F0004000264FF002
S31500008ED00048E0FB0476A3FB0123A0FB01103F182A
S31500008EE046F100065B1948F10045581809EB0E03D8
S31500008EF0534457EB050146F10005A3F2FF33EF0299
S31500008F0016D4470047EAD2746F0047EAD175490084
S31500008F10520041EAD07120460BE026F00045431E80
S31500008F2075EB080315D346F4002141EC100B1BE04A
S31500008F30013340F2FF77BB4204DB4CF0E04040F0E7
S31500008F407F600EE0002B1CDD6FF31F5545EA0353CF
S31500008F5068E087EA08030B4309D128430ED04CEAA0
S31500008F600800002140EC101B01B0BDE8F08F85EA37
S31500008F70080303436AD151EA0700F0D19FED5A0B6B
S31500008F80F2E7C3F101063F2E66D803F13F046FF006
S31500008F901E07A7EB030922FA06FB05FA04FE21FACF
S31500008FA009F747EA0E0A13F11F0EC6F1200358BF50
S31500008FB001FA0EFA009300FA03F722FA09F347EAD8
S31500008FC00B0700FA04FB43EA0B0358BF02FA0EF341
S31500008FD002FA04F258BF002242EA030201FA04F33D
S31500008FE058BF0023002A18BF0122B6F1200458BF3B
S31500008FF020FA04F743EA070342EA0302009B21FA38
S3150000900006F120FA06F005FA03F341EA030158BF18
S3150000901025FA04F158BF002025FA06F340EA0A00B3
S3150000902058BF002343EA0C03574278EB000701D2EE
S31500009030013106E080EA0800104304D101F0010086
S31500009040091843F1000343EC101B8DE751EA0703AF
S3150000905018BF50EA050303D100204CEC100B83E740
S315000090604FF000084FF0000AB8EB175F1AD1B1FABB
S3150000907081F3002C03F1200318BFB4FA84F3A3F1A3
S315000090800B06C3F12B07C3F10C0AB44021FA07F70C
S315000090903C43B3F12B0758BF01FA07F401FA06F176
S315000090A058BF0021B8EB155F7FF406AFB0FA80F326
S315000090B0002A03F1200318BFB2FA82F3C3F12B078B
S315000090C0A3F10B0520FA07F7AA403A43B3F12B07A1
S315000090D0AAEB030358BF00FA07F203F10C0A00FAE1
S315000090E005F058BF0020E7E6000000000000F87F0A
S315000090F080B541EC100B43EC112BFFF7A9FE51ECA8
S31500009100100B80BDC1F30A5240F2FF339A423CBFB6
S3150000911000207047A2F21F4313F1210F9EBF6FF08C
S31500009120004080EAE170704780B540F233434FF06B
S31500009130010C9B1A8E466CF31F5ED840C3F12003C8
S315000091400EFA03F3184340F213439A1A58BF2EFA45
S3150000915002F0B1F1FF3FD8BF404280BDD4D4D4D491
S31500009160002822D0014648BF4142B1FA81F2C2F13D
S315000091700B03B2F10B0C21FA03F358BF01FA0CF3FF
S3150000918083F4801C40F21E43A3EB020302F1150296
S3150000919001FA02F10CEB035358BF0021002848BF27
S315000091A043F0004343EC101B01E09FED030B51EC31
S315000091B0100B704700BF00BF000000000000000059
S315000091C02DE9F04F85B051EC11AB4FF6020754EC88
S315000091D010BBCFF6FF7781EA04000E46A64600F0E4
S315000091E0004CC4F30A506FF31F56A0F2FF726FF3E0
S315000091F01F5EC1F30A53BA4221BFA3F2FF724FF6B4
S315000092000107CFF6FF77BA420FD8002524F00047B2
S31500009210C7F6F075BBF1010277EB0502C0F093804B
S3150000922044F4002040EC10BB81E102A981E809105A
S315000092300020019046F4801C4FEA5A514FF2333217
S31500009240002341EACC21C7F20452521ACDF800A0FD
S31500009250A1FB02567542A5FB0225D20F42EA450242
S31500009260A2FB01567542A2FB0525D20F42EA450232
S31500009270A2FB015675420026A2FB0525D20F42EA43
S3150000928045024FEACA25013AA5FB02570025E1FB34
S315000092900275D7F1010166EB0505A2FB0557A1FB97
S315000092A002127F0047EAD577C90F41EA420111EB66
S315000092B0450147EBD2724EF48017E13962F10002A4
S315000092C04FEA4B0E780040EADB79A2FB0E04E2FB84
S315000092D00943A1FB09256419A1FB0E1543F10003FF
S315000092E0A91846F100024018DDE90210624143F177
S315000092F00008081A0199B6EB585F01EB000404F266
S31500009300FF312CD1B8F5801F38BF012602FA06F0CE
S315000093104FEA5202A0FB0A5300FB0C3786F01F03EC
S31500009320039538BF04F2FE3108FA06F5DA4045EA3D
S315000093300203039C013903FB0A724FEA4B5766424C
S3150000934067EB02081CE021F00044BAF1010274EB5D
S3150000935005022ED341F4002040EC10ABE7E05FEAB3
S3150000936058034FEA3200A0FB0A264FEA0B54DE46AA
S31500009370B94600FB0C6603FB0A65564264EB05081A
S3150000938040F2FF72914205DB049840F0E04040F065
S315000093907F607FE0012922DB4FEA48026FF31F530B
S315000093A042EAD67443EA01527100049DDDF800A03A
S315000093B0AAE087EA050151EA0B0107D184EA050014
S315000093C050EA0A0064D19FED640BB0E084EA05011F
S315000093D051EA0A010BD100204CEC100BA7E011F169
S315000093E0350F5BDC0499002041EC100B9FE05BEA33
S315000093F0070100F09F805AEA040149D04FF00009A6
S315000094000025B9EB175F1ED1BBFA8BF2BEF1000F38
S3150000941002F1200218BFBEFA8EF2C2F12B05A2F1AC
S315000094200B072BFA05F50EFA07F145EA010EB2F124
S315000094302B0558BF0BFA05FEC2F10C050BFA07FB0C
S3150000944058BF4FF0000B02A9B9EB145F81E8091071
S315000094507ED1BAFA8AF1002E01F1200118BFB6FAC0
S3150000946086F1A1F10B0206FA02F7C1F12B062AFAE0
S3150000947006F63E43B1F12B07294458BF0AFA07F610
S31500009480A1F10C000AFA02FA58BF4FF0000AD0E622
S315000094904CEA0500002140EC101B48E0C1F1010236
S315000094A06FF01304C2F12007641AD04023FA02F2C7
S315000094B003FA07F738436FF01E072EFA04F47F1AF3
S315000094C058BF23FA07F0DDF800A058BF0022AAFB18
S315000094D000760AFB026301F13406143109FA06F537
S315000094E00CFB003345EA040558BF0EFA01F50EFAE7
S315000094F006F158BF0021B1EB47014FEA430343EAA7
S31500009500D77365EB0304049D431C00F0010642F18A
S315000095100007891944F10006BAEB01017CEB06014C
S3150000952024BF0346174647EA050040EC103B05B04A
S31500009530BDE8F08F9FED080B5AEA04014FF00000DA
S3150000954051EC102B1CBF6146024641EC102BEEE796
S3150000955001956FE600BF00BF000000000000F87F25
S3150000956080B541EC100B43EC112BFFF729FE51ECB3
S31500009570100B80BDD4D4D4D4F8B52DED028B56ECA7
S31500009580100BB0EE408AF0EE608AB6F5801F13DA53
S3150000959026F0004101434DD0B6F1FF3F52DD9FED6D
S315000095A0300B314653EC102BFFF7A2FD41EC180BA4
S315000095B00E466FF0350000E0002031498E4204DB94
S315000095C051EC180B02460B462CE000EB2650A0F29D
S315000095D0FF3707EBD770FFF7C3FD04460D46F80FBC
S315000095E06FF31F56274946EA0050484052EC181BB5
S315000095F040EC101B00F050F851EC100B9FED1A0BCD
S3150000960053EC102BFFF774FD9FED190B00F03CF89F
S3150000961032463B46FFF7E8FB9FED170B00F034F8A8
S3150000962032463B46FFF7E0FB41EC100BBDEC028BEC
S3150000963001B0F0BD0120BDEC028B01B0BDE8F040E9
S3150000964001F06AB9B0EE480AF0EE680ABDEC028B8A
S3150000965001B0BDE8F04001F06FB900BF00BF00BF28
S3150000966000000000000050430EE526157BCBDB3FD3
S31500009670362BF111F3FE593D00609F501344D33F42
S315000096800000F07F0000F03F06460F46204653ECF0
S31500009690102B2946FFF72CBD2DE9F84F2DED085B61
S315000096A054EC100BB4F5801F12DA24F0004101438C
S315000096B061D0B4F1FF3F40F309819FEDCB0B21460A
S315000096C000F0E6F941EC100B0C466FF0350000E0B7
S315000096D00020E5498C420CDB51EC100B02460B4690
S315000096E0FFF782FB41EC180BB0EE480AF0EE680A71
S315000096F05DE1A246DD496FF31F5A00EB2450514449
S3150000970000EB1150A0F2FF3501F48010D849504407
S31500009710414052EC100B9FEDB60B00F0B5F9074631
S31500009720A01C0E466FF31F5002282CD89FEDCA8B43
S315000097303846314653EC182BFCF7B0FB002800F0F6
S31500009740CC80002DD0D02846FFF70AFD9FEDC00B38
S3150000975004460D4600F09CF99FEDB90B06460F46F0
S31500009760204653EC102B2946FFF7C2FC32463B46F7
S31500009770FFF73AFB19E10120BDEC085B01B0BDE83B
S31500009780F04F01F0C9B89FED9C0B3846314600F00A
S315000097907BF902460B463846314604970596FFF795
S315000097A0DFFE02460B4602900391FFF7A1FC02463C
S315000097B00B4607460E46FFF79BFC9FED910B0446B2
S315000097C0884600F065F99FED900B00F05DF900F01A
S315000097D063F99FED8F0B00F057F900F05DF99FEDEF
S315000097E08E0B83468946204653EC102B4146FFF7E5
S315000097F07FFC9FED8B0B00F047F900F04DF99FEDD4
S315000098008A0B00F041F902460B4641462046A8461F
S31500009810FFF76EFC9FED860B00F036F902460B460D
S3150000982038463146FFF764FC02460B465846494621
S31500009830FFF7DAFA05468F480C468F49A0EB0A0077
S31500009840514441EA00064046FFF78AFC07468B462C
S31500009850012E7CDB9FED7C0B019753EC102B049EB5
S31500009860059F30463946FFF743FC02460B46304615
S315000098703946FFF73DFC2A46234681468A46FFF7CE
S31500009880B3FA05460C46B8F1000F00F095809FED3F
S31500009890700B5946019800F0FBF8CDF800B08346EE
S315000098A0884600F0EBF85A464346FFF79DFA00F06B
S315000098B0F9F832463B46FFF7B5FA9FED610B0446D1
S315000098C00D46DDE9001053EC102B68E0BDEC085B9B
S315000098D001B0BDE8F04F01F02FB89FED610B38469F
S315000098E0314600F0D5F89FED580B00F0CDF8044650
S315000098F08846384631463A463346FFF7F9FB224654
S315000099004346FFF7F5FB04468A46002D5DD0284600
S31500009910FFF726FC9FED480B8046894600F0B8F815
S3150000992002460B4620465146FFF75EFA3A46334654
S31500009930FFF778FA9FED420B06460F46404653EC7A
S31500009940102B4946FFF7D4FB32463B462BE0049EDC
S315000099502A46DDF814A0234630465146FFF762FA40
S3150000996005460C46B8F1000F36D09FED330B38464E
S31500009970594600F08DF88046894600F07FF8424649
S315000099804B46FFF731FA32465346FFF74BFA9FED47
S315000099902C0B04460D46384653EC102B5946FFF760
S315000099A0A7FB22462B46FFF73DFA41EC100BBDEC18
S315000099B0085B01B0BDE8F08F00F060F800F072F8C7
S315000099C002460B463046394603E0384631462246C3
S315000099D05346FFF727FA85E600F050F802460B4695
S315000099E030465146DFE700BF00000000000050434C
S315000099F0000000000000F0BF000000000000004072
S31500009A009FC678D0099AC33FAF788E1DC571CC3FEB
S31500009A1004FA97999999D93F44523EDF12F1C23F11
S31500009A20DE03CB966446C73F599322942449D23F1E
S31500009A30935555555555E53F763C7935EF39EABD91
S31500009A400000E0FE422EE63F000000000000E03F7E
S31500009A50763C7935EF39EA3D000000000000000051
S31500009A60555555555555D5BF0000F07F645F090023
S31500009A700000F03F51B8060086EBF9FFDDE9020170
S31500009A802A462346FFF734BB53EC102BFFF7ACB93D
S31500009A9053EC102BFFF72CBB02460B4620464146E3
S31500009AA0FFF726BB02460B4648465146FFF7BAB9B2
S31500009AB02DE9F84F2DED048B92B05AEC115B57EC63
S31500009AC0106B2AF0004050EA050131D0AA4927F070
S31500009AD0004401F1705294420BD8B0EE408AF0EE89
S31500009AE0608A0EB1944204D0904202D8EDB39042FF
S31500009AF03BD100F09DFDA14A4FEA4A049FEDA00B21
S31500009B0044EAD5743A4484F4801402F520023243C0
S31500009B109D4E52EC103B1CBF0A4603460127D7EB6D
S31500009B204505B44124BF0A46034642EC183B14E0FF
S31500009B3000F07EFD7A009FED920B42EAD672012775
S31500009B40914D82F48012D7EB460653EC104BAA4196
S31500009B5024BF0B46044643EC184B00F073FD12B0CD
S31500009B60BDEC048B01B0BDE8F08FB7F1FF3F01DD1E
S31500009B70002306E0854B9E4603F1007398425CD9AC
S31500009B8002230B931DB38C469FED810BB84651EC17
S31500009B90103BC90F61F3DF7896B34FF0FF3101EB4D
S31500009BA0D7790B9951EA090100F0AD807A49B0F1F5
S31500009BB0844F59D9604540F28280481C844280F027
S31500009BC0D480BAF1FF3F40F3D480002032E39042C4
S31500009BD040F0FE836948204400F52000304379D0E8
S31500009BE06D48844240F299809FED690BBAF1FF3FC0
S31500009BF050EC101BC4BF5046294640EC181BACE77E
S31500009C00944205D0002C00F0A48064498C42C4D153
S31500009C109FED5B0B3246434600F010FDBAF1000F94
S31500009C20A4BF4146304641EC100BB7F1FF3F54DD6F
S31500009C30B0EE408AF0EE608A8FE7574B984297D98C
S31500009C404FEA105C70457DD940F23343A3EB0C0319
S31500009C5025FA03FC0CFA03FE00230CF0010C7545F3
S31500009C6008BFCCF102038CE79FED4D0B3046414611
S31500009C7000F0BAFC07464C48B4F5801F28BF2146C1
S31500009C8000F135003CBF4FF6CC30CFF6FF7000EB4D
S31500009C90215241486FF31F5128BF3746CDF8249013
S31500009CA0084400F1010B41488142C0F087804048DA
S31500009CB0814280F07F8008924FF0010881E0F80F22
S31500009CC08C4280F0A9820B990840BAF1FF3F40F31D
S31500009CD01A82AFE29FED2A8B3FE7284A0B9B22446C
S31500009CE002F520021A430ED08DED0E0B9DF83F2093
S31500009CF082F080028DF83F200B9B0E9A012B18BF35
S31500009D0002460F984EE300F09DFC12B0BDEC048BAA
S31500009D1001B0BDE8F04F00F00FBE8DED0C1BBAF19F
S31500009D20000F9DF837009FED1A0B80F080008DF82C
S31500009D30370051EC100B0C9AA8BF02460D98A8BF2D
S31500009D40084631E3002D00F033838C4600210B9149
S31500009D501AE7BAF1FF3F40F3B4830B9801280CBF12
S31500009D60B846364648EC186BF7E6BAF1010FFFF62F
S31500009D702CAF0020C7E100BF0000F043000070BF19
S31500009D80000000000000F03F0000F0FFFFFF3F4131
S31500009D900000000000000000FFFFEF3F0000F03F62
S31500009DA00000000000004043CCFBFFFF8F9803003B
S31500009DB07AB60B00D848013241EA000B4FF0000892
S31500009DC00892DFF8E807594600EBC80090ED000B53
S31500009DD0384656EC104B22463346CDE90164CDF8A1
S31500009DE01C800397FFF71EF88146009120463146F6
S31500009DF03A465B46FEF7F8FF1FED1F0B02460B4681
S31500009E0000F01CFC0690024605910B46009C484655
S31500009E104F462146FFF76CF90A90D9464FF000509D
S31500009E20002240EA59008B4600EB884000F50026E8
S31500009E3000203346FFF75CF902460B4638462146BA
S31500009E40FEF7F0FF04460F46DDE901100022334617
S31500009E50FEF7E8FF039A4B46FEF7C6FF02460B469F
S31500009E60002000F0F4FB00F0D7FB02460B46DDE9CC
S31500009E700510FFF73DF90690044605910E460A9F28
S31500009E80594600225B463846FEF7AEFF02460B46B1
S31500009E9020463146FFF72CF9039088463846594646
S31500009EA03A465B46CDF810B0FFF722F99FED9C0BC2
S31500009EB006460F4600F098FB9FED9B0B00F084FBD7
S31500009EC000F07CFB9FED9A0B00F07EFB00F076FB2A
S31500009ED09FED990B00F078FB00F070FB9FED980B5F
S31500009EE000F072FB00F06AFB9FED970B00F06CFB35
S31500009EF081460C4600F07CFB4A462346FFF7F8F8FD
S31500009F00024603980B464146FEF76EFFDDF810B099
S31500009F10814688460020002259465B46FFF7E8F84E
S31500009F209FED8B0B07460E4600F04EFB4A46434616
S31500009F30FEF75AFF9FED880B00200C4600F044FB0D
S31500009F403A463346FEF76EFF00F048FB02460A9893
S31500009F500B4600F07CFB06460F46DDE905100022A5
S31500009F602346FFF7C5F832463B46FEF73DFF8146DE
S31500009F7088460020594600222346FFF7B9F84A468C
S31500009F80434606460F46FEF72FFF002032463B4665
S31500009F908B46FEF747FF00F021FB9FED710B00F0AB
S31500009FA023FB9FED710B06460F46002053EC102B4A
S31500009FB000F04DFB32463B46FEF716FF079E024673
S31500009FC0DFF8EC050B4600EBC60090ED000B51ECFC
S31500009FD0100BFEF709FF9FED660B07460A900C462D
S31500009FE053EC102B0691002000F031FB3A46234635
S31500009FF0CDE90410FEF7F8FE0246DFF8B8050B4679
S3150000A00000EBC60090ED000B56EC107B384631464F
S3150000A010FEF7EAFE804608988946FFF7A1F804464F
S3150000A0208B464046494622465B46FEF7DDFE00204B
S3150000A03022465B4641EC180BFEF7F4FE3A463346E1
S3150000A040FEF7F0FEDDE90432FEF7ECFE02460B46B3
S3150000A0500A980699FEF7E6FE41EC190B284651468A
S3150000A06000225346FEF7DEFE53EC192B04460F463C
S3150000A07028465146FFF73CF856EC185B8146884661
S3150000A080204639462A463346FFF732F84A464346C3
S3150000A090FEF7AAFE814688462846314600225346E8
S3150000A0A0FFF726F807468A4641EC180B4846414614
S3150000A0B03A465346FEF798FE06460B980C46099913
S3150000A0C0013840EA01052C4800F5200084425BDD9A
S3150000A0D02A482044304313D19FED290B4846414678
S3150000A0E000F072FA0B9505468B4600F09BFA024685
S3150000A0F00B46284659460B9DFBF708FF002856D00D
S3150000A100B5FA85F0400912B0BDEC048B01B0BDE88C
S3150000A110F04F00F0F1BB00BF0000E03F00BF00BF02
S3150000A120EF4E454A287ECA3F65DBC9934A86CD3F36
S3150000A13001411DA96074D13F4D268F515555D53F1C
S3150000A140FFAB6FDBB66DDB3F033333333333E33FB4
S3150000A150000000000000084000000000000008C0E9
S3150000A160FD033ADC09C7EE3FF5015B14E02F3EBE66
S3150000A170000000E009C7EE3FFFFFEF3F000070BFA1
S3150000A180FE822B654715973CDC48DD492040884216
S3150000A1900DD3DC482044304349D100F043FA02464F
S3150000A1A00B4648464146FBF795FE00283FD124F072
S3150000A1B00040D54900220B95884243D9D34940F245
S3150000A1C0134301EB10504FF4801121FA00F00121E6
S3150000A1D02044024661F31F52C0F30A515B1AA1F2F2
S3150000A1E0FF31DA40002C48BF52420A92F24A02F18D
S3150000A1F0814242FA01F101EA000338465146002243
S3150000A200FEF710FE024641EC180B0B464846414647
S3150000A210FEF7EAFD0C4616E001318C4240F20B8156
S3150000A2200B990840BAF1010FBFF66DAF02E0B5FA1F
S3150000A23085F0400912B0BDEC048B01B0BDE8F04FCB
S3150000A24000F04ABB0A9253EC182B00202146FEF779
S3150000A250E9FD00F0C3F99FEDC00B05460E46002050
S3150000A26053EC102B2146FEF743FF9FEDBD0B07462F
S3150000A2708846284653EC102B3146FEF739FF3A46FE
S3150000A2804346FEF7B1FD9FEDB80B054609900E4615
S3150000A29053EC102B089100202146FEF729FF2A4691
S3150000A2A0334683460791FEF79FFD02460B468246DC
S3150000A2B08946FEF71DFF9FEDAE0B0446884600F06B
S3150000A2C093F99FEDAD0B00F07FF900F081F99FED5A
S3150000A2D0AC0B00F079F900F07BF99FEDAB0B00F0C9
S3150000A2E073F900F075F99FEDAA0B00F06DF900F017
S3150000A2F06FF900F08BF904460F4650464946224650
S3150000A3003B46FEF7F5FE9FEDA40B05460E4620469E
S3150000A31053EC102B3946FEF767FD02460B462846DE
S3150000A3203146FFF71DF9079B04460F46504649463E
S3150000A3305A46FEF777FD02460B46DDE90810FEF7A2
S3150000A34071FD05460E46504649462A463346FEF7F7
S3150000A350CFFE2A463346FEF747FD00F05DF900F0D2
S3150000A36055F99FED6D0B00F02FF90A9A41EC100B91
S3150000A37001EB0251B1F5801FAEBF41EC100B104648
S3150000A38000F03AFA0B9B8DED100B9DF84700002B61
S3150000A390109A80F080008DF8470051EC100B18BF22
S3150000A3A00246119818BF084640EC182BFFF7D5BB9C
S3150000A3B040F21343A3EB0C0320FA03FC0CFA03F35D
S3150000A3C0984206BF0CF00103C3F1020300230B936E
S3150000A3D0734B013398420FD1BAF1FF3F3FF7BDAB44
S3150000A3E09FED4B0B3046394653EC102BFBF756FDD1
S3150000A3F0002878D0F80F6EE0BAF1804F09D101F14C
S3150000A400E0539C4205D2674B9C4202D300F0F0F821
S3150000A4106FE08C46002F3FF5B7AB634B9A457FF450
S3150000A420B3AB00F00FF912B0BDEC048B01B0BDE880
S3150000A430F04F00F00FB99FED3A0B30464146CDF88C
S3150000A440249000F0C1F89FED380B06460F4600F049
S3150000A450CBF89FED370B00F0B7F800F0AFF89FEDA3
S3150000A460360B02460B4651EC100BFEF7DBFC804622
S3150000A470894600F0BDF842464B46FEF739FE9FED91
S3150000A480300B00F0B1F89FED300B00F0B7F8424604
S3150000A4904B46FEF7A9FC9FED2E0B00F0AFF84246A7
S3150000A4A04B4606460F46FEF79FFC002032463B46CB
S3150000A4B041EC180BFEF7B6FC02460B4640464946F1
S3150000A4C0C8E50020002F48BF01200B990139B1FAD9
S3150000A4D081F14909084012B0BDEC048B01B0BDE81A
S3150000A4E0F04F00F019BA9FED0C0B32463B4600F0D8
S3150000A4F0A5F841EC180BFFF730BB00BF00FCFF7F4F
S3150000A50000CC904000346F3F0000E03F02FCFFFFAC
S3150000A5100000000000000000000000000000F03F06
S3150000A520000000000000F0BF000000000000D0BFE7
S3150000A530555555555555D53F000000000000E03FE4
S3150000A540FE822B654715F7BF44DF5DF80BAE543E20
S3150000A550000000604715F73F396CA80C615C20BE0F
S3150000A560EF39FAFE422EE63F00000000432EE63F9A
S3150000A570D0A4BE726937663EF16BD2C541BDBBBE83
S3150000A5802CDE25AF6A56113F93BDBE166CC166BF61
S3150000A5903E5555555555C53F00000000000000C00A
S3150000A5A0FFFFEF3F0100501E0000E03F70C10000BA
S3150000A5B030C1000040C10000000070BF02460B46DB
S3150000A5C030463946FEF794BD53EC102BFEF70CBC13
S3150000A5D002460B4620464146FEF78ABD02460B461A
S3150000A5E048464146FEF71EBC53EC102BFEF780BDD5
S3150000A5F03046394632463B46FEF77ABD80468946A6
S3150000A600304653EC102B3946FEF772BD02460B4618
S3150000A61050464946FEF706BC02460B4620463946DA
S3150000A620FEF700BC304621463A465346FEF7FABBD3
S3150000A630304639462A465346FEF7D6BB51EC100B38
S3150000A640FEF78EBFB0EE480AF0EE680A704759462C
S3150000A650FEF74EBD2DE9F8432DED028B55EC104B60
S3150000A6605F4BB0EE408AE843F0EE608A18420ED1A6
S3150000A670B5F1FF3F04DC00F0B7F800F01BF9C8B1F4
S3150000A6802046294622462B46FEF7AEFB9EE0002DCD
S3150000A69008DD281538BB0020ADB96105E50A153877
S3150000A6A00C46F9E725F00040204300F09180B5F113
S3150000A6B0FF3FEEDC00F098F8BDEC028B01B0BDE880
S3150000A6C0F04300F039B90021EA0202D401316D00ED
S3150000A6D0FAE7C1F12002002924FA02F218BF154355
S3150000A6E0401A8C4001300121A0F2FF3C61F31F5556
S3150000A6F099465FEACC701EBF680040EAD4756400D4
S3150000A700680040EAD4754FF4001000264FF00008A8
S3150000A710640060B18119A942DCBF80440E18691A31
S3150000A720B8BF29464008490041EAD475F0E74FF022
S3150000A73000474FF0000E0020FFB13918B54212DD78
S3150000A740AD1B00238C4238BF013D002948BF0123C1
S3150000A750C8190022B0F1FF3FC8BF01221A40BE440B
S3150000A7601644641A03E002D18C42E9D22E466900EF
S3150000A77041EAD4757F086400DEE754EA050019D083
S3150000A780F1EE100A010215D41EF101010AD000F4FF
S3150000A7904000B0F5800F0AD11EF1020E08BF08F185
S3150000A7A0010807E008F101084FF0000E02E00EF084
S3150000A7B00100864409F100410A4A01EACC414FEA08
S3150000A7C0C87001EB680140EA5E00114441EC180BC9
S3150000A7D000F00AF8BDEC028B01B0BDE8F08300BFC3
S3150000A7E00000F07F0000E03FB0EE480AF0EE680A95
S3150000A7F07047D4D4D4D4D4D410B5044651EC100B3D
S3150000A80040F2FF73C1F30A529A4214D0F2B921F012
S3150000A8100042024315D09FED220B53EC102BFEF79E
S3150000A82067FC41EC100B224884420BDCC80FBDE8E4
S3150000A830104000F051B802460B46FEF7D5FA41EC3F
S3150000A840100B10BDC1F30A50A0F136024CF2513084
S3150000A850844204DA101940F2FF72904204DBC80FFA
S3150000A860BDE8104000F048B8012808DB6FF31E5120
S3150000A87041EA005052EC101B40EC101B10BD10F1C9
S3150000A880360FD3DD36306FF31E5141EA005152ECDC
S3150000A890100B9FED050B53EC102BFEF729FCCEE7B2
S3150000A8A00000000000005043000000000000903C43
S3150000A8B0AF3CFFFF51EC100B054A21F00041002888
S3150000A8C018BF41F001010020914288BF0120704766
S3150000A8D00000F07FD4D4D4D403A1002808BF0831E7
S3150000A8E091ED000B704700BF0000000000000080E3
S3150000A8F0000000000000000003A1002808BF083186
S3150000A90091ED000B704700BF000000000000F0FF53
S3150000A910000000000000F07F03A1002808BF0831F6
S3150000A92091ED000B704700BF000000000000F0FF33
S3150000A930000000000000F07F80B5FFF7BBFF9FED31
S3150000A940020B80BD00BF00BF000000000000F87FC2
S3150000A9507578437269746963616C4E657374696E68
S3150000A9606700765175657565416464546F52656715
S3150000A97069737472790025642F25642F25642D254B
S3150000A980643A25643A2564002E2E2F72612F667371
S3150000A990702F7372632F726D5F6672656572746F66
S3150000A9A0735F706F72742F706F72742E63007650BF
S3150000A9B06F7274456E746572437269746963616C13
S3150000A9C0002820282028202820707844656C61798A
S3150000A9D065645461736B4C69737420292D3E7578D8
S3150000A9E04E756D6265724F664974656D73203D3DA7
S3150000A9F02028205542617365547970655F7420295B
S3150000AA0020302029203F20282028204261736554C9
S3150000AA107970655F74202920312029203A2028206A
S3150000AA20282042617365547970655F74202920304F
S3150000AA3020292029202900765461736B5377697485
S3150000AA406368436F6E7465787400707578537461CB
S3150000AA50636B42756666657220213D202828766FF5
S3150000AA6069642A293029002E2E2F72612F6177738F
S3150000AA702F4672656552544F532F46726565525480
S3150000AA804F532F536F757263652F74696D657273BB
S3150000AA902E630075635356434E756D626572203C96
S3150000AAA03D203300546D72510078517565756547C8
S3150000AAB0656E6572696353656E64002128202820DF
S3150000AAC0785461736B4765745363686564756C6528
S3150000AAD07253746174652829203D3D202820282062
S3150000AAE042617365547970655F742029203020298E
S3150000AAF02029202626202820785469636B73546FFA
S3150000AB005761697420213D20302029202900785181
S3150000AB10756575654769766546726F6D495352006E
S3150000AB205F5F4E5649435F4765745072696F72693D
S3150000AB30747947726F7570696E672829203C3D20CD
S3150000AB402838202D203429202D20310070784D758D
S3150000AB507465780078517565756554616B654D75DA
S3150000AB60746578526563757273697665002820701E
S3150000AB707851756575652029007078556E626C6F21
S3150000AB80636B6564544342007078537461746963FF
S3150000AB905175657565007848616E646C650021289D
S3150000ABA020282078436F7079506F736974696F6ECF
S3150000ABB0203D3D2028202820426173655479706528
S3150000ABC05F742029203220292029202626202820AB
S3150000ABD0707851756575652D3E75784C656E677430
S3150000ABE06820213D20312029202900707854696D84
S3150000ABF0654F7574007078544342203D3D2070784F
S3150000AC0043757272656E7454434200765461736B79
S3150000AC105072696F72697479446973696E68657296
S3150000AC206974416674657254696D656F75740075F3
S3150000AC30785072696F72697479203C202835290032
S3150000AC40785461736B526573756D65416C6C0076F3
S3150000AC505461736B506C6163654F6E4576656E74B7
S3150000AC604C697374526573747269637465640078B1
S3150000AC705461736B52656D6F766546726F6D45767E
S3150000AC80656E744C6973740070785461736B4275A9
S3150000AC906666657220213D202828766F69642A2918
S3150000ACA0302900707276496E697469616C697365E2
S3150000ACB04E65775461736B0070785469636B735497
S3150000ACC06F57616974007852657475726E00282832
S3150000ACD0285343425F54797065202A29202828305A
S3150000ACE0784530303045303030554C29202B2030D7
S3150000ACF07830443030554C2920292D3E4943535253
S3150000AD00202620283078314646554C202929203DDA
S3150000AD103D2030007853697A65203D3D2073697A7D
S3150000AD20656F66282051756575655F742029007802
S3150000AD30517565756553656D6170686F72655461AF
S3150000AD406B6500696E66006364696E6F7073757813
S3150000AD50585B61656667414546470078517565757C
S3150000AD606547656E657269634372656174655374A0
S3150000AD706174696300785461736B5072696F7269AC
S3150000AD807479446973696E68657269740076506F88
S3150000AD90727453564348616E646C65725F43007506
S3150000ADA0785363686564756C657253757370656E08
S3150000ADB0646564203D3D2031550070784576656EAA
S3150000ADC0744C697374007852657475726E20213DF7
S3150000ADD02028202D3120290078517565756543722C
S3150000ADE065617465436F756E74696E6753656D61F1
S3150000ADF070686F7265537461746963007851756524
S3150000AE0075655265636569766500785461736B494B
S3150000AE106E6372656D656E745469636B002E2E2FBA
S3150000AE2072612F6177732F4672656552544F532FA7
S3150000AE304672656552544F532F536F757263652F73
S3150000AE4071756575652E63007B2274696D65223A9E
S3150000AE50222573222C202274656D70223A252E320B
S3150000AE60662C202268756D223A252E32662C202209
S3150000AE7065636F32223A252E32662C202274766F55
S3150000AE8063223A252E32667D0D0A00282063547807
S3150000AE904C6F636B202920213D2028202820696ED5
S3150000AEA074385F7420292031323720290070727679
S3150000AEB04372656174655374617469635461736B3D
S3150000AEC000785175657565476976654D7574657861
S3150000AED0526563757273697665002E2E2F72612F27
S3150000AEE06177732F4672656552544F532F467265CC
S3150000AEF06552544F532F536F757263652F74617388
S3150000AF006B732E630070784E6577517565756500B5
S3150000AF1021282028202820707642756666657220D2
S3150000AF2029203D3D202828766F69642A293029206A
S3150000AF3029202626202820282070785175657565D9
S3150000AF4020292D3E75784974656D53697A652021EF
S3150000AF503D2028205542617365547970655F7420E1
S3150000AF60292030552029202900785461736B4368C5
S3150000AF7065636B466F7254696D654F7574007650E4
S3150000AF806F727456616C6964617465496E7465723A
S3150000AF90727570745072696F726974790070785145
S3150000AFA07565756500765461736B44656C617900EF
S3150000AFB0707854434220213D207078437572726543
S3150000AFC06E74544342007852657475726E20213D4A
S3150000AFD02028202820282042617365547970655FF7
S3150000AFE074202920302029202900765461736B5063
S3150000AFF06C6163654F6E4576656E744C697374005B
S3150000B00078517565756500765461736B537461721A
S3150000B010745363686564756C65720075785363680C
S3150000B0206564756C657253757370656E64656420CE
S3150000B030213D2030550070785443422D3E75784DA1
S3150000B04075746578657348656C640053656E736FD7
S3150000B050725F546872656164002128202820707828
S3150000B06051756575652D3E706348656164203D3D8B
S3150000B070202828766F69642A293029202920262647
S3150000B080202820707851756575652D3E752E78538C
S3150000B090656D6170686F72652E784D757465784858
S3150000B0A06F6C64657220213D202828766F69642ABA
S3150000B0B0293029202920290070727650726F636525
S3150000B0C073735265636569766564436F6D6D616E12
S3150000B0D0647300556172745F5468726561640075CB
S3150000B0E06C43757272656E745072696F72697479A9
S3150000B0F0203E3D2028282828312929203C3C20288C
S3150000B10038202D2034292929203E3E202838202D7C
S3150000B1102034290078517565756547656E657269D5
S3150000B12063526573657400546D7220537663006EC6
S3150000B130616E0076506F72744578697443726974F3
S3150000B1406963616C00707851756575652D3E75781B
S3150000B1504974656D53697A65203D3D203000785409
S3150000B160696D657243726561746554696D65725483
S3150000B17061736B00253034642F253032642F2530FF
S3150000B18032642D253032643A253032643A25303225
S3150000B19064007578546F705072696F7269747900C3
S3150000B1A0212820282070764974656D546F51756585
S3150000B1B07565203D3D202828766F69642A29302947
S3150000B1C02029202626202820707851756575652D42
S3150000B1D03E75784974656D53697A6520213D20284E
S3150000B1E0205542617365547970655F74202920305B
S3150000B1F05520292029007853697A65203D3D207322
S3150000B200697A656F6628205443425F7420290028B6
S3150000B21020707854696D65722D3E7854696D65723B
S3150000B220506572696F64496E5469636B73203E2082
S3150000B23030202900286E756C6C2900D400000000AF
S3150000B24000000000320000000100000000000000C5
S3150000B2500000000000000000B5160000000000001D
S3150000B26000000000FFFFFFFF600000203CB200006E
S3150000B270B4050020510D00002C06002064B2000029
S3150000B2803CB7000078B2000088B300000000000060
S3150000B290200000209101000093010000B405002069
S3150000B2A084B20000D8B600000000000000000000D4
S3150000B2B04400000001000000000000000000000043
S3150000B2C000000000B51600000000000000000000AD
S3150000B2D0FFFFFFFF60000020A8B2000074070020F7
S3150000B2E04D11000090070020D0B200003CB70000CE
S3150000B2F0E4B200000000000000000000950100001C
S3150000B30074070020F0B2000018B70000000000002B
S3150000B310010100000000000001000000FF00000025
S3150000B32010B30000FFDFFFDF0C0900000000000083
S3150000B3300000000000000000000100004C0000209A
S3150000B3400F00FFFF00000000FFFF000003020000E7
S3150000B3500C050C060C070C0800000000000000009D
S3150000B360350300000000000038B3000000000000B4
S3150000B37000D4D4D4000C0401030000001310000014
S3150000B3800000000070B30000D408002074B3000071
S3150000B3907CB700000101031C1C0000000000000037
S3150000B3A0A086010000000000010C0001020300005D
S3150000B3B00000000000000000B516000000000000BC
S3150000B3C094B30000E40800209CB300005CB70000C2
S3150000B3D00080000000000000008000000100000066
S3150000B3E00080000002000000008000000300000052
S3150000B3F0104000000400000010400000050000009E
S3150000B4001040000006000000104000000800000088
S3150000B410008000000E000000008000000F00000009
S3150000B4204000010400010000400001040101000089
S3150000B43000000000040100000000000005010000FB
S3150000B440000C010008010000000000000B010000D4
S3150000B450000C01120C010000000C01120D0100008D
S3150000B460000C01120E010000000000000F01000098
S3150000B47000000105020200000000010503020000B1
S3150000B480000001050402000000000105050200009D
S3150000B4900000000006020000000000000702000095
S3150000B4A00000000008020000450C00000A0200002F
S3150000B4B0000C01170B020000400001050C02000001
S3150000B4C0400001050D020000000C01170E020000ED
S3150000B4D0000C010000030000450C000003030000FF
S3150000B4E0450C000006030000450C000007030000A1
S3150000B4F0450C00000B030000400C0107000400008F
S3150000B500400C010701040000104000000204000086
S3150000B5101040000003040000104000000404000076
S3150000B520000C011705040000000C011706040000BA
S3150000B530000C011307040000450C0000090400007C
S3150000B540000C01060A040000000C01060B040000B2
S3150000B550000C01060C040000000C01060D0400009E
S3150000B560000000000E040000000000000F040000B0
S3150000B570000C010500050000000C01050105000096
S3150000B580000C010502050000000000000305000094
S3150000B5900000000005050000000000000605000090
S3150000B5A0000C010508050000400C01070B05000012
S3150000B5B0400C01070C050000050000000006000015
S3150000B5C0040C000001060000040C00000206000046
S3150000B5D0040C000003060000040C00000506000031
S3150000B5E00000000008060000040C00000906000028
S3150000B5F0040C00000A060000000000000B06000014
S3150000B600400C01050D060000400C01050E06000069
S3150000B610000C01130F060000000C011700070000C4
S3150000B620000C011701070000000C011702070000BB
S3150000B630000C011703070000000C011704070000A7
S3150000B640000C011705070000000C010506070000A5
S3150000B650000C0105070700000000000008070000B5
S3150000B660004000000308000000400000040800003D
S3150000B670000C0113080A000055000000D0B30000BA
S3150000B680000000007300740075007600010092014E
S3150000B69093019401950156004507000067070000D5
S3150000B6A06B0700006F0700007307000077070000B4
S3150000B6B07D070000E1070000E5070000E90700003C
S3150000B6C0ED070000F1070000F5070000F90700008C
S3150000B6D0FD0700000108000005080000470C0000F7
S3150000B6E0650C0000730C0000930C0000CB0C0000EE
S3150000B6F0D30C0000DB0C0000E30C0000EB0C000098
S3150000B700F30C0000FB0C0000030D00000B0D000005
S3150000B710190D0000310D00004F1000007D100000D3
S3150000B720931000009F100000271100002B1100004D
S3150000B7302F1100003311000037110000991400008A
S3150000B740BD140000CB140000CF140000D314000079
S3150000B75000000000020403040404D4D48322000081
S3150000B760032300000F2300001B2300004D230000CD
S3150000B77057230000652300007D230000232C0000D2
S3150000B780A32C0000E72C00000F2D0000192D00004F
S3150000B7900000006800000068400100204001002011
S3150000B7A005000000B8B7000009000000F4B700006B
S3150000B7B00200000090B7000000000068000000686A
S3150000B7C00001000800000068000000680001000891
S3150000B7D04001002040010020000000035C0500201D
S3150000B7E00C120020000000030C1200200C12002096
S3150000B7F00000000300000068000000680000006010
S3150000B80000010C08000000680000006800000070DD
S3150000B8100001090800000068000000680000000838
S3150000B82000010208000000680000006868000000CF
S3150000B8300001010800000020000000200000006058
S3150000B84000010C0300000020000000200000007032
S3150000B850000109030000002000000020000000088D
S3150000B8600000020300000020240100206800000000
S3150000B870000001030C1200200C1200208C010000B5
S3150000B8800000010301000200080010002000D4D4CB
S3150000B89004000000010000003C0000003D00000024
S3150000B8A00000803F0000803F0EA2113877AB0240B7
S3150000B8B0305F0C40C343EB3FBEBEE341C1CB2940E2
S3150000B8C00000A03F000000009A99993E0000803FCA
S3150000B8D00000000000000040000040400000803FE3
S3150000B8E0C25C5A3A6768DA391DA011390EA21138BE
S3150000B8F0010000003C000000B00400008070000061
S3150000B90000E1000096B5503EAE22A539A4CC21BE7A
S3150000B910C572D4BC4D49C7BB799EC53BBDD3713EEC
S3150000B92016D825BE0A69513999B3923C294B2AC0CB
S3150000B930171CAD3F3F0129404D98283F998A5CBCB2
S3150000B94033D429BD4E70ACBFBBF6BD3DED2422BD40
S3150000B9502C0836BF906C57BD09D4C33DDAAEFDBC8A
S3150000B96035CB4C3DF27A51BE29ED373E0F1BF7BF62
S3150000B9703BEBB6BDB0BAB8BF23C1993F028B91BFAE
S3150000B980EAAFDEBDFC0EC83F55B3C03DC33880BF2D
S3150000B990850AF0BD5B505E40DFA21FC07BC6433FF9
S3150000B9A0A6D606C037A52A40A2560EC0416DE03F76
S3150000B9B0E444C1BF06309FC0FA5A47C04F8D4C3F82
S3150000B9C0CDEB623FCF4D993D48F78CC05BAEF0BEE4
S3150000B9D0936ACC3E57D1D4BC032150BF7B4FFDBDEB
S3150000B9E07E905B3F94F9A3C1CD164BC08143D440F2
S3150000B9F0B3421D403499AEC0BCC486BEC8A00ABFBF
S3150000BA006F098840AD5EB73F1420C0BF094F6B4039
S3150000BA10DC58B2C18B2FE7BEB9EC0B401B33154087
S3150000BA2004EF52C12FC8AD41E1B5FA3ECAFF9EC030
S3150000BA30459307C17F46A64068CC83408575CB40B9
S3150000BA409AB10240356D14C0F412E3BFDF24C63F3D
S3150000BA50BA8D3A40BFF1C73FA03B36C0249650C0CE
S3150000BA60C9C0673FCF5486BFC339A6BD81E3013E37
S3150000BA705711553BAFF4BE3FA53FCF3F052B1C3FAB
S3150000BA80B245D73FDE21173F9F62703F1FEF353F1C
S3150000BA90BFA6B8BDC1F87E40E7BA2340E4B1F2BF05
S3150000BAA01A1B3DC021E121BFA1440541E1C1ACC043
S3150000BAB09B2520BF0DDB5A4048594BC05B0214BF83
S3150000BAC083BF2BC1F344E7BE95216D40F0E244C02D
S3150000BAD0D63711C114E93E4148C4DF3E49E81B4050
S3150000BAE05EE4D2401AA3E3C0C30CEF3FE5A5AAC0AB
S3150000BAF03823C7BE097712404809B23F553CF2C009
S3150000BB00BEE380BFCA1B3F40C4EF794083C36EC00B
S3150000BB10908DE63DFBCDF73F0C8AF940A7ECFD3F43
S3150000BB205B369C3FD65357C0ABE448C1695473405B
S3150000BB30B64187BF7A444041D8C1C53E3DB983C0AE
S3150000BB403EA585BFAEEDC3C0CFBE5A3F0D67D33D00
S3150000BB5071048F40BCE327C143E10DBF3EB94E409F
S3150000BB6022A997400A64B5C00BD7393FD3CFD53F3A
S3150000BB700C1DB13DE253E2BF203D8D3F553B28BF32
S3150000BB80F366CDBFECB94740B0353B3D8D9F7DBFD9
S3150000BB900B61323FDF66893F85AF06BFE27A984088
S3150000BBA00DF395BE83309040884C10C02F0C7FC09B
S3150000BBB03D7E133F2618FB40A80CAFC0D81958404D
S3150000BBC08DFCD3C0414539BE4FD53D404477024038
S3150000BBD07DA2C53EA7AD623E30F9E23FDD90363F1D
S3150000BBE071224DBFEEBE8CBD5B82383F892500BFFA
S3150000BBF0F51EEC3E4C58874073628FBEFD5E724068
S3150000BC00962509C0EFD791C01A03033E85C2EE40C0
S3150000BC10B9769AC0C46620408DC7B1C0B821E33D4D
S3150000BC20D39854C037CDF9BF90CC18C071FEF0BE82
S3150000BC30D2875AC06A11103FCBDFDA3F61486B3FAB
S3150000BC4041A397BED193C33E9505943FA5A9334121
S3150000BC50532B683E32715E41001612C1A43C70C17E
S3150000BC608B5E443F616E006E66696E697479000092
S3150000BC7000000000000000000000000000000000BE
S3150000BC8000000000000000000000000000000000AE
S3150000BC90000000000000000000000000000000009E
S3150000BCA0000000000000000000000000000000008E
S3150000BCB0000000000000000000000000000000007E
S3150000BCC0000000000000000000000000000000006E
S3150000BCD0000000000000000000000000000000005E
S3150000BCE0000000000000000000000000000000202E
S3150000BCF02020202020202020282828282820202016
S3150000BD0020202020202020202020202020202088C5
S3150000BD101010101010101010101010101010100429
S3150000BD200404040404040404041010101010101079
S3150000BD30414141414141010101010101010101016D
S3150000BD400101010101010101010110101010101083
S3150000BD50424242424242020202020202020202023D
S3150000BD600202020202020202020210101010200059
S3150000BD7000000000000000000000000000000000BD
S3150000BD8000000000000000000000000000000000AD
S3150000BD90000000000000000000000000000000009D
S3150000BDA0000000000000000000000000000000008D
S3150000BDB0000000000000000000000000000000007D
S3150000BDC0000000000000000000000000000000006D
S3150000BDD0000000000000000000000000000000005D
S3150000BDE0000000000000000000000000000000D479
S3150000BDF0000000000000000000000000000000102D
S3150000BE000000000000000000B9340332B7F4AD149E
S3150000BE1010DB1AB30892540E0D307D951447BA1AEA
S3150000BE2066088F4D26ADC66DF598BF85E2B74511FC
S3150000BE30CA96853D92BD1DEBFCA11860DCEF52163B
S3150000BE403C92AE220BB8C1B4839D2D5B0562DA1C11
S3150000BE50304C7E8F4E8BB25B16F4529F8B56A512DA
S3150000BE60FBD4827643ED8AF08FE7F9311565191810
S3150000BE7050F19BD94A13EEB4284CF0A686C1251F73
S3150000BE80035FC270CB9E4916E642889C44EB2014A1
S3150000BE90B0650836AD6EA58585F0CA14E2FD031AB5
S3150000BEA00B899979D5B13D09D8DA973A35EBCF1098
S3150000BEB0AC363F5E73BB38CF3E6752FA44AFBA1515
S3150000BEC00100000000000000050000000000000066
S3150000BED019000000000000007D00000000000000C6
S3150000BEE07102000000000000350C00000000000098
S3150000BEF0093D0000000000002D3101000000000097
S3150000BF00E1F505000000000065CD1D000000000001
S3150000BF10F902950000000000DD0EE90200000000B5
S3150000BF20514A8D0E000000009573C24800000000C3
S3150000BF30E941CC6B010000008D49FD1A07000000A5
S3150000BF40C16FF28623000000C52EBCA2B10000001E
S3150000BF50D9E9AC2D780300003D9160E4581100004A
S3150000BF6031D6E275BC560000F52E6E4DAEB101001D
S3150000BF70C9EA268367780800ED95C28F055A2A001C
S3150000BF80A1EDCCCE1BC2D30025A4000A8BCA220485
S3150000BF90000000000000000000000000000000009B
S3150000BFA00000004095596959555554551555555633
S3150000BFB004051541105455404551554440455044DB
S3150000BFC05055554500400040400444966555565529
S3150000BFD0454045545141154055915555555540518B
S3150000BFE005010000D4D4D4D40100000000000000F4
S3150000BFF00000000000000020345065C05FC9A65252
S3150000C000BB13CBAEC440C21806C8DF7100D5A87CEE
S3150000C010F56F0FDA58FC27136E4756357D242065D9
S3150000C02002C7E768E48CA41DE9E60268D7CD39614A
S3150000C0307977FCC2405BEF16798CDE43FFA751F996
S3150000C04091F3B278F5BDBE11E857E9D6E8BEE87BB4
S3150000C050B054AC8F848D751BEA23A499E9F9D38B70
S3150000C060B7A3714061DA3E15CEE33ECB73F94808BB
S3150000C0708C97B427D51B7010A2BFEFB9EB8532158C
S3150000C0804DB44DB49BBB6F1996B6076CF8E7EEAD91
S3150000C09036D9B4F59135AE13222218AF4E6A684DE3
S3150000C0A091DAAA3D4F40741E9FBD9EE006A1C0983E
S3150000C0B057C2A7FDA40E90170E7D497173E3208F1A
S3150000C0C0B220D87605143B12853D7434811343B0F3
S3150000C0D0AD297A5F27F4351C54455454455505045B
S3150000C0E0001004101404400000000140555515418D
S3150000C0F054040000440001000000004041000044D8
S3150000C1005044455054005555545565510040004023
S3150000C1100100000100050100115451515455550507
S3150000C1200015415000000440100104050000000005
S3150000C130000000000000000006D0CF43EBFD4C3E9F
S3150000C14000000000000000000000004003B8E23FCD
S3150000C150763C7935EF39EA3D763C7935EF39EABDFB
S3150000C160000000000000E03F000000000000E0BF0B
S3150000C170000000000000F03F000000000000F83F53
S3150000C18000000000020000000100000003000000A3
S3150000C1900000E0FE422EE63F0000E0FE422EE6BF33
S3150000C1A000000406362E342E30004275696C742069
S3150000C1B0776974682052656E657361732041647691
S3150000C1C0616E63656420466C657869626C652053B0
S3150000C1D06F667477617265205061636B6167652075
S3130000C1E076657273696F6E20362E342E30002F
S3090100A100FFFFFFFF58
S3090100A200FFFDFFFF59
S3090100A280F8F8FFFFE5
S70500003119B0
